source_term,translated_term,frequency,files_count,priority,category,example_files
the,在追蹤系統上回報改進建議的過程簡介。,2679,319,High,Common Terms,errors.po; monitoring.po; about.po; unittest.po; frameworks.po
and,一份 GitHub 網頁的清單，裡面有各個說明文件翻譯團隊的連結，以及他們的主要聯絡人。,1310,257,High,Common Terms,free-threading-extensions.po; venv.po; ftplib.po; errors.po; urllib.request.po
func,"有幾種方法可以建立一個鍵函式。例如，:meth:`str.lower` method 可以作為不分大小寫排序的鍵函式。或者，一個鍵函式也可以從 :keyword:`lambda` 運算式被建造，例如 ``lambda r: (r[0], r[2])``。另外，:func:`operator.attrgetter`、:func:`operator.itemgetter` 和 :func:`operator.methodcaller` 為三個鍵函式的建構函式 (constructor)。關於如何建立和使用鍵函式的範例，請參閱\ :ref:`如何排序 <sortinghowto>`。",1077,121,High,Common Terms,free-threading-extensions.po; turtle.po; random.po; init.po; hash.po
class,abstract base class（抽象基底類別）,921,141,High,Core Concepts,venv.po; ftplib.po; urllib.request.po; http.cookiejar.po; random.po
for,一份 GitHub 網頁的清單，裡面有各個說明文件翻譯團隊的連結，以及他們的主要聯絡人。,858,232,High,Common Terms,free-threading-extensions.po; turtle.po; ftplib.po; errors.po; monitoring.po
mod,請參閱 :ref:`finders-and-loaders` 和 :mod:`importlib` 以了解更多細節。,841,299,High,Common Terms,venv.po; turtle.po; ftplib.po; monitoring.po; urllib.request.po
python,`問題追蹤系統 <https://devguide.python.org/tracker/>`_,690,173,High,Common Terms,venv.po; turtle.po; random.po; embedding.po; about.po
module,extension module（擴充模組）,565,202,High,Core Concepts,venv.po; turtle.po; ftplib.po; urllib.request.po; http.cookiejar.po
None,如果一個物件是不滅的，它的\ :term:`參照計數 <reference count>`\ 永遠不會被修改，因此在直譯器運行時它永遠不會被釋放。例如，:const:`True` 和 :const:`None` 在 CPython 中是不滅的。,518,121,High,Keywords/Constants,venv.po; turtle.po; ftplib.po; errors.po; urllib.request.po
SOURCE,BEOPEN PYTHON OPEN SOURCE LICENSE AGREEMENT VERSION 1,463,216,High,Common Terms,venv.po; turtle.po; ftplib.po; urllib.request.po; http.cookiejar.po
meth,使用自訂的 :meth:`~object.__new__`,444,71,High,Common Terms,zipfile.po; typehints.po; ftplib.po; random.po; http.cookiejar.po
return,函式參數或回傳值的一個 :term:`annotation`\ （註釋）。,434,114,High,Keywords/Constants,ftplib.po; errors.po; random.po; http.cookiejar.po; unittest.po
True,如果一個物件是不滅的，它的\ :term:`參照計數 <reference count>`\ 永遠不會被修改，因此在直譯器運行時它永遠不會被釋放。例如，:const:`True` 和 :const:`None` 在 CPython 中是不滅的。,430,95,High,Keywords/Constants,venv.po; turtle.po; http.cookiejar.po; zipimport.po; unittest.po
Added,新增 ``style`` 參數。,424,132,High,Common Terms,venv.po; ftplib.po; monitoring.po; urllib.request.po; random.po
object,一個由 :term:`asynchronous generator`\ （非同步產生器）函式所建立的物件。,418,122,High,Core Concepts,turtle.po; urllib.request.po; http.cookiejar.po; bool.po; init.po
data,一個能夠讀取和寫入 :term:`bytes-like objects <bytes-like object>`\ （類位元組串物件）的 :term:`file object`\ （檔案物件）。二進位檔案的例子有：以二進位模式（``'rb'``、``'wb'`` 或 ``'rb+'``）開啟的檔案、:data:`sys.stdin.buffer <sys.stdin>`、:data:`sys.stdout.buffer <sys.stdout>`，以及 :class:`io.BytesIO` 和 :class:`gzip.GzipFile` 實例。,387,119,High,Common Terms,turtle.po; ftplib.po; urllib.request.po; bool.po; init.po
with,處理錯誤 (Bug),370,136,High,Common Terms,venv.po; ftplib.po; errors.po; http.cookiejar.po; zipimport.po
objects,*不滅物件 (Immortal objects)* 是 :pep:`683` 引入的 CPython 實作細節。,363,132,High,Common Terms,turtle.po; ftplib.po; iterator.po; urllib.request.po; http.cookiejar.po
code,"在 Windows 上，它是 ANSI 代碼頁（code page，例如 ``""cp1252""``\ ）。",352,240,High,Common Terms,venv.po; turtle.po; ftplib.po; urllib.request.po; http.cookiejar.po
type,一種程式設計風格，它不是藉由檢查一個物件的型別來確定它是否具有正確的介面；取而代之的是，method 或屬性會單純地被呼叫或使用。（「如果它看起來像一隻鴨子而且叫起來像一隻鴨子，那麼它一定是一隻鴨子。」）因為強調介面而非特定型別，精心設計的程式碼能讓多形替代 (polymorphic substitution) 來增進它的靈活性。鴨子型別要避免使用 :func:`type` 或 :func:`isinstance` 進行測試。（但是請注意，鴨子型別可以用\ :term:`抽象基底類別 (abstract base class) <abstract base class>` 來補充。）然而，它通常會採用 :func:`hasattr` 測試，或是 :term:`EAFP` 程式設計風格。,345,95,High,Core Concepts,venv.po; http.cookiejar.po; init.po; hash.po; csv.po
ref,請參閱 :ref:`finders-and-loaders` 和 :mod:`importlib` 以了解更多細節。,334,106,High,Common Terms,turtle.po; errors.po; embedding.po; unittest.po; builtins.po
use,如何安裝、設定與使用 Python,321,88,High,Common Terms,venv.po; ftplib.po; http.cookiejar.po; zipimport.po; asyncore.po
function,呼叫函式時被傳遞給 :term:`function`\ （或 :term:`method`\ ）的值。引數有兩種：,315,116,High,Core Concepts,venv.po; random.po; bool.po; init.po; hash.po
see,一個 :class:`contextvars.Context` 物件。另請參閱 :term:`current context`。,304,100,High,Common Terms,venv.po; turtle.po; errors.po; monitoring.po; http.cookiejar.po
this,可以寫成這樣，更具有可讀性： ::,303,141,High,Common Terms,errors.po; urllib.request.po; numeric.po; http.cookiejar.po; about.po
pep,*不滅物件 (Immortal objects)* 是 :pep:`683` 引入的 CPython 實作細節。,298,66,High,Common Terms,venv.po; asyncio-future.po; 3.8.po; glossary.po; 2.4.po
example,一個簡單範例,279,153,High,Common Terms,venv.po; turtle.po; errors.po; random.po; http.cookiejar.po
file,binary file（二進位檔案）,276,97,High,Common Terms,venv.po; ftplib.po; http.cookiejar.po; zipimport.po; unittest.po
following,:mod:`http.cookies` 模組包含以下聲明： ::,245,128,High,Common Terms,ftplib.po; urllib.request.po; numeric.po; http.cookiejar.po; random.po
are,*不滅物件 (Immortal objects)* 是 :pep:`683` 引入的 CPython 實作細節。,242,120,High,Common Terms,errors.po; monitoring.po; numeric.po; http.cookiejar.po; urllib.request.po
name,:dfn:`關鍵字引數 (keyword argument)`：在函式呼叫中，以識別字（identifier，例如 ``name=``\ ）開頭的引數，或是以 ``**`` 後面 dictionary（字典）內的值被傳遞的引數。例如，``3`` 和 ``5`` 都是以下 :func:`complex` 呼叫中的關鍵字引數： ::,240,96,High,Common Terms,venv.po; turtle.po; http.cookiejar.po; zipimport.po; unittest.po
int,函式註釋通常被使用於\ :term:`型別提示 <type hint>`：例如，這個函式預期會得到兩個 :class:`int` 引數，並會有一個 :class:`int` 回傳值： ::,239,61,High,Built-in Types,ftplib.po; random.po; glossary.po; 3.8.po; xmlrpc.client.po
path,import path（引入路徑）,237,58,High,Common Terms,venv.po; zipfile.po; 3.8.po; glossary.po; http.cookiejar.po
False,將 ``logging.logThreads`` 設為 ``False``。,232,72,High,Keywords/Constants,venv.po; zipfile.po; turtle.po; asyncio-future.po; urllib.request.po
lib,$ pybabel extract -o messages.po /usr/lib/python3.12/argparse.py,232,205,High,Common Terms,venv.po; turtle.po; ftplib.po; urllib.request.po; http.cookiejar.po
from,源自,227,96,High,Common Terms,turtle.po; ftplib.po; errors.po; random.po; http.cookiejar.po
functions,UUencode 與 UUdecode 函式,224,123,High,Common Terms,urllib.request.po; random.po; xmlrpc.client.po; unittest.po; csv.po
parameter,另請參閱術語表的 :term:`parameter`\ （參數）條目、常見問題中的\ :ref:`引數和參數之間的差異 <faq-argument-vs-parameter>`，以及 :pep:`362`。,213,91,High,Common Terms,venv.po; ftplib.po; random.po; http.cookiejar.po; xmlrpc.client.po
exc,導致 :exc:`!UnboundLocalError`：,212,65,High,Common Terms,getpass.po; zipfile.po; errors.po; urllib.request.po; http.cookiejar.po
const,內建常數 :const:`Ellipsis`。,205,31,Medium,Other,glossary.po; http.cookiejar.po; urllib.parse.po; typeobj.po; extending.po
NULL,回傳值：總是為 NULL。,204,47,Medium,Other,typehints.po; bytearray.po; frame.po; method.po; contextvars.po
list,一份 GitHub 網頁的清單，裡面有各個說明文件翻譯團隊的連結，以及他們的主要聯絡人。,200,79,High,Built-in Types,ftplib.po; unittest.po; frameworks.po; doctest.po; csv.po
or,一個能夠讀取和寫入 :term:`bytes-like objects <bytes-like object>`\ （類位元組串物件）的 :term:`file object`\ （檔案物件）。二進位檔案的例子有：以二進位模式（``'rb'``、``'wb'`` 或 ``'rb+'``）開啟的檔案、:data:`sys.stdin.buffer <sys.stdin>`、:data:`sys.stdout.buffer <sys.stdout>`，以及 :class:`io.BytesIO` 和 :class:`gzip.GzipFile` 實例。,198,79,High,Common Terms,venv.po; ftplib.po; urllib.request.po; http.cookiejar.po; xmlrpc.client.po
set,set comprehension（集合綜合運算）,189,76,High,Built-in Types,venv.po; datatypes.po; ftplib.po; bytearray.po; syslog.po
new,new-style class（新式類別）,185,63,High,Common Terms,venv.po; zipfile.po; ftplib.po; bytearray.po; 3.8.po
auditing event auditing,引發一個不附帶引數的\ :ref:`稽核事件 <auditing>` ``cpython._PySys_ClearAuditHooks``。,182,42,Medium,Other,ftplib.po; poplib.po; urllib.request.po; signal.po; syslog.po
Instead,作為替代，如果我們在啟用 ``perf`` 支援的情況下執行相同的實驗，我們會得到：,181,37,Medium,Other,http.cookiejar.po; zipimport.po; asyncore.po; importlib.po; index.po
bytes,bytes-like object（類位元組串物件）,178,55,High,Common Terms,apiabiversion.po; datatypes.po; zipfile.po; ftplib.po; glossary.po
support,Python 自由執行緒的實驗性支援,178,90,High,Common Terms,free-threading-extensions.po; venv.po; ftplib.po; cgi.po; urllib.request.po
method,呼叫函式時被傳遞給 :term:`function`\ （或 :term:`method`\ ）的值。引數有兩種：,177,63,High,Core Concepts,zipfile.po; typehints.po; turtle.po; urllib.request.po; glossary.po
value,函式參數或回傳值的一個 :term:`annotation`\ （註釋）。,176,74,High,Common Terms,apiabiversion.po; zipfile.po; turtle.po; random.po; glossary.po
default,我們剛剛引入了另一個關鍵字 ``default``。我們將其設為 ``0``，以便使其與其他 int 值進行比較。請記住，預設情況下，如果未指定可選引數，它將獲得 ``None`` 值，並且不能與 int 值進行比較（因此會出現 :exc:`TypeError` 例外）。,175,65,High,Common Terms,venv.po; zipfile.po; ftplib.po; urllib.request.po; random.po
Also,一個 :class:`contextvars.Context` 物件。另請參閱 :term:`current context`。,174,77,High,Common Terms,venv.po; turtle.po; random.po; http.cookiejar.po; init.po
Can,可以表示：,173,79,High,Common Terms,venv.po; turtle.po; errors.po; urllib.request.po; random.po
attribute,attribute（屬性）,172,50,High,Common Terms,asyncio-future.po; glossary.po; frame.po; http.cookiejar.po; unittest.po
str,另請參閱 :term:`text file`\ （文字檔案），它是一個能夠讀取和寫入 :class:`str` 物件的檔案物件。,167,54,High,Built-in Types,datatypes.po; zipfile.po; random.po; glossary.po; frame.po
string,f-string（f 字串）,167,73,High,Common Terms,turtle.po; ftplib.po; bytearray.po; urllib.request.po; glossary.po
import,import path（引入路徑）,165,76,High,Keywords/Constants,turtle.po; glossary.po; zipimport.po; unittest.po; abc.po
exception,STRICT --> 當遇到無效值時引發例外,157,62,High,Exceptions,ftplib.po; errors.po; bytearray.po; http.cookiejar.po; frame.po
sys,:mod:`!sys` 函式優先於 :option:`!-X` 選項、:option:`!-X` 選項優先於環境變數。,151,56,High,Common Terms,zipfile.po; monitoring.po; 3.8.po; importlib.po; toplevel_components.po
abc,抽象基底類別（又稱為 ABC）提供了一種定義介面的方法，作為 :term:`duck-typing`\ （鴨子型別）的補充。其他類似的技術，像是 :func:`hasattr`，則顯得笨拙或是帶有細微的錯誤（例如使用\ :ref:`魔術方法 (magic method) <special-lookup>`\ ）。ABC 採用虛擬的 subclass（子類別），它們並不繼承自另一個 class（類別），但仍可被 :func:`isinstance` 及 :func:`issubclass` 辨識；請參閱 :mod:`abc` 模組的說明文件。Python 有許多內建的 ABC，用於資料結構（在 :mod:`collections.abc` 模組）、數字（在 :mod:`numbers` 模組）、串流（在 :mod:`io` 模組）及 import 尋檢器和載入器（在 :mod:`importlib.abc` 模組）。你可以使用 :mod:`abc` 模組建立自己的 ABC。,149,29,Medium,Other,glossary.po; zipimport.po; 3.2.po; abc.po; importlib.po
API,provisional API（暫行 API）,148,61,High,Common Terms,free-threading-extensions.po; apiabiversion.po; ftplib.po; bytearray.po; monitoring.po
keyword,keyword argument（關鍵字引數）,146,52,High,Common Terms,email.utils.po; zipfile.po; ftplib.po; errors.po; asyncio-future.po
attr,:attr:`~Enum._name_` -- 成員的名稱,146,43,Medium,Other,urllib.request.po; frame.po; refcounting.po; unittest.po; importlib.po
importlib,請參閱 :ref:`finders-and-loaders` 和 :mod:`importlib` 以了解更多細節。,144,29,Medium,Other,glossary.po; zipimport.po; importlib.po; index.po; 3.5.po
not,請注意，順序並不重要。,141,69,High,Common Terms,venv.po; zipfile.po; asyncio-future.po; http.cookiejar.po; frame.po
was,當初為什麼 Python 會被創造出來？,140,63,High,Common Terms,zipfile.po; ftplib.po; asyncio-future.po; urllib.request.po; http.cookiejar.po
event,發出一個 ``PY_START`` 事件。,140,28,Medium,Other,monitoring.po; asyncio-future.po; asyncio-dev.po; index.po; sched.po
methods,:ref:`方法 <instance-methods>`\ 描述器,134,75,High,Common Terms,zipfile.po; ftplib.po; http.server.po; urllib.request.po; http.cookiejar.po
changes,對 Python 提出不相容的變更建議是否適當？,129,22,Medium,Other,3.8.po; 2.4.po; 3.2.po; 2.3.po; 3.5.po
modules,安裝 Python 模組,128,63,High,Common Terms,venv.po; datatypes.po; 3.8.po; numeric.po; custominterp.po
line,``$arg3`` : ``int`` 列號,127,67,High,Common Terms,zipfile.po; http.server.po; errors.po; monitoring.po; random.po
number,complex number（複數）,125,59,High,Common Terms,apiabiversion.po; zipfile.po; random.po; glossary.po; gc.po
deprecated,soft deprecated（軟性棄用）,121,32,Medium,Other,ftplib.po; 3.8.po; glossary.po; 3.2.po; importlib.po
command,如果你嘗試建立 DOS 指令的路徑名稱，試試看使用以下的範例： ::,120,61,High,Common Terms,venv.po; zipfile.po; ftplib.po; http.server.po; random.po
print,例如在下面程式碼中的 ``inner`` 函式中，``x`` 和 ``print`` 都是\ :term:`自由變數 <free variable>`，但只有 ``x`` 是\ *閉包變數*： ::,118,61,High,Common Terms,zipfile.po; errors.po; random.po; glossary.po; 2.4.po
All,Copyright © 2001-2024 Python Software Foundation. All rights reserved.,118,67,High,Common Terms,apiabiversion.po; turtle.po; random.po; http.cookiejar.po; zipimport.po
examples,使用這些函式讓上面的範例變得更簡單且快速：,117,84,High,Common Terms,urllib.request.po; http.cookiejar.po; random.po; zipimport.po; doctest.po
asyncio,asyncio,116,36,Medium,Other,asyncio-future.po; 3.8.po; asyncore.po; asyncio-dev.po; contextvars.po
more,請參閱 :ref:`finders-and-loaders` 和 :mod:`importlib` 以了解更多細節。,114,57,High,Common Terms,venv.po; errors.po; urllib.request.po; glossary.po; signal.po
How,如何安裝、設定與使用 Python,114,35,Medium,Other,venv.po; typehints.po; signal.po; queue.po; clinic.po
ssl,如果 OpenSSL 函式庫可被作業系統使用，則 :mod:`hashlib`、:mod:`posix`、:mod:`ssl` 模組會使用它來提升效能。此外，因為 Windows 和 macOS 的 Python 安裝程式可能包含 OpenSSL 函式庫的副本，所以我們也在此收錄 OpenSSL 授權的副本。對於 OpenSSL 3.0 版本以及由此衍生的更新版本則適用 Apache 許可證 v2： ::,113,22,Medium,Other,ftplib.po; urllib.request.po; 3.8.po; 3.2.po; index.po
argument,argument（引數）,112,64,High,Common Terms,zipfile.po; asyncio-future.po; urllib.request.po; glossary.po; http.cookiejar.po
Using,使用 Python 問題追蹤系統,111,65,High,Common Terms,zipfile.po; turtle.po; ftplib.po; random.po; sockets.po
has,提交的表單中有兩個欄位，「Title」及「Comment」。,111,67,High,Common Terms,http.server.po; poplib.po; http.cookiejar.po; email.headerregistry.po; unittest.po
time,自腳本開始以來的時間（以微秒為單位）,110,26,Medium,Other,3.8.po; 3.2.po; classes.po; 3.5.po; 3.13.po
options,短選項,109,42,Medium,Other,venv.po; zipfile.po; http.server.po; random.po; trace.po
now,2001 至今,107,61,High,Common Terms,venv.po; zipfile.po; random.po; http.cookiejar.po; signal.po
self,一個在 class 本體內被定義的函式。如果 method 作為其 class 實例的一個屬性被呼叫，則它將會得到該實例物件成為它的第一個 :term:`argument`\ （引數）（此引數通常被稱為 ``self``）。請參閱 :term:`function`\ （函式）和 :term:`nested scope`\ （巢狀作用域）。,106,38,Medium,Other,ftplib.po; poplib.po; glossary.po; 3.2.po; unittest.po
types,為何要把元組 (tuple) 和串列 (list) 分成兩個資料型態？,106,40,Medium,Other,datatypes.po; method.po; builtins.po; index.po; 3.5.po
float,CPython 的 :class:`float` 型別使用了 C 的 ``double`` 型別來儲存。一個 :class:`float` 物件的值會以固定的精度（通常為 53 位元）存為二進制浮點數，Python 使用 C 來運算浮點數，而他的結果會依處理器中的硬體實作方式來決定。這表示就浮點數運算來說，Python 和 C、Java 等很多受歡迎的語言有一樣的行為。,105,35,High,Built-in Types,random.po; 3.8.po; xmlrpc.client.po; struct.po; gc.po
https,`問題追蹤系統 <https://devguide.python.org/tracker/>`_,104,44,Medium,Other,zipfile.po; http.cookiejar.po; 2.4.po; xmlrpc.client.po; trace.po
def,"def f(arg):
    ...
f = staticmethod(f)

@staticmethod
def f(arg):
    ...",104,46,High,Keywords/Constants,turtle.po; 3.8.po; glossary.po; 2.4.po; 3.2.po
ValueError,刪除 list 中第一個值等於 *x* 的元素。若 list 中無此元素則會觸發 :exc:`ValueError`。,103,48,High,Exceptions,zipfile.po; ftplib.po; errors.po; random.po; http.cookiejar.po
arguments,位置引數的介紹,102,49,Medium,Other,zipfile.po; random.po; http.cookiejar.po; zlib.po; unittest.po
option,現在呼叫我們的程式時需要指定一個選項。,102,37,Medium,Other,email.utils.po; zipfile.po; http.server.po; venv.po; random.po
returns,":func:`map(f, iterA, iterB, ...) <map>` 回傳一個元素為序列的疊代器",102,50,High,Common Terms,zipfile.po; urllib.request.po; signal.po; frame.po; functional.po
await,一個非同步產生器函式可能包含 :keyword:`await` 運算式，以及 :keyword:`async for` 和 :keyword:`async with` 陳述式。,100,15,High,Keywords/Constants,expressions.po; asyncio-api-index.po; 3.10.po; 3.11.po; glossary.po
error,filesystem encoding and error handler（檔案系統編碼和錯誤處理函式）,100,59,High,Exceptions,zipfile.po; bytearray.po; urllib.request.po; glossary.po; frame.po
with arguments,引發一個附帶引數 ``fd``、``cmd``、``arg`` 的\ :ref:`稽核事件 <auditing>` ``fcntl.fcntl``。,100,29,Medium,Other,ftplib.po; poplib.po; urllib.request.po; signal.po; syslog.po
foo,"def func(foo, bar=None): ...",99,28,Medium,Other,glossary.po; 3.2.po; abc.po; unittest.mock-examples.po; doctest.po
that,請注意，新功能也反映在幫助文字中。,99,56,High,Common Terms,installed.po; turtle.po; asyncio-future.po; http.cookiejar.po; trace.po
socket,:mod:`socket` 模組使用 :c:func:`!getaddrinfo` 和 :c:func:`!getnameinfo` 函式，它們在 WIDE 專案（https://www.wide.ad.jp/）內，於不同的原始檔案中被編碼： ::,98,30,Medium,Other,3.8.po; signal.po; sockets.po; 3.2.po; asyncore.po
protocol,context management protocol（情境管理協定）,97,37,Medium,Other,nntplib.po; http.server.po; ftplib.po; poplib.po; urllib.request.po
built,內建常數 :const:`Ellipsis`。,96,55,High,Common Terms,errors.po; glossary.po; filesys.po; functional.po; abc.po
exceptions,例外處理有多快？,95,51,High,Exceptions,getpass.po; errors.po; signal.po; queue.po; builtins.po
collections,:mod:`collections` 模組提供了一個 :class:`~collections.deque` 物件，它像是 list，但從左側加入 (append) 和彈出 (pop) 的速度較快，而在中間查找的速度則較慢。這種物件適用於實作佇列 (queue) 和廣度優先搜尋法 (breadth first tree search)： ::,94,23,Medium,Other,3.8.po; 3.2.po; abc.po; gc.po; 3.5.po
dict,一個能夠被參數化 (parameterized) 的 :term:`type`\ （型別）；通常是一個 :ref:`容器型別 <sequence-types>`，像是 :class:`list` 和 :class:`dict`。它被用於\ :term:`型別提示 <type hint>`\ 和\ :term:`註釋 <annotation>`。,92,30,High,Built-in Types,datatypes.po; glossary.po; unittest.mock-examples.po; index.po; annotations.po
open,實際上，有三種檔案物件：原始的\ :term:`二進位檔案 <binary file>`、緩衝的\ :term:`二進位檔案 <binary file>`\ 和\ :term:`文字檔案 <text file>`。它們的介面在 :mod:`io` 模組中被定義。建立檔案物件的標準方法是使用 :func:`open` 函式。,91,39,Medium,Other,zipfile.po; shelve.po; errors.po; urllib.request.po; glossary.po
mode,使用偵錯建置與使用開發模式,90,33,Medium,Other,zipfile.po; turtle.po; ftplib.po; asyncio-dev.po; toplevel_components.po
When,註釋變數或 class 屬性時，賦值是選擇性的： ::,89,53,High,Common Terms,getpass.po; ftplib.po; errors.po; asyncio-future.po; glossary.po
Windows,"在 Windows 上，它是 ANSI 代碼頁（code page，例如 ``""cp1252""``\ ）。",88,32,Medium,Other,free-threading-extensions.po; venv.po; glossary.po; signal.po; toplevel_components.po
used,:func:`locale.getencoding` 可以用來取得區域編碼。,86,61,High,Common Terms,venv.po; asyncio-future.po; random.po; glossary.po; frame.po
equivalent,"是否有等效於 C 的 ""?:"" 三元運算子？",86,32,Medium,Other,random.po; http.cookiejar.po; 3.8.po; queue.po; reprlib.po
pickle,:mod:`pickle` - pickle 模組,86,20,Medium,Other,shelve.po; 3.8.po; copyreg.po; struct.po; inputoutput.po
read,一個讓使用者透過檔案導向 (file-oriented) API（如 :meth:`!read` 或 :meth:`!write` 等 method）來操作底層資源的物件。根據檔案物件被建立的方式，它能夠協調對真實磁碟檔案或是其他類型的儲存器或通訊裝置（例如標準輸入／輸出、記憶體內緩衝區、socket（插座）、管線 (pipe) 等）的存取。檔案物件也被稱為\ :dfn:`類檔案物件 (file-like object)` 或\ :dfn:`串流 (stream)`。,84,48,Medium,Other,zipfile.po; ftplib.po; glossary.po; sockets.po; email.headerregistry.po
Only,（只有部分成員是穩定 ABI 的一部分。）,84,45,Medium,Other,zipfile.po; asyncio-future.po; http.cookiejar.po; email.headerregistry.po; contextvars.po
defines,我的類別定義了 __del__ 但是當我刪除物件時它沒有被呼叫。,83,53,High,Common Terms,zipfile.po; http.server.po; syslog.po; urllib.request.po; http.cookiejar.po
alias,type alias（型別別名）,81,34,Medium,Other,zipfile.po; http.cookiejar.po; glossary.po; signal.po; zipimport.po
you,"import logging
logging.warning('%s before you %s', 'Look', 'leap!')",81,38,Medium,Other,venv.po; errors.po; abc.po; unittest.mock-examples.po; annotations.po
values,STRICT --> 當遇到無效值時引發例外,81,46,Medium,Other,signal.po; gc.po; unittest.mock-examples.po; operator.po; index.po
http,:mod:`http.cookies` 模組包含以下聲明： ::,80,26,Medium,Other,http.server.po; urllib.request.po; http.cookiejar.po; zlib.po; 3.2.po
macro,:c:macro:`Py_BEGIN_ALLOW_THREADS` 和 :c:macro:`Py_END_ALLOW_THREADS`,80,23,Medium,Other,free-threading-extensions.po; monitoring.po; method.po; init.po; index.po
usage,Python 的設置與使用,79,55,High,Common Terms,random.po; http.cookiejar.po; trace.po; functional.po; abc.po
written,以 Python 編寫的模組 (.py)；,79,21,Medium,Other,3.2.po; refcounting.po; sqlite3.po; 3.5.po; 2.7.po
unittest,一個針對模組的好測試套件提供了迴歸測試 (regression testing)，並作為模組介面規範和一組範例。許多 Python 模組可以直接當成腳本執行，並提供簡單的「自我測試」。即便模組使用了複雜的外部介面，他依然可以用外部介面的簡單的「樁」(stub) 模擬來獨立測試。:mod:`doctest` 和 :mod:`unittest` 模組或第三方的測試框架可以用來建構詳盡徹底的測試套件來測試模組裡的每一行程式碼。,79,20,Medium,Other,3.8.po; 3.2.po; unittest.po; unittest.mock-examples.po; 3.5.po
like,bytes-like object（類位元組串物件）,78,50,High,Common Terms,zipfile.po; asyncio-future.po; glossary.po; http.cookiejar.po; inputoutput.po
VERSION,PYTHON SOFTWARE FOUNDATION LICENSE VERSION 2,78,36,Medium,Other,venv.po; apiabiversion.po; zipfile.po; monitoring.po; ftplib.po
XML,XML 遠端程序呼叫,78,26,Medium,Other,3.8.po; xmlrpc.client.po; codec.po; 3.5.po; xml.sax.po
attributes,相同的做法也適用在有命名屬性的物件，例如：,78,45,Medium,Other,zipfile.po; http.server.po; http.cookiejar.po; zlib.po; unittest.mock-examples.po
other,發佈模組讓其他人可以使用,77,53,High,Common Terms,venv.po; 3.8.po; 2.4.po; 3.2.po; 2.3.po
statement,一段可以被評估並求值的語法。換句話說，一個運算式就是文字、名稱、屬性存取、運算子或函式呼叫等運算式元件的累積，而這些元件都能回傳一個值。與許多其他語言不同的是，並非所有的 Python 語言構造都是運算式。另外有一些 :term:`statement`\ （陳述式）不能被用作運算式，例如 :keyword:`while`。賦值 (assignment) 也是陳述式，而不是運算式。,76,29,Medium,Other,ftplib.po; errors.po; glossary.po; trace.po; operator.po
call,其餘部分表示腳本執行時的呼叫/回傳階層結構。,76,27,Medium,Other,monitoring.po; signal.po; 2.4.po; unittest.mock-examples.po; operator.po
Interface,建立 Address/Network/Interface 物件,75,57,High,Common Terms,zipfile.po; http.server.po; cgi.po; random.po; http.cookiejar.po
logging,logger = logging.getLogger(__name__),75,21,Medium,Other,3.8.po; 3.2.po; asyncio-dev.po; index.po; logging.config.po
Documentation,說明文件的錯誤,74,38,Medium,Other,http.cookiejar.po; about.po; functional.po; contents.po; 3.2.po
term,一個由 :term:`asynchronous generator`\ （非同步產生器）函式所建立的物件。,71,35,Medium,Other,zipfile.po; asyncio-future.po; glossary.po; frame.po; http.cookiejar.po
key,key function（鍵函式）,71,27,Medium,Other,glossary.po; index.po; bisect.po; expressions.po; weakref.po
encoding,filesystem encoding and error handler（檔案系統編碼和錯誤處理函式）,70,29,Medium,Other,zipfile.po; ftplib.po; glossary.po; email.headerregistry.po; inputoutput.po
context,asynchronous context manager（非同步情境管理器）,69,31,Medium,Other,zipfile.po; shelve.po; asyncio-future.po; urllib.request.po; glossary.po
write,一個讓使用者透過檔案導向 (file-oriented) API（如 :meth:`!read` 或 :meth:`!write` 等 method）來操作底層資源的物件。根據檔案物件被建立的方式，它能夠協調對真實磁碟檔案或是其他類型的儲存器或通訊裝置（例如標準輸入／輸出、記憶體內緩衝區、socket（插座）、管線 (pipe) 等）的存取。檔案物件也被稱為\ :dfn:`類檔案物件 (file-like object)` 或\ :dfn:`串流 (stream)`。,69,36,Medium,Other,zipfile.po; turtle.po; glossary.po; signal.po; sockets.po
classes,全部函式、類別和術語,69,51,High,Common Terms,http.server.po; urllib.request.po; http.cookiejar.po; queue.po; unittest.po
sequence,一種能夠一次回傳一個其中成員的物件。可疊代物件的例子包括所有的序列型別（像是 :class:`list`、:class:`str` 和 :class:`tuple`\ ）和某些非序列型別，像是 :class:`dict`、:term:`檔案物件 <file object>`，以及你所定義的任何 class 物件，只要那些 class 有實作 :term:`sequence`\ （序列）語意的 :meth:`~object.__iter__` 或是 :meth:`~object.__getitem__` method，該物件就是可疊代物件。,68,37,Medium,Other,random.po; glossary.po; http.cookiejar.po; functional.po; uuid.po
get,:func:`locale.getencoding` 可以用來取得區域編碼。,68,34,Medium,Other,urllib.request.po; glossary.po; frame.po; queue.po; index.po
Library,函式庫參考手冊,68,32,Medium,Other,syslog.po; urllib.request.po; zlib.po; android.po; index.po
obj,"class Ten:
    def __get__(self, obj, objtype=None):
        return 10",68,22,Medium,Other,asyncio-future.po; functional.po; operator.po; call.po; typeobj.po
threading,free threading（自由執行緒）,67,26,Medium,Other,free-threading-extensions.po; 3.8.po; glossary.po; signal.po; 3.2.po
tuple,一種能夠一次回傳一個其中成員的物件。可疊代物件的例子包括所有的序列型別（像是 :class:`list`、:class:`str` 和 :class:`tuple`\ ）和某些非序列型別，像是 :class:`dict`、:term:`檔案物件 <file object>`，以及你所定義的任何 class 物件，只要那些 class 有實作 :term:`sequence`\ （序列）語意的 :meth:`~object.__iter__` 或是 :meth:`~object.__getitem__` method，該物件就是可疊代物件。,67,37,High,Built-in Types,datatypes.po; glossary.po; http.cookiejar.po; signal.po; index.po
random,變數被儲存的地方。命名空間是以 dictionary（字典）被實作。有區域的、全域的及內建的命名空間，而在物件中（在 method 中）也有巢狀的命名空間。命名空間藉由防止命名衝突，來支援模組化。例如，函式 :func:`builtins.open <.open>` 和 :func:`os.open` 是透過它們的命名空間來區分彼此。命名空間也藉由明確地區分是哪個模組在實作一個函式，來增進可讀性及可維護性。例如，寫出 :func:`random.seed` 或 :func:`itertools.islice` 明確地表示，這些函式分別是由 :mod:`random` 和 :mod:`itertools` 模組在實作。,67,20,Medium,Other,random.po; glossary.po; 3.2.po; uuid.po; classes.po
args,"def func(*args, **kwargs): ...",66,35,Medium,Other,errors.po; glossary.po; 2.4.po; unittest.po; asyncio-dev.po
any,CONFORM --> 捨棄任何無效位元,66,25,Medium,Other,asyncio-future.po; zlib.po; unittest.mock-examples.po; annotations.po; graphlib.po
parameters,引數 (arguments) 和參數 (parameters) 有什麼區別？,66,44,Medium,Other,turtle.po; ftplib.po; asyncio-future.po; expressions.po; sqlite3.po
instance,:ref:`方法 <instance-methods>`\ 描述器,65,35,Medium,Other,http.server.po; ftplib.po; errors.po; poplib.po; http.cookiejar.po
details,關於星號的更多細節，請參考\ :ref:`tut-unpacking-arguments`。,65,35,Medium,Other,asyncio-future.po; 3.8.po; unittest.po; 2.3.po; contextvars.po
Availability,可用性,64,60,High,Common Terms,getpass.po; http.server.po; ftplib.po; poplib.po; urllib.request.po
integer,"``randrange(a, b)`` 會選擇 [a, b) 範圍內的一個整數。",64,28,Medium,Other,apiabiversion.po; turtle.po; random.po; uuid.po; operator.po
-1,一個我們熟悉的實數系統的擴充，在此所有數字都會被表示為一個實部和一個虛部之和。虛數就是虛數單位（``-1`` 的平方根）的實數倍，此單位通常在數學中被寫為 ``i``，在工程學中被寫為 ``j``。Python 內建了對複數的支援，它是用後者的記法來表示複數；虛部會帶著一個後綴的 ``j`` 被編寫，例如 ``3+1j``。若要將 :mod:`math` 模組內的工具等效地用於複數，請使用 :mod:`cmath` 模組。複數的使用是一個相當進階的數學功能。如果你沒有察覺到對它們的需求，那麼幾乎能確定你可以安全地忽略它們。,63,34,Medium,Other,zipfile.po; glossary.po; zlib.po; contextvars.po; index.po
have,你需要有：,63,45,Medium,Other,zipfile.po; ftplib.po; urllib.request.po; http.cookiejar.po; random.po
email,">>> import email.mime.text
>>> email.mime.text.__name__
'email.mime.text'",62,29,Medium,Other,email.utils.po; glossary.po; email.generator.po; email.headerregistry.po; 3.2.po
will,自從版本 {deprecated} 後不推薦使用，將會自版本 {removed} 中移除。,62,42,Medium,Other,venv.po; signal.po; unittest.po; annotations.po; graphlib.po
OSError,:exc:`OSError`,62,21,High,Exceptions,getpass.po; ftplib.po; http.cookiejar.po; signal.po; zipimport.po
package,另請參閱 :term:`package`\ （套件）。,61,31,High,Core Concepts,venv.po; glossary.po; 2.4.po; zipimport.po; android.po
text,">>> import email.mime.text
>>> email.mime.text.__name__
'email.mime.text'",61,32,Medium,Other,zipfile.po; ftplib.po; glossary.po; index.po; textwrap.po
level,在模組層級宣告的\ :ref:`函式 <user-defined-funcs>`\ 物件,61,41,Medium,Other,venv.po; urllib.request.po; zlib.po; unittest.po; asyncio-dev.po
files,在 Red Hat 上，請安裝 python3-devel RPM 來取得必要的檔案。,61,40,Medium,Other,venv.po; zipfile.po; zlib.po; filesys.po; zipimport.po
Format,格式,60,28,Medium,Other,zipfile.po; zlib.po; struct.po; inputoutput.po; logging.config.po
What,Python %(version)s 有什麼新功能？,60,36,Medium,Other,installed.po; 3.8.po; 2.4.po; 3.2.po; 2.3.po
removed,自從版本 {deprecated} 後不推薦使用，將會自版本 {removed} 中移除。,59,31,Medium,Other,ftplib.po; random.po; init.po; pydoc.po; 3.5.po
run,我們可以執行 ``perf`` 以 9999 赫茲取樣 CPU 堆疊追蹤 (stack trace)： ::,59,27,Medium,Other,venv.po; asyncio-future.po; trace.po; unittest.po; asyncio-dev.po
variable,class variable（類別變數）,58,33,Medium,Other,glossary.po; frame.po; contextvars.po; asyncio-dev.po; classes.po
complex,"complex(real=3, imag=5)
complex(**{'real': 3, 'imag': 5})",57,21,High,Built-in Types,glossary.po; unittest.mock-examples.po; index.po; lexical_analysis.po; sorting.po
Start,從這裡開始：Python 的語法與特性導覽,56,34,Medium,Other,random.po; unittest.po; gc.po; expressions.po; itertools.po
output,接者是結果：,56,32,Medium,Other,ftplib.po; random.po; zlib.po; unittest.po; asyncio-dev.po
close,嚴格來說，在關閉 socket 前，你應該使用 ``shutdown`` 函式。``shutdown`` 函式是發送給 socket 另一端的一個提醒。根據你傳遞的引數，它可以表示「我不會再發送任何訊息了，但我仍然會持續監聽」，或者是「我不會再繼續監聽了，真讚！」。然而，大多數的 socket 函式庫或程式設計師都習慣忽略這種禮節，因為通常情況下 ``close`` 跟 ``shutdown(); close()`` 是一樣的。所以在大多數情況下，不需要再特地使用 ``shutdown`` 了。,56,24,Medium,Other,zipfile.po; ftplib.po; sockets.po; unittest.mock-examples.po; init.po
Thread,執行緒安全,55,25,Medium,Other,free-threading-extensions.po; asyncio-dev.po; init.po; index.po; weakref.po
one,處理零或多個 (zero-or-more) 和一個或多個 (and one-or-more) 樣式的引數。,55,38,Medium,Other,zipfile.po; signal.po; gc.po; itertools.po; csv.po
RuntimeError,"... except (RuntimeError, TypeError, NameError):
...     pass",55,18,High,Exceptions,zipfile.po; 3.13.po; errors.po; smtplib.po; exceptions.po
raised,如果編解碼器引發例外則回傳 ``NULL``。,55,39,Medium,Other,getpass.po; zipfile.po; ftplib.po; asyncio-future.po; http.cookiejar.po
base,abstract base class（抽象基底類別）,54,30,Medium,Other,venv.po; glossary.po; email.headerregistry.po; abc.po; isolating-extensions.po
current,一個 :class:`contextvars.Context` 物件。另請參閱 :term:`current context`。,54,29,Medium,Other,zipfile.po; ftplib.po; glossary.po; signal.po; abc.po
__main__,直譯器關閉的主要原因，是 ``__main__`` 模組或正被運行的腳本已經執行完成。,54,22,Medium,Other,glossary.po; 2.4.po; unittest.po; toplevel_components.po; init.po
optional,註釋變數或 class 屬性時，賦值是選擇性的： ::,54,34,Medium,Other,random.po; glossary.po; zlib.po; pwd.po; fileinput.po
Standard,標準函式庫與內建函式,54,41,Medium,Other,ftplib.po; random.po; http.cookiejar.po; filesys.po; android.po
org,`問題追蹤系統 <https://devguide.python.org/tracker/>`_,53,35,Medium,Other,http.cookiejar.po; 2.4.po; xmlrpc.client.po; functional.po; unittest.po
range,">>> sum(i*i for i in range(10))         # 平方之和 0, 1, 4, ... 81
285",53,20,Medium,Other,random.po; glossary.po; 2.3.po; doctest.po; itertools.po
here,從這裡開始：Python 的語法與特性導覽,53,41,Medium,Other,typehints.po; ftplib.po; random.po; functional.po; unittest.po
two,提交的表單中有兩個欄位，「Title」及「Comment」。,52,39,Medium,Other,getpass.po; 3.2.po; bugs.po; gc.po; codeop.po
some,（只有部分成員是穩定 ABI 的一部分。）,52,45,Medium,Other,zipfile.po; random.po; http.cookiejar.po; io.po; inputoutput.po
constants,或者你可以分別使用數字常數 0、1 和 2。,52,34,Medium,Other,syslog.po; signal.po; gc.po; token.po; asyncio-subprocess.po
size,以位元組為單位回傳結構 (``type``) ``member`` 的大小。,52,23,Medium,Other,zipfile.po; ftplib.po; bytearray.po; zlib.po; hash.po
try,Easier to ask for forgiveness than permission.（請求寬恕比請求許可更容易。）這種常見的 Python 編碼風格會先假設有效的鍵或屬性的存在，並在該假設被推翻時再捕獲例外。這種乾淨且快速的風格，其特色是存在許多的 :keyword:`try` 和 :keyword:`except` 陳述式。該技術與許多其他語言（例如 C）常見的 :term:`LBYL` 風格形成了對比。,51,19,Medium,Other,errors.po; glossary.po; importlib.po; inputoutput.po; 3.10.po
which,請參閱 :mod:`typing` 和 :pep:`484`，有此功能的描述。,51,40,Medium,Other,zipfile.po; random.po; glossary.po; signal.po; method.po
user,在模組層級宣告的\ :ref:`函式 <user-defined-funcs>`\ 物件,51,28,Medium,Other,getpass.po; errors.po; signal.po; index.po; expressions.po
filename,"logging.basicConfig(filename='example.log', filemode='w', level=logging.DEBUG)",51,29,Medium,Other,zipfile.po; ftplib.po; http.cookiejar.po; shutil.po; email.compat32-message.po
called,這個用語的來源是因為它做了以下三件事情：,51,24,Medium,Other,zipfile.po; asyncio-future.po; init.po; weakref.po; classes.po
there,"是否有可以使用在程式碼階段,具有中斷點,步驟執行等功能的除錯器？",51,26,Medium,Other,venv.po; frame.po; asyncio-dev.po; codeop.po; call.po
character,將 unicode 編碼錯誤替換為 XML 字元參照。,51,25,Medium,Other,uuid.po; expressions.po; codec.po; lexical_analysis.po; csv.po
names,有支援的 ``__dunder__`` 名稱,50,27,Medium,Other,zipfile.po; http.cookiejar.po; classes.po; call.po; netrc.po
Footnotes,註腳,50,50,High,Common Terms,email.utils.po; email.generator.po; xmlrpc.client.po; email.headerregistry.po; abc.po
mark,"probe process(""python"").mark(""function__entry"") {",50,27,Medium,Other,asyncio-future.po; 3.8.po; 3.2.po; struct.po; 2.7.po
environment,virtual environment（虛擬環境）,49,24,Medium,Other,venv.po; turtle.po; glossary.po; asyncio-dev.po; time.po
Available,可用的靜態標記,49,32,Medium,Other,venv.po; apiabiversion.po; zipfile.po; zlib.po; io.po
raise,為什麼 a_tuple[i] += ['item'] 做加法時會引發例外？,49,28,Medium,Other,errors.po; monitoring.po; signal.po; frame.po; contextvars.po
TypeError,錯誤訊息的最後一行指示發生了什麼事。例外有不同的類型，而類型名稱會作為訊息的一部份被印出。範例中的例外類型為：:exc:`ZeroDivisionError`、:exc:`NameError` 和 :exc:`TypeError`。作為例外類型被印出的字串，就是發生的內建例外 (built-in exception) 的名稱。所有的內建例外都是如此運作，但對於使用者自定的例外則不一定需要遵守（雖然這是一個有用的慣例）。標準例外名稱是內建的識別字 (identifier)，不是保留關鍵字 (reserved keyword)。,49,29,High,Exceptions,errors.po; random.po; copyreg.po; asyncio-future.po; uuid.po
directory,:attr:`openssl_capath` - hard coded 的 capath 目錄路徑,49,20,Medium,Other,zipfile.po; ftplib.po; http.server.po; filesys.po; unittest.po
except,Easier to ask for forgiveness than permission.（請求寬恕比請求許可更容易。）這種常見的 Python 編碼風格會先假設有效的鍵或屬性的存在，並在該假設被推翻時再捕獲例外。這種乾淨且快速的風格，其特色是存在許多的 :keyword:`try` 和 :keyword:`except` 陳述式。該技術與許多其他語言（例如 C）常見的 :term:`LBYL` 風格形成了對比。,48,15,Medium,Other,3.10.po; errors.po; appendix.po; glossary.po; datamodel.po
HTML,HTML,48,24,Medium,Other,urllib.request.po; http.cookiejar.po; xmlrpc.client.po; zlib.po; 3.2.po
same,作為替代，如果我們在啟用 ``perf`` 支援的情況下執行相同的實驗，我們會得到：,48,30,Medium,Other,random.po; inputoutput.po; unittest.mock-examples.po; toplevel_components.po; sorting.po
process,在追蹤系統上回報改進建議的過程簡介。,47,28,Medium,Other,signal.po; 2.4.po; 3.2.po; 2.3.po; bugs.po
CPython,CPython,47,25,Medium,Other,3.8.po; glossary.po; 3.2.po; 2.3.po; index.po
locale,另請參閱 :term:`locale encoding`\ （區域編碼）。,47,23,Medium,Other,glossary.po; index.po; 3.5.po; sorting.po; 3.13.po
urllib,:ref:`urllib-howto`,47,23,Medium,Other,urllib.request.po; http.cookiejar.po; 3.8.po; 3.2.po; index.po
interpreter,請參閱 :term:`global interpreter lock`\ （全域直譯器鎖）。,46,30,Medium,Other,glossary.po; zlib.po; interactive.po; toplevel_components.po; index.po
hash,hash-based pyc（雜湊架構的 pyc）,46,21,Medium,Other,glossary.po; doctest.po; hash.po; lexical_analysis.po; weakref.po
information,在\ :ref:`typeiter`\ 文中可以找到更多資訊。,46,29,Medium,Other,venv.po; errors.po; urllib.request.po; glossary.po; signal.po
message,"message 1 >>> {""fnum"": 123.456, ""num"": 123, ""bar"": ""baz"", ""foo"": ""bar""}",46,27,Medium,Other,syslog.po; random.po; email.headerregistry.po; uuid.po; logging.config.po
add,你也可以新增多個路徑，要以 ``:`` 分隔。,46,30,Medium,Other,venv.po; zipfile.po; asyncio-future.po; http.cookiejar.po; functional.po
build,使用偵錯建置與使用開發模式,46,26,Medium,Other,3.8.po; 2.4.po; 3.2.po; 2.3.po; 3.5.po
built-in function,built-in function（內建函式）,46,23,Medium,Other,inputoutput.po; toplevel_components.po; expressions.po; import.po; number.po
generator,asynchronous generator（非同步產生器）,45,18,Medium,Other,expressions.po; random.po; glossary.po; inspect.po; email.generator.po
system,你可以透過執行以下指令來檢查你的系統是否已使用此旗標進行編譯： ::,45,28,Medium,Other,zipfile.po; errno.po; index.po; pydoc.po; subprocess.po
control,子類別如何控制不可變實例中儲存的資料？,45,25,Medium,Other,venv.po; tty.po; call.po; termios.po; simple_stmts.po
binary,binary file（二進位檔案）,44,29,Medium,Other,zipfile.po; ftplib.po; glossary.po; sockets.po; struct.po
len,"for i in range(len(food)):
    print(food[i])",44,24,Medium,Other,bytearray.po; glossary.po; itertools.po; 3.11.po; stdtypes.po
array,這沒辦法做到，因為字串是不可變的。在大多數情況下，你應以要拿來組裝的各個部分建構出一個新字串。但是如果你需要一個能夠原地修改 unicode 資料的物件，請嘗試使用 :class:`io.StringIO` 物件或 :mod:`array` 模組： ::,44,22,Medium,Other,bytearray.po; xmlrpc.client.po; struct.po; index.po; bisect.po
Unix,我如何使 Python script 執行在 Unix？,44,28,Medium,Other,venv.po; syslog.po; toplevel_components.po; tty.po; csv.po
implementation,*不滅物件 (Immortal objects)* 是 :pep:`683` 引入的 CPython 實作細節。,43,26,Medium,Other,glossary.po; zipimport.po; reprlib.po; importlib.po; 3.5.po
create,如何從 Python 腳本建立獨立的二進位檔案？,43,26,Medium,Other,venv.po; zipfile.po; ftplib.po; bytearray.po; contextvars.po
iterator,asynchronous generator iterator（非同步產生器疊代器）,42,19,Medium,Other,iterator.po; glossary.po; http.cookiejar.po; functional.po; itertools.po
__name__,">>> import email.mime.text
>>> email.mime.text.__name__
'email.mime.text'",42,22,Medium,Other,glossary.po; unittest.po; importlib.po; doctest.po; modules.po
should,應該改為讀取：,42,31,Medium,Other,getpass.po; zipfile.po; urllib.request.po; http.cookiejar.po; asyncore.po
Input,使用者輸入,42,25,Medium,Other,getpass.po; random.po; interactive.po; inputoutput.po; toplevel_components.po
syntax,函式註釋的語法在\ :ref:`function`\ 章節有詳細解釋。,41,26,Medium,Other,errors.po; glossary.po; toplevel_components.po; operator.po; classes.po
Release,發佈版本,41,24,Medium,Other,3.8.po; functional.po; 3.2.po; 3.5.po; 3.13.po
These,這些歸檔包含了說明文件中的所有內容。,41,28,Medium,Other,bytearray.po; trace.po; unittest.po; abc.po; uuid.po
unicode,:ref:`unicode-howto`,41,21,Medium,Other,3.2.po; index.po; codec.po; lexical_analysis.po; email.charset.po
items,"total = 0
for a, b in items:
    total += b",41,27,Medium,Other,zipfile.po; functional.po; queue.po; contextvars.po; pwd.po
point,"這將回傳 [0, 1) 範圍內的隨機浮點數。",41,24,Medium,Other,random.po; signal.po; lexical_analysis.po; arg.po; tkinter.font.po
result,程式碼執行結果如下：,40,27,Medium,Other,bytearray.po; asyncio-future.po; frame.po; zlib.po; asyncio-runner.po
contents,Python 說明文件內容,39,36,Medium,Other,zipfile.po; signal.po; contents.po; csv.po; 3.11.po
com,Copyright © 2000 BeOpen.com 保留一切權利。,39,20,Medium,Other,2.4.po; android.po; sqlite3.po; 2.7.po; windows.po
defined,在模組層級宣告的\ :ref:`函式 <user-defined-funcs>`\ 物件,39,26,Medium,Other,apiabiversion.po; errors.po; signal.po; abc.po; importlib.po
bool,">>> Perm.R & Perm.X
<Perm: 0>
>>> bool(Perm.R & Perm.X)
False",39,23,High,Built-in Types,xmlrpc.client.po; unittest.po; struct.po; operator.po; index.po
WWW,"WWW-Authenticate: Basic realm=""cPanel Users""",39,25,Medium,Other,http.server.po; zlib.po; android.po; lexical_analysis.po; sqlite3.po
end,``end()``,39,29,Medium,Other,zipfile.po; errors.po; classes.po; time.po; 3.10.po
variables,Python 的區域變數和全域變數有什麼規則？,39,29,Medium,Other,http.server.po; ftplib.po; signal.po; unittest.po; contextvars.po
specified,回傳一個有特定年、月、日的物件 :class:`datetime.date`。,39,26,Medium,Other,http.cookiejar.po; signal.po; unittest.po; uuid.po; weakref.po
must,為何「self」在方法 (method) 定義和呼叫時一定要明確使用？,38,29,Medium,Other,zipfile.po; errors.po; frame.po; abc.po; asyncio-dev.po
numbers,抽象基底類別（又稱為 ABC）提供了一種定義介面的方法，作為 :term:`duck-typing`\ （鴨子型別）的補充。其他類似的技術，像是 :func:`hasattr`，則顯得笨拙或是帶有細微的錯誤（例如使用\ :ref:`魔術方法 (magic method) <special-lookup>`\ ）。ABC 採用虛擬的 subclass（子類別），它們並不繼承自另一個 class（類別），但仍可被 :func:`isinstance` 及 :func:`issubclass` 辨識；請參閱 :mod:`abc` 模組的說明文件。Python 有許多內建的 ABC，用於資料結構（在 :mod:`collections.abc` 模組）、數字（在 :mod:`numbers` 模組）、串流（在 :mod:`io` 模組）及 import 尋檢器和載入器（在 :mod:`importlib.abc` 模組）。你可以使用 :mod:`abc` 模組建立自己的 ABC。,37,21,Medium,Other,random.po; glossary.po; numeric.po; abc.po; operator.po
dictionary,dictionary（字典）,37,21,Medium,Other,glossary.po; unittest.mock-examples.po; expressions.po; netrc.po; 3.10.po
Language,語言參考手冊,37,32,Medium,Other,3.8.po; 2.4.po; 3.2.po; 2.3.po; index.po
program,現在呼叫我們的程式時需要指定一個選項。,37,24,Medium,Other,venv.po; zlib.po; trace.po; unittest.po; frameworks.po
been,你可以透過執行以下指令來檢查你的系統是否已使用此旗標進行編譯： ::,37,25,Medium,Other,ftplib.po; 3.2.po; queue.po; unittest.po; general.po
make,"class Vehicle:
    __slots__ = ('id_number', 'make', 'model')",37,21,Medium,Other,typehints.po; itertools.po; statistics.po; windows.po; extending.po
given,EJECT --> 失去 Flag 狀態並成為具有給定值的普通 int,37,25,Medium,Other,apiabiversion.po; random.po; http.cookiejar.po; signal.po; uuid.po
remove,如何從串列中刪除重複項？,37,20,Medium,Other,ftplib.po; asyncio-future.po; operator.po; weakref.po; 3.13.po
__init__,"def __init__(self, *args):
    ...",37,28,Medium,Other,unittest.po; importlib.po; http.po; classes.po; import.po
__annotations__,在執行環境 (runtime)，區域變數的註釋無法被存取，但全域變數、class 屬性和函式的註解，會分別被儲存在模組、class 和函式的 :attr:`__annotations__` 特殊屬性中。,36,6,Medium,Other,3.10.po; datamodel.po; inspect.po; glossary.po; controlflow.po
global,請參閱 :term:`global interpreter lock`\ （全域直譯器鎖）。,36,20,Medium,Other,glossary.po; init.po; index.po; classes.po; email.charset.po
index,抽象基底類別 (abstract base class) :class:`collections.abc.Sequence` 定義了一個更加豐富的介面，並不僅止於 :meth:`~object.__getitem__` 和 :meth:`~object.__len__`，還增加了 :meth:`!count`、:meth:`!index`、:meth:`~object.__contains__` 和 :meth:`~object.__reversed__`。實作此擴充介面的型別，可以使用 :func:`~abc.ABCMeta.register` 被明確地註冊。更多關於序列方法的文件，請見\ :ref:`常見序列操作 <typesseq-common>`。,36,27,Medium,Other,zipfile.po; glossary.po; embedding.po; xmlrpc.client.po; operator.po
Meaning,含義,36,36,Medium,Other,apiabiversion.po; uuid.po; init.po; pwd.po; lexical_analysis.po
But,但這是允許的：,35,22,Medium,Other,bytearray.po; http.cookiejar.po; functional.po; general.po; time.po
where,其中的行 (column) 是：,35,32,Medium,Other,installed.po; poplib.po; uuid.po; classes.po; itertools.po
Math,數學運算：``add()``、``sub()``、``mul()``、``floordiv()``、``abs()``...,35,20,Medium,Other,3.8.po; numeric.po; math.po; functional.po; 3.2.po
coroutine,一個可以在 :keyword:`await` 運算式中被使用的物件。它可以是一個 :term:`coroutine`\ （協程），或是一個有 :meth:`~object.__await__` method 的物件。另請參閱 :pep:`492`。,34,20,Medium,Other,glossary.po; functional.po; asyncio-dev.po; expressions.po; asyncio-runner.po
Lists,列出所有章節與小節,34,22,Medium,Other,errors.po; unittest.po; asyncio-dev.po; bisect.po; expressions.po
multiprocessing,queue = multiprocessing.Queue(-1),34,21,Medium,Other,3.8.po; sockets.po; queue.po; asyncio-dev.po; uuid.po
simple,一個簡單範例,34,29,Medium,Other,turtle.po; ftplib.po; syslog.po; trace.po; 2.3.po
strings,若要在 :mod:`argparse` 輸出中翻譯你自己的字串，請使用 :mod:`gettext`。,34,25,Medium,Other,unittest.po; struct.po; lexical_analysis.po; grp.po; 3.10.po
Supported,有支援的 ``__dunder__`` 名稱,33,25,Medium,Other,zipimport.po; 3.13.po; statistics.po; init_config.po; xml.dom.minidom.po
raises,STRICT --> 當遇到無效值時引發例外,33,23,Medium,Other,asyncio-future.po; urllib.request.po; http.cookiejar.po; random.po; zlib.po
instances,我該如何取得給定類別的所有實例的串列？,33,24,Medium,Other,zipfile.po; ftplib.po; urllib.request.po; http.cookiejar.po; uuid.po
Notes,用註解使例外更詳細,33,20,Medium,Other,errors.po; random.po; struct.po; bisect.po; lexical_analysis.po
buffer,"``es`` (:class:`str`) [const char \*encoding, char \*\*buffer]",33,20,Medium,Other,zipfile.po; bytearray.po; zlib.po; stdtypes.po; asyncio-llapi-index.po
without,，它可能在小版本發布中沒有任何警告地被變更。,32,24,Medium,Other,venv.po; zipfile.po; bytearray.po; zipimport.po; unittest.po
builtins,標準函式庫與內建函式,32,20,Medium,Other,3.8.po; builtins.po; unittest.mock-examples.po; toplevel_components.po; init.po
to,將 ``logging.logThreads`` 設為 ``False``。,32,21,Medium,Other,zipfile.po; zlib.po; unittest.mock-examples.po; index.po; 3.13.po
txt,"for line in open(""myfile.txt""):
    print(line, end="""")",32,20,Medium,Other,zipfile.po; errors.po; doctest.po; lexical_analysis.po; fileinput.po
parse,:mod:`urllib.parse` 已棄用函式：請改用 :func:`~urllib.parse.urlparse`。,32,25,Medium,Other,3.8.po; email.headerregistry.po; 3.2.po; token.po; index.po
order,method resolution order（方法解析順序）,31,22,Medium,Other,apiabiversion.po; glossary.po; unittest.mock-examples.po; bisect.po; expressions.po
client,:mod:`xmlrpc.client` 模組包含以下聲明： ::,31,20,Medium,Other,nntplib.po; ftplib.po; poplib.po; xmlrpc.client.po; 3.2.po
security,安全性修護,31,20,Medium,Other,http.server.po; 3.5.po; subprocess.po; xml.sax.po; 3.13.po
length,你也可以嘗試長度可變的引數串列，例如： ::,31,21,Medium,Other,bytearray.po; zlib.po; itertools.po; 3.10.po; base64.po
Errors,插曲：錯誤與例外,31,20,High,Exceptions,errors.po; urllib.request.po; zlib.po; io.po; fileinput.po
lambda,"有幾種方法可以建立一個鍵函式。例如，:meth:`str.lower` method 可以作為不分大小寫排序的鍵函式。或者，一個鍵函式也可以從 :keyword:`lambda` 運算式被建造，例如 ``lambda r: (r[0], r[2])``。另外，:func:`operator.attrgetter`、:func:`operator.itemgetter` 和 :func:`operator.methodcaller` 為三個鍵函式的建構函式 (constructor)。關於如何建立和使用鍵函式的範例，請參閱\ :ref:`如何排序 <sortinghowto>`。",30,15,Medium,Other,datastructures.po; 3.13.po; glossary.po; compound_stmts.po; controlflow.po
may,，它可能在小版本發布中沒有任何警告地被變更。,30,22,Medium,Other,venv.po; getpass.po; urllib.request.po; trace.po; init.po
script,例如，參考以下腳本：,30,20,Medium,Other,venv.po; unittest.po; uuid.po; getopt.po; modulefinder.po
property,"property(fget=None, fset=None, fdel=None, doc=None) -> property",30,15,Medium,Other,zipfile.po; functools.po; 3.11.po; importlib.metadata.po; typing.po
operations,數學運算：``add()``、``sub()``、``mul()``、``floordiv()``、``abs()``...,30,20,Medium,Other,functional.po; operator.po; shutil.po; 3.10.po; 3.11.po
first,當初為什麼 Python 會被創造出來？,30,25,Medium,Other,turtle.po; http.cookiejar.po; unittest.po; uuid.po; operator.po
finally,在處理檔案物件時，使用 :keyword:`with` 關鍵字是個好習慣。優點是，當它的套件結束後，即使在某個時刻引發了例外，檔案仍會正確地被關閉。使用 :keyword:`!with` 也比寫等效的 :keyword:`try`\ -\ :keyword:`finally` 區塊，來得簡短許多： ::,30,13,Medium,Other,3.10.po; errors.po; datamodel.po; exceptions.po; threading.po
594,模組（請見 :pep:`594`）：,30,27,Medium,Other,nntplib.po; sndhdr.po; cgi.po; asyncore.po; msilib.po
while,一段可以被評估並求值的語法。換句話說，一個運算式就是文字、名稱、屬性存取、運算子或函式呼叫等運算式元件的累積，而這些元件都能回傳一個值。與許多其他語言不同的是，並非所有的 Python 語言構造都是運算式。另外有一些 :term:`statement`\ （陳述式）不能被用作運算式，例如 :keyword:`while`。賦值 (assignment) 也是陳述式，而不是運算式。,29,20,Medium,Other,turtle.po; glossary.po; expressions.po; classes.po; 3.11.po
non,這是一個 tapset 檔案，是基於 CPython 的非共享建置版本：,29,23,Medium,Other,sockets.po; struct.po; toplevel_components.po; itertools.po; csv.po
into,如何將 Python 嵌入 Windows 應用程式中？,29,21,Medium,Other,venv.po; zipfile.po; index.po; itertools.po; statistics.po
async,Coroutine 物件是那些以 ``async`` 關鍵字來宣告的函式所回傳的物件。,29,14,High,Keywords/Constants,asyncio-api-index.po; 3.10.po; 3.11.po; compound_stmts.po; 3.7.po
Basic,:ref:`基礎教學 <logging-basic-tutorial>`,28,20,Medium,Other,turtle.po; random.po; unittest.po; inputoutput.po; index.po
yield,一個會回傳 :term:`asynchronous generator iterator`\ （非同步產生器疊代器）的函式。它看起來像一個以 :keyword:`async def` 定義的協程函式 (coroutine function)，但不同的是它包含了 :keyword:`yield` 運算式，能生成一系列可用於 :keyword:`async for` 迴圈的值。,27,15,Medium,Other,3.10.po; glossary.po; inspect.po; functional.po; pkgutil.po
decorator,decorator（裝飾器）,27,11,Medium,Other,functools.po; 3.11.po; xmlrpc.server.po; glossary.po; atexit.po
single,single dispatch（單一調度）,27,20,Medium,Other,free-threading-extensions.po; apiabiversion.po; glossary.po; codeop.po; lexical_analysis.po
author,作者,27,27,Medium,Other,2.4.po; sockets.po; functional.po; 3.2.po; 2.3.po
Creating,建立 Address/Network/Interface 物件,27,22,Medium,Other,venv.po; zipfile.po; sockets.po; functional.po; unittest.mock-examples.po
local,Python 的區域變數和全域變數有什麼規則？,27,20,Medium,Other,unittest.po; init.po; index.po; classes.po; modules.po
access,如何存取序列 (RS232) 連接埠？,27,22,Medium,Other,signal.po; xmlrpc.client.po; filesys.po; time.po; datetime.po
provides,:mod:`random` 模組提供了隨機選擇的工具： ::,26,23,Medium,Other,getpass.po; signal.po; abc.po; gc.po; http.po
operation,有兩個操作模式：,26,20,Medium,Other,http.cookiejar.po; operator.po; expressions.po; 3.11.po; stdtypes.po
mapping,mapping（對映）,25,20,Medium,Other,glossary.po; abc.po; operator.po; expressions.po; classes.po
classmethod,classmethod,25,13,Medium,Other,functools.po; 3.11.po; 2.4.po; typing.po; unittest.po
work,我無法讓鍵繫結 (key binding) 在 Tkinter 中作用：為什麼？,25,22,Medium,Other,venv.po; zipfile.po; unittest.mock-examples.po; operator.po; index.po
Handling,處理位置引數。,23,20,Medium,Other,errors.po; http.cookiejar.po; unittest.po; asyncio-llapi-index.po; ssl.po
__iter__,看過疊代器協定的幕後機制後，在你的 class 加入疊代器的行為就很容易了。定義一個 :meth:`~container.__iter__` method 來回傳一個帶有 :meth:`~iterator.__next__` method 的物件。如果 class 已定義了 :meth:`!__next__`，則 :meth:`!__iter__` 可以只回傳 ``self``： ::,23,5,Medium,Other,typeobj.po; unittest.mock.po; collections.abc.po; classes.po; io.po
accepted,回傳值表示的是否接受伺服器 cookie 的布林值。,23,20,Medium,Other,zipfile.po; http.server.po; random.po; http.cookiejar.po; uuid.po
StatisticsError,若 *data* 為空，則會引發 :exc:`StatisticsError`。,23,1,High,Exceptions,statistics.po
__len__,一個 :term:`iterable`\ （可疊代物件），它透過 :meth:`~object.__getitem__` special method（特殊方法），使用整數索引來支援高效率的元素存取，並定義了一個 :meth:`~object.__len__` method 來回傳該序列的長度。一些內建序列型別包括 :class:`list`、:class:`str`、:class:`tuple` 和 :class:`bytes`。請注意，雖然 :class:`dict` 也支援 :meth:`~object.__getitem__` 和 :meth:`!__len__`，但它被視為對映 (mapping) 而不是序列，因為其查找方式是使用任意的 :term:`hashable` 鍵，而不是整數。,22,5,Medium,Other,datamodel.po; glossary.po; typeobj.po; unittest.mock.po; collections.abc.po
KeyError,"這將會導致 :exc:`KeyError` 例外，因為 ``[1, 2]`` 的 id 在第一行和第二行是不同的。換句話說，字典的鍵應該要用 ``==`` 來做比較，而不是用 :keyword:`is`。",22,14,High,Exceptions,zipfile.po; http.cookiejar.po; pwd.po; exceptions.po; zoneinfo.po
exit,"許多人將互動模式作為方便但可高度程式化的計算機。如果你要結束互動式 Python 對話，請呼叫 :func:`exit` 函式或是按住 :kbd:`Ctrl` 鍵再輸入 :kbd:`Z`，然後按下 "":kbd:`Enter`"" 鍵以返回 Windows 命令提示字元。",22,20,Medium,Other,random.po; trace.po; unittest.po; uuid.po; idle.po
wasm-availability,此模組在 WebAssembly 平台上不起作用或無法使用。更多資訊請參閱 :ref:`wasm-availability`。,22,22,Medium,Other,getpass.po; http.server.po; ftplib.po; poplib.po; urllib.request.po
__future__,__future__,20,8,Medium,Other,glossary.po; keyword.po; 2.5.po; functions.po; simple_stmts.po
AttributeError,在 Python 3 的所有版本中，如果沒有在該物件上定義註釋，則函式物件會延遲建立 (lazy-create) 註釋字典。你可以使用 ``del fn.__annotations__`` 刪除 ``__annotations__`` 屬性，但如果你隨後存取 ``fn.__annotations__``，該物件將建立一個新的空字典，它將作為註釋儲存並傳回。在函式延遲建立註釋字典之前刪除函式上的註釋將拋出 ``AttributeError``；連續兩次使用 ``del fn.__annotations__`` 保證總是拋出 ``AttributeError`` 。,20,10,High,Exceptions,expressions.po; functools.po; 3.10.po; 3.11.po; signal.po
Iterators,疊代器,18,9,Medium,Other,free-threading-python.po; iter.po; email.iterators.po; functional.po; 2.2.po
NotImplementedError,:exc:`NotImplementedError`,18,6,High,Exceptions,zipfile.po; random.po; http.cookiejar.po; constants.po; exceptions.po
__import__,__import__('x.y.z') 回傳 <module 'x'>，那我怎麼得到 z？,17,4,Medium,Other,functions.po; importlib.po; programming.po; import.po
TimeoutError,:exc:`TimeoutError`,17,6,High,Exceptions,3.10.po; exceptions.po; asyncio-exceptions.po; asyncio-task.po; 3.3.po
pop(),STACK.pop(),17,2,Medium,Other,dis.po; stdtypes.po
staticmethod,"def f(arg):
    ...
f = staticmethod(f)

@staticmethod
def f(arg):
    ...",16,7,Medium,Other,functools.po; glossary.po; abc.po; structures.po; functions.po
__dict__,">>> D.__dict__['f']
<function D.f at 0x00C45070>",16,9,Medium,Other,module.po; functools.po; 3.10.po; datamodel.po; typeobj.po
IOError,:exc:`LoadError` 以前是 :exc:`IOError` 的子型別，現在是 :exc:`OSError` 的別名。,16,9,High,Exceptions,signal.po; http.cookiejar.po; exceptions.po; zipimport.po; functions.po
Generators,產生器,15,10,Medium,Other,inspect.po; functional.po; 2.2.po; design.po; 2.3.po
ImportError,:exc:`ImportError`,15,7,High,Exceptions,exceptions.po; zipimport.po; pkgutil.po; import.po; simple_stmts.po
__getitem__,__getitem__,15,8,Medium,Other,xml.dom.pulldom.po; datamodel.po; typeobj.po; 2.2.po; 2.3.po
__contains__,__contains__,15,3,Medium,Other,typeobj.po; unittest.mock.po; collections.abc.po
load_module(),``load_module()`` method：請改用 ``exec_module()``。,15,6,Medium,Other,3.13.po; 3.10.po; pending-removal-in-3.15.po; index.po; 3.12.po
SyntaxError,:func:`str` 函式的用意是回傳一個人類易讀的表示法，而 :func:`repr` 的用意是產生直譯器可讀取的表示法（如果沒有等效的語法，則造成 :exc:`SyntaxError`）。如果物件沒有人類易讀的特定表示法，:func:`str` 會回傳與 :func:`repr` 相同的值。有許多的值，像是數字，或 list 及 dictionary 等結構，使用這兩個函式會有相同的表示法。而字串，則較為特別，有兩種不同的表示法。,13,7,High,Exceptions,3.10.po; constants.po; exceptions.po; functions.po; inputoutput.po
EOFError,:exc:`EOFError`,13,7,High,Exceptions,ftplib.po; exceptions.po; asyncio-exceptions.po; array.po; functions.po
__str__,__str__,13,5,Medium,Other,datamodel.po; typeobj.po; enum.po; unittest.mock.po; email.charset.po
__path__,一個位置（或\ :term:`路徑項目 <path entry>`\ ）的列表，而那些位置就是在 import 模組時，會被 :term:`path based finder`\ （基於路徑的尋檢器）搜尋模組的位置。在 import 期間，此位置列表通常是來自 :data:`sys.path`，但對於子套件 (subpackage) 而言，它也可能是來自父套件的 ``__path__`` 屬性。,12,6,Medium,Other,pyclbr.po; datamodel.po; glossary.po; pkgutil.po; importlib.po
metaclass,metaclass（元類別）,12,6,Medium,Other,datamodel.po; glossary.po; typing.po; abc.po; enum.po
__builtins__,"(gdb) p ptr_to_python_str
$6 = '__builtins__'",12,5,Medium,Other,3.10.po; gdb_helpers.po; inspect.po; builtins.po; functions.po
__new__,使用自訂的 :meth:`~object.__new__`,12,4,Medium,Other,typeobj.po; enum.po; unittest.mock.po; pickle.po
__doc__,"__doc__ = """"""...Whatever...""""""",12,8,Medium,Other,module.po; 3.10.po; datamodel.po; inspect.po; typeobj.po
NameError,錯誤訊息的最後一行指示發生了什麼事。例外有不同的類型，而類型名稱會作為訊息的一部份被印出。範例中的例外類型為：:exc:`ZeroDivisionError`、:exc:`NameError` 和 :exc:`TypeError`。作為例外類型被印出的字串，就是發生的內建例外 (built-in exception) 的名稱。所有的內建例外都是如此運作，但對於使用者自定的例外則不一定需要遵守（雖然這是一個有用的慣例）。標準例外名稱是內建的識別字 (identifier)，不是保留關鍵字 (reserved keyword)。,12,7,High,Exceptions,3.10.po; errors.po; frame.po; exceptions.po; executionmodel.po
BaseException,:exc:`BaseException` 是由全部的例外所共用的 base class。它的 subclass（子類別）之一，:exc:`Exception`，則是所有非嚴重例外 (non-fatal exception) 的 base class。有些例外不是 :exc:`Exception` 的 subclass，而它們通常不會被處理，因為它們是用來指示程式應該終止。這些例外包括了由 :meth:`sys.exit` 所引發的 :exc:`SystemExit`，以及當使用者想要中斷程式時所引發的 :exc:`KeyboardInterrupt`。,12,5,High,Exceptions,errors.po; 3.11.po; exceptions.po; asyncio-exceptions.po; concurrent.futures.po
OverflowError,:exc:`OverflowError`,12,8,High,Exceptions,time.po; 3.10.po; exceptions.po; long.po; stdtypes.po
__loader__,__loader__（模組屬性）,12,9,Medium,Other,module.po; 3.13.po; 3.10.po; datamodel.po; pending-removal-in-3.16.po
exec_module(),``load_module()`` method：請改用 ``exec_module()``。,12,5,Medium,Other,3.13.po; pending-removal-in-3.15.po; index.po; 3.12.po; import.po
PyErr_GetRaisedException,:c:func:`PyErr_Fetch`：請改用 :c:func:`PyErr_GetRaisedException`。,12,4,High,Exceptions,3.13.po; 3.12.po; c-api-pending-removal-in-future.po; index.po
SSLError,引發由底層 SSL 實作（目前由 OpenSSL 函式庫提供）所引發的錯誤訊息。這表示在覆蓋底層網路連線的高階加密和身份驗證層中存在一些問題。這項錯誤是 :exc:`OSError` 的一個子型別。:exc:`SSLError` 實例的錯誤程式代碼和訊息是由 OpenSSL 函式庫提供。,12,1,High,Exceptions,ssl.po
iterator.__next__,一個表示資料流的物件。重複地呼叫疊代器的 :meth:`~iterator.__next__` method（或是將它傳遞給內建函式 :func:`next`\ ）會依序回傳資料流中的各項目。當不再有資料時，則會引發 :exc:`StopIteration` 例外。此時，該疊代器物件已被用盡，而任何對其 :meth:`!__next__` method 的進一步呼叫，都只會再次引發 :exc:`StopIteration`。疊代器必須有一個 :meth:`~iterator.__iter__` method，它會回傳疊代器物件本身，所以每個疊代器也都是可疊代物件，且可以用於大多數適用其他可疊代物件的場合。一個明顯的例外，是嘗試多遍疊代 (multiple iteration passes) 的程式碼。一個容器物件（像是 :class:`list`）在每次你將它傳遞給 :func:`iter` 函式或在 :keyword:`for` 迴圈中使用它時，都會產生一個全新的疊代器。使用疊代器嘗試此事（多遍疊代）時，只會回傳在前一遍疊代中被用過的、同一個已被用盡的疊代器物件，使其看起來就像一個空的容器。,11,6,Medium,Other,glossary.po; exceptions.po; stdtypes.po; functions.po; concurrent.futures.po
IndexError,:exc:`IndexError`,11,4,High,Exceptions,collections.po; random.po; heapq.po; exceptions.po
__eq__,"__lt__, __le__, __eq__, __ne__, __gt__, __ge__",11,8,Medium,Other,functools.po; typeobj.po; stdtypes.po; http.cookies.po; 2.1.po
__aiter__,__aiter__,11,5,Medium,Other,typeobj.po; unittest.mock-examples.po; unittest.mock.po; collections.abc.po; compound_stmts.po
PyConfig.filesystem_errors,:term:`filesystem encoding and error handler`\ （檔案系統編碼和錯誤處理函式）會在 Python 啟動時由 :c:func:`PyConfig_Read` 函式來配置：請參閱 :c:member:`~PyConfig.filesystem_encoding`，以及 :c:type:`PyConfig` 的成員 :c:member:`~PyConfig.filesystem_errors`。,10,6,High,Exceptions,3.13.po; glossary.po; init_config.po; index.po; 3.12.po
F(),">>> F.f(3)
('F', 3)
>>> F().f(3)
('F', 3)",10,9,Medium,Other,turtle.po; 2.4.po; controlflow.po; executionmodel.po; 2.0.po
__class__,">>> hex(id(c.__class__))
'0x7352a0'
>>> hex(id(cls.C))
'0x4198d0'",10,4,Medium,Other,programming.po; datamodel.po; unittest.mock.po; 2.2.po
AssertionError,:exc:`AssertionError`,10,6,High,Exceptions,3.11.po; exceptions.po; wsgiref.po; unittest.mock-examples.po; simple_stmts.po
BlockingIOError,:exc:`BlockingIOError`,10,4,High,Exceptions,hashlib.po; 3.3.po; io.po; exceptions.po
__index__,如果可用則使用 :meth:`~object.__index__`。,10,7,Medium,Other,typing.po; typeobj.po; struct.po; complex.po; operator.po
__getattr__,"__getattribute__, __getattr__",10,4,Medium,Other,3.7.po; typeobj.po; datamodel.po; unittest.mock.po
:mod:`importlib`:,:mod:`importlib`：,10,5,Medium,Code Elements,3.13.po; pending-removal-in-3.15.po; index.po; 3.12.po; pending-removal-in-future.po
__dir__,``__dir__``、 ``__format__`` 和 ``__subclasses__``,10,3,Medium,Other,3.7.po; datamodel.po; unittest.mock.po
__next__,一個表示資料流的物件。重複地呼叫疊代器的 :meth:`~iterator.__next__` method（或是將它傳遞給內建函式 :func:`next`\ ）會依序回傳資料流中的各項目。當不再有資料時，則會引發 :exc:`StopIteration` 例外。此時，該疊代器物件已被用盡，而任何對其 :meth:`!__next__` method 的進一步呼叫，都只會再次引發 :exc:`StopIteration`。疊代器必須有一個 :meth:`~iterator.__iter__` method，它會回傳疊代器物件本身，所以每個疊代器也都是可疊代物件，且可以用於大多數適用其他可疊代物件的場合。一個明顯的例外，是嘗試多遍疊代 (multiple iteration passes) 的程式碼。一個容器物件（像是 :class:`list`）在每次你將它傳遞給 :func:`iter` 函式或在 :keyword:`for` 迴圈中使用它時，都會產生一個全新的疊代器。使用疊代器嘗試此事（多遍疊代）時，只會回傳在前一遍疊代中被用過的、同一個已被用盡的疊代器物件，使其看起來就像一個空的容器。,9,5,Medium,Other,glossary.po; typeobj.po; collections.abc.po; classes.po; io.po
__get__,"class Ten:
    def __get__(self, obj, objtype=None):
        return 10",9,5,Medium,Other,functools.po; typeobj.po; 2.2.po; unittest.mock.po; descriptor.po
as,如果模組名稱後面出現 :keyword:`!as`，則 :keyword:`!as` 之後的名稱將直接和被 import 模組綁定在一起。,9,5,Medium,Other,3.10.po; controlflow.po; stdtypes.po; tempfile.po; modules.po
__all__,目錄中必須含有 :file:`__init__.py` 檔案，才會被 Pyhon 當成套件（除非有使用 :term:`namespace package`，為一個相對進階的功能）；這樣可以避免一些以常用名稱命名（例如 ``string``\ ）的目錄，無意中隱藏了較晚出現在模組搜尋路徑中的有效模組。在最簡單的情況，:file:`__init__.py` 可以只是一個空白檔案；但它也可以執行套件的初始化程式碼，或設置 ``__all__`` 變數，之後會詳述。,9,3,Medium,Other,simple_stmts.po; import.po; modules.po
ExceptionGroup,內建的 :exc:`ExceptionGroup` 會包裝一個例外實例 (exception instance) 的 list（串列），使得它們可以一起被引發。由於它本身就是一個例外，因此它也可以像任何其他例外一樣被捕獲。 ::,9,4,High,Exceptions,errors.po; 3.11.po; asyncio-eventloop.po; exceptions.po
PermissionError,:exc:`PermissionError`,9,3,High,Exceptions,3.3.po; tempfile.po; exceptions.po
__complex__,如果 *op* 不是 Python 複數物件，但有一個 :meth:`~object.__complex__` 方法，則首先會呼叫該方法將 *op* 轉換為 Python 複數物件。如果 :meth:`!__complex__` 並未定義，那麼它會回退到呼叫 :func:`PyFloat_AsDouble` 並回傳其結果。,9,3,Medium,Other,typing.po; complex.po; unittest.mock.po
__args__,"建立一個 :ref:`GenericAlias <types-genericalias>` 物件，等同於呼叫 Python 的 :class:`types.GenericAlias` class。 *origin* 和 *args* 引數分別設定了 ``GenericAlias`` 的 ``__origin__`` 與 ``__args__`` 屬性。*origin* 應該要是個 :c:expr:`PyTypeObject*` 且 *args* 可以是個 :c:expr:`PyTupleObject*` 或任意 ``PyObject*``。如果傳入的 *args* 不是個 tuple（元組），則會自動建立一個長度為 1 的 tuple 且 ``__args__`` 會被設為 ``(args,)``。只會進行最少的引數檢查，所以即便 *origin* 不是個型別，函式也會不會失敗。 ``GenericAlias`` 的 ``__parameters__`` 屬性會自 ``__args__`` 惰性地建立 (constructed lazily)。當失敗時，會引發一個例外並回傳 ``NULL``。",9,3,Medium,Other,typehints.po; 3.10.po; stdtypes.po
__repr__,__repr__,9,6,Medium,Other,datamodel.po; typeobj.po; unittest.mock.po; collections.abc.po; dataclasses.po
__lt__,"__lt__, __le__, __eq__, __ne__, __gt__, __ge__",9,7,Medium,Other,functools.po; typeobj.po; stdtypes.po; 2.1.po; unittest.mock.po
__le__,"__lt__, __le__, __eq__, __ne__, __gt__, __ge__",9,7,Medium,Other,functools.po; typeobj.po; stdtypes.po; 2.1.po; unittest.mock.po
__gt__,"__lt__, __le__, __eq__, __ne__, __gt__, __ge__",9,7,Medium,Other,functools.po; typeobj.po; stdtypes.po; 2.1.po; unittest.mock.po
__ge__,"__lt__, __le__, __eq__, __ne__, __gt__, __ge__",9,7,Medium,Other,functools.po; typeobj.po; stdtypes.po; 2.1.po; unittest.mock.po
__anext__,__anext__,9,4,Medium,Other,typeobj.po; unittest.mock.po; collections.abc.po; compound_stmts.po
__setitem__,"__setitem__, __delitem__",9,5,Medium,Other,typeobj.po; dis.po; unittest.mock-examples.po; unittest.mock.po; collections.abc.po
__cached__,在模組上設定 :attr:`~module.__cached__` 而沒有設定 :attr:`__spec__.cached <importlib.machinery.ModuleSpec.cached>` 的做法已被棄用。在 Python 3.15 中，引入系統或標準函式庫將不再設定或考慮 :attr:`!__cached__`。(:gh:`97879`),9,8,Medium,Other,3.13.po; 3.10.po; datamodel.po; runpy.po; pending-removal-in-3.15.po
to_bytes(),``to_bytes()``,9,5,Medium,Other,3.13.po; stdtypes.po; index.po; 3.12.po; pending-removal-in-future.po
PyErr_DisplayException,:c:func:`!PyErr_Display`：請改用 :c:func:`PyErr_DisplayException`。,9,4,High,Exceptions,3.13.po; 3.12.po; c-api-pending-removal-in-future.po; index.po
decorators,模組 ``typing`` 定義了下列的類別、函式以及裝飾器。,9,6,Medium,Other,typing.po; abc.po; unittest.mock-examples.po; enum.po; unittest.mock.po
__wrapped__,Class method 現在繼承了 method 屬性（:attr:`~function.__module__`、:attr:`~function.__name__`、:attr:`~function.__qualname__`、:attr:`~function.__doc__` 和 :attr:`~function.__annotations__`），並擁有一個新的 ``__wrapped__`` 屬性。,9,4,Medium,Other,functions.po; functools.po; 3.10.po; 3.11.po
__aexit__,從 Python 3.8 開始，``AsyncMock`` 和 ``MagicMock`` 支援透過 ``__aenter__`` 和 ``__aexit__`` 來 mock :ref:`async-context-managers`。預設情況下，``__aenter__`` 和 ``__aexit__`` 是回傳非同步函式的 ``AsyncMock`` 實例。,9,4,Medium,Other,dis.po; unittest.mock-examples.po; unittest.mock.po; compound_stmts.po
__slots__,__slots__,8,7,Medium,Other,functools.po; 3.10.po; datamodel.po; glossary.po; collections.po
Module :mod:`logging`,:mod:`logging` 模組,8,4,Medium,Code Elements,logging.config.po; logging.po; logging.handlers.po; logging-cookbook.po
__file__,"import argparse
print(argparse.__file__)",8,8,Medium,Other,module.po; datamodel.po; argparse.po; __main__.po; zipimport.po
__del__,我的類別定義了 __del__ 但是當我刪除物件時它沒有被呼叫。,8,5,Medium,Other,typeobj.po; queue.po; unittest.mock.po; weakref.po; programming.po
__module__,:attr:`function.__module__`,8,5,Medium,Other,3.10.po; datamodel.po; inspect.po; typing.po; structures.po
ConnectionError,:exc:`ConnectionError`,8,2,High,Exceptions,3.3.po; exceptions.po
FileExistsError,:exc:`FileExistsError`,8,4,High,Exceptions,functions.po; pathlib.po; 3.3.po; exceptions.po
FileNotFoundError,:exc:`FileNotFoundError`,8,4,High,Exceptions,pathlib.po; 3.3.po; netrc.po; exceptions.po
InterruptedError,:exc:`InterruptedError`,8,4,High,Exceptions,functions.po; 3.3.po; signal.po; exceptions.po
__package__,__package__（模組屬性）,8,8,Medium,Other,module.po; 3.13.po; 3.10.po; datamodel.po; pending-removal-in-3.15.po
__float__,如果 *op* 不是 Python 複數物件，但有一個 :meth:`~object.__complex__` 方法，則首先會呼叫該方法將 *op* 轉換為 Python 複數物件。如果 :meth:`!__complex__` 並未定義，那麼它會回退到 :meth:`~object.__float__`。如果 :meth:`!__float__` 未定義，則它將繼續回退為 :meth:`~object.__index__`。,8,5,Medium,Other,3.10.po; typing.po; typeobj.po; complex.po; unittest.mock.po
__hash__,__hash__,8,4,Medium,Other,typeobj.po; datamodel.po; unittest.mock.po; collections.abc.po
__int__,__int__,8,5,Medium,Other,3.10.po; 3.11.po; typing.po; typeobj.po; unittest.mock.po
master_open(),``master_open()``：請用 :func:`pty.openpty`。,8,4,Medium,Other,3.13.po; 3.12.po; pending-removal-in-3.14.po; index.po
slave_open(),``slave_open()``：請用 :func:`pty.openpty`。,8,4,Medium,Other,3.13.po; 3.12.po; pending-removal-in-3.14.po; index.po
:mod:`ctypes`:,:mod:`ctypes`：,8,4,Medium,Code Elements,3.13.po; 3.12.po; index.po; pending-removal-in-3.15.po
:class:`locale`:,:class:`locale`：,8,4,Medium,Code Elements,3.13.po; 3.12.po; index.po; pending-removal-in-3.15.po
:mod:`types`:,:mod:`types`：,8,4,Medium,Code Elements,3.13.po; 3.12.po; index.po; pending-removal-in-3.15.po
int(),將 ``int()`` 委派給 ``__trunc__()`` 方法。,8,4,Medium,Other,3.13.po; 3.12.po; index.po; pending-removal-in-future.po
__trunc__(),將 ``int()`` 委派給 ``__trunc__()`` 方法。,8,4,Medium,Other,3.13.po; 3.12.po; index.po; pending-removal-in-future.po
:mod:`threading` methods:,:mod:`threading` 方法：,8,4,Medium,Code Elements,3.13.po; 3.12.po; index.po; pending-removal-in-future.po
splitattr(),``splitattr()``,8,4,Medium,Other,3.13.po; 3.12.po; index.po; pending-removal-in-future.po
splithost(),``splithost()``,8,4,Medium,Other,3.13.po; 3.12.po; index.po; pending-removal-in-future.po
splitnport(),``splitnport()``,8,4,Medium,Other,3.13.po; 3.12.po; index.po; pending-removal-in-future.po
splitpasswd(),``splitpasswd()``,8,4,Medium,Other,3.13.po; 3.12.po; index.po; pending-removal-in-future.po
splitport(),``splitport()``,8,4,Medium,Other,3.13.po; 3.12.po; index.po; pending-removal-in-future.po
splitquery(),``splitquery()``,8,4,Medium,Other,3.13.po; 3.12.po; index.po; pending-removal-in-future.po
splittag(),``splittag()``,8,4,Medium,Other,3.13.po; 3.12.po; index.po; pending-removal-in-future.po
splittype(),``splittype()``,8,4,Medium,Other,3.13.po; 3.12.po; index.po; pending-removal-in-future.po
``splittype()``,``splittype()``,8,4,Medium,Code Elements,3.13.po; 3.12.po; index.po; pending-removal-in-future.po
splituser(),``splituser()``,8,4,Medium,Other,3.13.po; 3.12.po; index.po; pending-removal-in-future.po
splitvalue(),``splitvalue()``,8,4,Medium,Other,3.13.po; 3.12.po; index.po; pending-removal-in-future.po
SimpleHandler.stdout.write(),:mod:`wsgiref`：``SimpleHandler.stdout.write()`` 不應該進行部分寫入。,8,4,Medium,Other,3.13.po; 3.12.po; index.po; pending-removal-in-future.po
PySys_SetArgvEx(),:c:func:`!PySys_SetArgvEx()`：請改以 :c:member:`PyConfig.argv` 設定。,8,4,Medium,Other,3.13.po; 3.12.po; index.po; c-api-pending-removal-in-3.14.po
PySys_SetArgv(),:c:func:`!PySys_SetArgv()`：請改以 :c:member:`PyConfig.argv` 設定。,8,4,Medium,Other,3.13.po; 3.12.po; index.po; c-api-pending-removal-in-3.14.po
Py_SetProgramName(),:c:func:`!Py_SetProgramName()``：請改以 :c:member:`PyConfig.program_name` 設定。,8,4,Medium,Other,3.13.po; 3.12.po; index.po; c-api-pending-removal-in-3.14.po
Py_SetPythonHome(),:c:func:`!Py_SetPythonHome()`：請改以 :c:member:`PyConfig.home` 設定。,8,4,Medium,Other,3.13.po; 3.12.po; index.po; c-api-pending-removal-in-3.14.po
PyErr_SetRaisedException,:c:func:`PyErr_Restore`：請改用 :c:func:`PyErr_SetRaisedException`。,8,4,High,Exceptions,3.13.po; 3.12.po; c-api-pending-removal-in-future.po; index.po
SomeClass,建立了一個 :class:`pickle.Pickler`，其中含有專門處裡 ``SomeClass`` 類別的專屬調度表。此外，你也可以寫作：::,8,2,Medium,Other,unittest.mock.po; pickle.po
__debug__,引數 *optimize* 用來指定編譯器的最佳化級別；預設值 ``-1`` 選擇與直譯器的 :option:`-O` 選項相同的最佳化級別。其他級別為 ``0``\ （沒有最佳化；\ ``__debug__`` 為真值）、``1``\ （assert 被刪除，``__debug__`` 為假值）或 ``2``\ （說明字串 (docstring) 也被刪除）。,8,5,Medium,Other,3.10.po; constants.po; functions.po; simple_stmts.po; devmode.po
__format__,__format__,8,5,Medium,Other,datamodel.po; dis.po; functions.po; enum.po; unittest.mock.po
__reversed__,``__reversed__``,8,3,Medium,Other,collections.po; unittest.mock.po; collections.abc.po
close(),:meth:`transport.close() <BaseTransport.close>`,8,4,Medium,Other,asyncio-stream.po; wave.po; devmode.po; asyncio-llapi-index.po
:pep:`484` - Type Hints,:pep:`484` - 型別提示,8,4,Medium,Code Elements,simple_stmts.po; datamodel.po; stdtypes.po; compound_stmts.po
asynchronous iterator,這是一個 :term:`asynchronous iterator`\ （非同步疊代器），當它以 :meth:`~object.__anext__` method 被呼叫時，會回傳一個可等待物件 (awaitable object)，該物件將執行非同步產生器的函式主體，直到遇到下一個 :keyword:`yield` 運算式。,7,4,Medium,Other,functions.po; datamodel.po; glossary.po; exceptions.po
UnicodeError,檔案系統編碼必須保證能成功解碼所有小於 128 的位元組。如果檔案系統編碼無法提供此保證，則 API 函式會引發 :exc:`UnicodeError`。,7,2,High,Exceptions,glossary.po; exceptions.po
__qualname__,">>> D.f.__qualname__
'D.f'",7,5,Medium,Other,3.10.po; inspect.po; gen.po; coro.po; descriptor.po
UnboundLocalError,為什麼當變數有值時，我仍得到錯誤訊息 UnboundLocalError？,7,3,High,Exceptions,programming.po; executionmodel.po; exceptions.po
ZeroDivisionError,錯誤訊息的最後一行指示發生了什麼事。例外有不同的類型，而類型名稱會作為訊息的一部份被印出。範例中的例外類型為：:exc:`ZeroDivisionError`、:exc:`NameError` 和 :exc:`TypeError`。作為例外類型被印出的字串，就是發生的內建例外 (built-in exception) 的名稱。所有的內建例外都是如此運作，但對於使用者自定的例外則不一定需要遵守（雖然這是一個有用的慣例）。標準例外名稱是內建的識別字 (identifier)，不是保留關鍵字 (reserved keyword)。,7,4,High,Exceptions,expressions.po; errors.po; signal.po; exceptions.po
main(),main(),7,6,Medium,Other,init_config.po; __main__.po; asyncio-task.po; unittest.po; asyncio-dev.po
SystemError,引發 :exc:`SystemError` 且在失敗時回傳 ``-1``。,7,4,High,Exceptions,module.po; function.po; unicode.po; exceptions.po
AsyncIterator,如果物件 *o* 有提供 :class:`AsyncIterator` 協定，則回傳非零，否則回傳 0。這個函式一定會執行成功。,7,4,Medium,Other,typing.po; iter.po; stdtypes.po; collections.abc.po
BaseExceptionGroup,:exc:`BaseExceptionGroup`,7,2,High,Exceptions,3.11.po; exceptions.po
__ne__,"__lt__, __le__, __eq__, __ne__, __gt__, __ge__",7,5,Medium,Other,typeobj.po; stdtypes.po; 2.1.po; unittest.mock.po; collections.abc.po
__subclasses__,__subclasses__,7,3,Medium,Other,typeobj.po; datamodel.po; unittest.mock.po
__delitem__,"__setitem__, __delitem__",7,3,Medium,Other,typeobj.po; unittest.mock.po; collections.abc.po
__trunc__,將 ``int()`` 委派給 ``__trunc__()`` 方法。,7,6,Medium,Other,3.13.po; functions.po; unittest.mock.po; index.po; 3.12.po
__reduce__,如果 :meth:`__reduce__` 在封裝時回傳了 ``None`` 狀態，則拆封時就不會去呼叫 :meth:`__setstate__`。,7,2,Medium,Other,unittest.mock.po; pickle.po
urllib.error,:mod:`urllib.error` 包含了 :mod:`urllib.request` 所引發的例外,7,2,High,Exceptions,urllib.po; urllib.error.po
__aenter__,從 Python 3.8 開始，``AsyncMock`` 和 ``MagicMock`` 支援透過 ``__aenter__`` 和 ``__aexit__`` 來 mock :ref:`async-context-managers`。預設情況下，``__aenter__`` 和 ``__aexit__`` 是回傳非同步函式的 ``AsyncMock`` 實例。,7,4,Medium,Other,dis.po; unittest.mock-examples.po; unittest.mock.po; compound_stmts.po
filesystem encoding and error handler,filesystem encoding and error handler（檔案系統編碼和錯誤處理函式）,6,2,High,Exceptions,glossary.po; exceptions.po
__set__,"``descr.__set__(self, obj, value)``",6,3,Medium,Other,typeobj.po; descriptor.po; unittest.mock.po
__delete__,"``descr.__delete__(self, obj)``",6,3,Medium,Other,typeobj.po; descriptor.po; unittest.mock.po
__bool__,"def __bool__(self):
    return bool(self.value)",6,5,Medium,Other,datamodel.po; typeobj.po; enum.po; 3.0.po; unittest.mock.po
URLError,URLError,6,3,High,Exceptions,urllib2.po; urllib.error.po; urllib.request.po
foo(),第一次呼叫此函式時， ``mydict`` 包含一個項目。第二次後 ``mydict`` 包含兩個項目，因為當 ``foo()`` 開始執行時，``mydict`` 以其中已有的項目開始。,6,3,Medium,Other,programming.po; 3.10.po; doctest.po
Error Handling,錯誤處理,6,3,High,Exceptions,appendix.po; executionmodel.po; asyncio-llapi-index.po
bltin-exceptions,:ref:`bltin-exceptions`\ 章節列出內建的例外及它們的意義。,6,2,High,Exceptions,errors.po; builtins.po
BrokenPipeError,:exc:`BrokenPipeError`,6,3,High,Exceptions,3.3.po; signal.po; exceptions.po
RecursionError,:exc:`RecursionError`,6,4,High,Exceptions,json.po; ast.po; pickle.po; exceptions.po
:exc:`ImportWarning`,:exc:`ImportWarning`,6,3,Medium,Code Elements,warnings.po; devmode.po; exceptions.po
__exit__,在兩個平台上，舊值會被 :meth:`~object.__exit__` 還原。,6,3,Medium,Other,io.po; test.po; unittest.mock.po
__getnewargs_ex__,"在第 2 版協定或更新的版本中，有實作 :meth:`__getnewargs_ex__` 方法的類別，可以決定在拆封時要傳遞給 :meth:`__new__` 方法的值。該方法必須回傳一個 ``(args, kwargs)`` 的組合，其中 *args* 是一個位置引數的元組（tuple），*kwargs* 是一個用於建構物件的命名引數字典。這些資訊將在拆封時傳遞給 :meth:`__new__` 方法。",6,1,Medium,Other,pickle.po
__getnewargs__,如果目標類別的方法 :meth:`__new__` 需要僅限關鍵字的參數時，你應該實作此方法。否則，為了提高相容性，建議你改為實作 :meth:`__getnewargs__`。,6,3,Medium,Other,collections.po; unittest.mock.po; pickle.po
__setstate__,在拆封時，如果類別定義了 :meth:`__setstate__`，則會使用拆封後的狀態呼叫它。在這種情況下，紀錄狀態的物件不需要是字典（dictionary）。否則，封裝時的狀態紀錄必須是一個字典，其紀錄的項目將被賦值給新實例的字典。,6,2,Medium,Other,unittest.mock.po; pickle.po
:class:`Set`,:class:`Set`,6,3,Medium,Code Elements,compound_stmts.po; stdtypes.po; collections.abc.po
:class:`float`,:class:`float`,6,3,Medium,Code Elements,sqlite3.po; multiprocessing.shared_memory.po; compound_stmts.po
:class:`str`,:class:`str`,6,3,Medium,Code Elements,sqlite3.po; compound_stmts.po; xmlrpc.client.po
Module :mod:`pickle`,:mod:`pickle` 模組,6,3,Medium,Code Elements,copy.po; shelve.po; struct.po
Module :mod:`base64`,:mod:`base64` 模組,6,3,Medium,Code Elements,hashlib.po; quopri.po; binascii.po
__missing__,容器方法：``__getitem__``、``__setitem__``、``__delitem__``、``__contains__``、``__len__``、``__iter__``、``__reversed__`` 和 ``__missing__``,6,3,Medium,Other,collections.po; unittest.mock.po; stdtypes.po
:class:`bool`,:class:`bool`,6,3,Medium,Code Elements,multiprocessing.shared_memory.po; compound_stmts.po; xmlrpc.client.po
asynchronous generator,asynchronous generator（非同步產生器）,5,3,Medium,Other,datamodel.po; glossary.po; asyncio-eventloop.po
parse_args(),"import argparse
parser = argparse.ArgumentParser()
parser.parse_args()",5,2,Medium,Other,optparse.po; argparse.po
repr(),請注意 ``PyDict_GetItemString`` 的字典引數如何顯示為其 ``repr()``，而不是不透明的 ``PyObject *`` 指標。,5,4,Medium,Other,reprlib.po; enum.po; gdb_helpers.po; datamodel.po
IndentationError,如果混合 tab 和空格造成前導空白字元出現問題，則 Python 會引發 :exc:`IndentationError` 或 :exc:`TabError`。你也可以運行 :mod:`tabnanny` 模組，在批次模式下檢查目錄樹。,5,3,High,Exceptions,exceptions.po; 3.10.po; windows.po
PyExc_ZeroDivisionError,最常見的是 :c:func:`PyErr_SetString`。它的引數是一個例外物件和一個 C 字串。例外物件通常是預先定義的物件，例如 :c:data:`PyExc_ZeroDivisionError`。C 字串則指出錯誤的原因，並被轉換為 Python 字串物件且被儲存為例外的「關聯值 (associated value)」。,5,2,High,Exceptions,extending.po; exceptions.po
PyExc_TypeError,你完全可以自行選擇要產生的例外。有一些預先宣告的 C 物件會對應到所有內建的 Python 例外，例如 :c:data:`PyExc_ZeroDivisionError`，你可以直接使用它們。當然，你應該明智地選擇例外，像是不要使用 :c:data:`PyExc_TypeError` 來表示檔案無法打開（應該是 :c:data:`PyExc_OSError`）。如果引數串列有問題，:c:func:`PyArg_ParseTuple` 函式通常會引發 :c:data:`PyExc_TypeError`。如果你有一個引數的值必須在一個特定的範圍內或必須滿足其他條件，則可以使用 :c:data:`PyExc_ValueError`。,5,2,High,Exceptions,extending.po; exceptions.po
set(),大括號或 :func:`set` 函式都可以用來建立 set。注意：要建立一個空的 set，你必須使用 ``set()`` 而不是 ``{}``；後者會建立一個空的 dictionary，一種我們將在下一節討論的資料結構。,5,4,Medium,Other,datastructures.po; wave.po; ast.po; stdtypes.po
Inheritance,繼承 (Inheritance),5,3,Medium,Other,classes.po; dataclasses.po; compound_stmts.po
PyExc_BaseExceptionGroup,:c:data:`PyExc_BaseExceptionGroup`,5,1,High,Exceptions,exceptions.po
ConnectionAbortedError,:exc:`ConnectionAbortedError`,5,2,High,Exceptions,3.3.po; exceptions.po
ConnectionRefusedError,:exc:`ConnectionRefusedError`,5,2,High,Exceptions,3.3.po; exceptions.po
ConnectionResetError,:exc:`ConnectionResetError`,5,2,High,Exceptions,3.3.po; exceptions.po
PyExc_ModuleNotFoundError,:c:data:`PyExc_ModuleNotFoundError`,5,1,High,Exceptions,exceptions.po
PythonFinalizationError,:exc:`PythonFinalizationError`,5,2,High,Exceptions,sys.po; exceptions.po
PyExc_RecursionError,:c:data:`PyExc_RecursionError`,5,1,High,Exceptions,exceptions.po
EXCEPTION_HANDLED,:monitoring-event:`EXCEPTION_HANDLED`,5,2,High,Exceptions,monitoring.po; sys.monitoring.po
__call__,__call__,5,4,Medium,Other,typeobj.po; unittest.mock.po; collections.abc.po; expressions.po
:mod:`asyncio`:,:mod:`asyncio`：,5,5,Medium,Code Elements,3.13.po; pending-removal-in-3.14.po; pending-removal-in-3.16.po; index.po; 3.12.po
read_text(),``read_text()``,5,3,Medium,Other,pending-removal-in-3.13.po; 3.12.po; io.po
typing.no_type_check_decorator,自 Python 3.13 起，:func:`typing.no_type_check_decorator` 裝飾器函式已被棄用。在 :mod:`typing` 模組中使用了八年之後，它尚未得到任何主要型別檢查器的支援。,5,4,Medium,Other,3.13.po; 3.12.po; index.po; pending-removal-in-3.15.po
__index__(),``__index__()`` 和 ``__int__()`` 方法回傳非 int 型別的支援：這些方法將需要回傳 :class:`int` 的嚴格子類別實例。,5,5,Medium,Other,3.13.po; operator.po; index.po; 3.12.po; pending-removal-in-future.po
write(),:mod:`wsgiref`：``SimpleHandler.stdout.write()`` 不應該進行部分寫入。,5,5,Medium,Other,3.13.po; index.po; asyncio-llapi-index.po; 3.12.po; pending-removal-in-future.po
Py_FileSystemDefaultEncodeErrors,:c:var:`!Py_FileSystemDefaultEncodeErrors`：請改用 :c:member:`PyConfig.filesystem_errors`。,5,4,High,Exceptions,3.13.po; 3.12.po; index.po; c-api-pending-removal-in-3.14.po
_PyErr_ChainExceptions,:c:func:`!_PyErr_ChainExceptions`：請改用 ``_PyErr_ChainExceptions1``。,5,4,High,Exceptions,3.13.po; 3.12.po; c-api-pending-removal-in-future.po; index.po
_PyErr_ChainExceptions1,:c:func:`!_PyErr_ChainExceptions`：請改用 ``_PyErr_ChainExceptions1``。,5,4,High,Exceptions,3.13.po; 3.12.po; c-api-pending-removal-in-future.po; index.po
__getstate__,目標類別可以透過覆寫方法 :meth:`__getstate__` 進一步影響其實例被封裝的方式。封裝時，呼叫該方法所回傳的物件將作為該實例的內容被封裝、而非一個預設狀態。以下列出幾種預設狀態：,5,2,Medium,Other,unittest.mock.po; pickle.po
vfork(),停用 ``vfork()`` 或 ``posix_spawn()``,5,1,Medium,Other,subprocess.po
str() str,由 :class:`IntEnum`、:class:`StrEnum` 及 :class:`IntFlag` 所使用來保留這些混合型別的 :class:`str() <str>`。,5,1,Medium,Other,enum.po
__type_params__,現在預設會複製 :attr:`~function.__type_params__` 屬性。,5,3,Medium,Other,functools.po; datamodel.po; inspect.po
drain(),此方法應當與 ``drain()`` 方法一起使用： ::,5,1,Medium,Other,asyncio-stream.po
InvalidStateError,如果 Future 的結果還不可用，此方法會引發一個 :exc:`InvalidStateError` 例外。,5,1,High,Exceptions,asyncio-future.po
metaclasses,更多資訊可以在\ :ref:`metaclasses`\ 章節中找到。,4,2,Medium,Other,types.po; glossary.po
Module :mod:`logging.config`,:mod:`logging.config` 模組,4,3,Medium,Code Elements,logging.handlers.po; logging.po; logging-cookbook.po
Module :mod:`logging.handlers`,:mod:`logging.handlers` 模組,4,3,Medium,Code Elements,logging.config.po; logging.po; logging-cookbook.po
__dunder__,有支援的 ``__dunder__`` 名稱,4,1,Medium,Other,enum.po
HTTPError,HTTPError,4,2,High,Exceptions,urllib2.po; urllib.error.po
search(),``search()``,4,3,Medium,Other,programming.po; regex.po; re.po
group(),``group()``,4,1,Medium,Other,regex.po
start(),``start()``,4,2,Medium,Other,threading.po; regex.po
span(),``span()``,4,1,Medium,Other,regex.po
sub(),``sub()``,4,2,Medium,Other,functional.po; regex.po
locals(),"def myFunc():
    print(""hello"")

fname = ""myFunc""

f = locals()[fname]
f()",4,3,Medium,Other,functions.po; programming.po; collections.po
read(),我似乎無法在用 os.popen() 建立的 pipe 上使用 os.read()；為什麼？,4,4,Medium,Other,library.po; inputoutput.po; subprocess.po; lzma.po
PyExc_OSError,你完全可以自行選擇要產生的例外。有一些預先宣告的 C 物件會對應到所有內建的 Python 例外，例如 :c:data:`PyExc_ZeroDivisionError`，你可以直接使用它們。當然，你應該明智地選擇例外，像是不要使用 :c:data:`PyExc_TypeError` 來表示檔案無法打開（應該是 :c:data:`PyExc_OSError`）。如果引數串列有問題，:c:func:`PyArg_ParseTuple` 函式通常會引發 :c:data:`PyExc_TypeError`。如果你有一個引數的值必須在一個特定的範圍內或必須滿足其他條件，則可以使用 :c:data:`PyExc_ValueError`。,4,2,High,Exceptions,extending.po; exceptions.po
PyExc_ValueError,你完全可以自行選擇要產生的例外。有一些預先宣告的 C 物件會對應到所有內建的 Python 例外，例如 :c:data:`PyExc_ZeroDivisionError`，你可以直接使用它們。當然，你應該明智地選擇例外，像是不要使用 :c:data:`PyExc_TypeError` 來表示檔案無法打開（應該是 :c:data:`PyExc_OSError`）。如果引數串列有問題，:c:func:`PyArg_ParseTuple` 函式通常會引發 :c:data:`PyExc_TypeError`。如果你有一個引數的值必須在一個特定的範圍內或必須滿足其他條件，則可以使用 :c:data:`PyExc_ValueError`。,4,2,High,Exceptions,extending.po; exceptions.po
exit(),終止腳本最直接的方式就是利用 ``sys.exit()``。,4,2,Medium,Other,stdlib.po; pdb.po
quit(),在主提示符輸入一個 end-of-file 字元（在 Unix 上為 :kbd:`Control-D`\ ；在 Windows 上為 :kbd:`Control-Z`\ ）會使得直譯器以零退出狀況 (zero exit status) 離開。如果上述的做法沒有效，也可以輸入指令 ``quit()`` 離開直譯器。,4,2,Medium,Other,interpreter.po; pdb.po
(),直譯器如同一台簡單的計算機：你可以輸入一個 expression（運算式），它會寫出該式的值。Expression 的語法可以使用：運算子 ``+``、``-``、``*`` 和 ``/`` 可以用來執行運算；括號 ``()`` 可以用來分群。例如： ::,4,4,Medium,Other,object.po; 3.11.po; introduction.po; stdtypes.po
:ref:`string-methods`,:ref:`string-methods`,4,2,Medium,Code Elements,string.po; introduction.po
Class Objects,Class 物件,4,2,Medium,Other,pyclbr.po; classes.po
UnicodeEncodeError,回呼取得單個引數，即 :exc:`UnicodeEncodeError`、:exc:`UnicodeDecodeError` 或 :exc:`UnicodeTranslateError` 的實例，其中包含關於有問題的字元或位元組序列及其在原始字串中偏移量的資訊（有關取得此資訊的函式，請參閱 :ref:`unicodeexceptions`）。回呼必須引發給定的例外，或者回傳一個包含有問題序列的替換的二元組 (two-item tuple)，以及一個代表原始字串中應該被恢復的編碼/解碼偏移量的整數。,4,3,High,Exceptions,codec.po; 3.11.po; exceptions.po
``b`` (:class:`int`) [unsigned char],``b`` (:class:`int`) [unsigned char],4,1,Medium,Code Elements,arg.po
:c:expr:`int`,:c:expr:`int`,4,4,Medium,Code Elements,struct.po; ctypes.po; structures.po; unicode.po
Accepts a :term:`path-like object`.,接受一個 :term:`path-like object`。,4,4,Medium,Code Elements,multiprocessing.po; gzip.po; os.path.po; unicode.po
:c:func:`PyObject_Vectorcall`,:c:func:`PyObject_Vectorcall`,4,2,Medium,Code Elements,3.12.po; call.po
:c:func:`PyObject_VectorcallMethod`,:c:func:`PyObject_VectorcallMethod`,4,2,Medium,Code Elements,3.12.po; call.po
with an exception set on error,成功時回傳 ``0``，在失敗時回傳 ``-1`` 並設定例外。,4,2,High,Exceptions,module.po; slice.po
PyExc_OverflowError,在整數溢位時，它們會設定 :c:data:`PyExc_OverflowError` 例外，並將 ``*result`` 設定為夾在 ``[PyTime_MIN; PyTime_MAX]`` 範圍內的值。（在目前的系統上，整數溢位很可能是由於錯誤設定的系統時間所造成。）,4,2,High,Exceptions,time.po; exceptions.po
Exception Classes,例外類別,4,2,High,Exceptions,concurrent.futures.po; exceptions.po
PyExc_BlockingIOError,:c:data:`PyExc_BlockingIOError`,4,1,High,Exceptions,exceptions.po
:exc:`BlockingIOError`,:exc:`BlockingIOError`,4,2,High,Exceptions,3.3.po; exceptions.po
PyExc_BrokenPipeError,:c:data:`PyExc_BrokenPipeError`,4,1,High,Exceptions,exceptions.po
:exc:`BrokenPipeError`,:exc:`BrokenPipeError`,4,2,High,Exceptions,3.3.po; exceptions.po
PyExc_ChildProcessError,:c:data:`PyExc_ChildProcessError`,4,1,High,Exceptions,exceptions.po
ChildProcessError,:exc:`ChildProcessError`,4,2,High,Exceptions,3.3.po; exceptions.po
:exc:`ChildProcessError`,:exc:`ChildProcessError`,4,2,High,Exceptions,3.3.po; exceptions.po
PyExc_ConnectionAbortedError,:c:data:`PyExc_ConnectionAbortedError`,4,1,High,Exceptions,exceptions.po
:exc:`ConnectionAbortedError`,:exc:`ConnectionAbortedError`,4,2,High,Exceptions,3.3.po; exceptions.po
PyExc_ConnectionError,:c:data:`PyExc_ConnectionError`,4,1,High,Exceptions,exceptions.po
:exc:`ConnectionError`,:exc:`ConnectionError`,4,2,High,Exceptions,3.3.po; exceptions.po
PyExc_ConnectionRefusedError,:c:data:`PyExc_ConnectionRefusedError`,4,1,High,Exceptions,exceptions.po
:exc:`ConnectionRefusedError`,:exc:`ConnectionRefusedError`,4,2,High,Exceptions,3.3.po; exceptions.po
PyExc_ConnectionResetError,:c:data:`PyExc_ConnectionResetError`,4,1,High,Exceptions,exceptions.po
:exc:`ConnectionResetError`,:exc:`ConnectionResetError`,4,2,High,Exceptions,3.3.po; exceptions.po
PyExc_FileExistsError,:c:data:`PyExc_FileExistsError`,4,1,High,Exceptions,exceptions.po
:exc:`FileExistsError`,:exc:`FileExistsError`,4,2,High,Exceptions,3.3.po; exceptions.po
PyExc_FileNotFoundError,:c:data:`PyExc_FileNotFoundError`,4,1,High,Exceptions,exceptions.po
:exc:`FileNotFoundError`,:exc:`FileNotFoundError`,4,2,High,Exceptions,3.3.po; exceptions.po
PyExc_InterruptedError,:c:data:`PyExc_InterruptedError`,4,1,High,Exceptions,exceptions.po
:exc:`InterruptedError`,:exc:`InterruptedError`,4,2,High,Exceptions,3.3.po; exceptions.po
PyExc_IsADirectoryError,:c:data:`PyExc_IsADirectoryError`,4,1,High,Exceptions,exceptions.po
IsADirectoryError,:exc:`IsADirectoryError`,4,2,High,Exceptions,3.3.po; exceptions.po
:exc:`IsADirectoryError`,:exc:`IsADirectoryError`,4,2,High,Exceptions,3.3.po; exceptions.po
LookupError,:exc:`LookupError`,4,2,High,Exceptions,contextvars.po; exceptions.po
MemoryError,:exc:`MemoryError`,4,2,High,Exceptions,ast.po; exceptions.po
PyExc_NotADirectoryError,:c:data:`PyExc_NotADirectoryError`,4,1,High,Exceptions,exceptions.po
NotADirectoryError,:exc:`NotADirectoryError`,4,2,High,Exceptions,3.3.po; exceptions.po
:exc:`NotADirectoryError`,:exc:`NotADirectoryError`,4,2,High,Exceptions,3.3.po; exceptions.po
PyExc_PermissionError,:c:data:`PyExc_PermissionError`,4,1,High,Exceptions,exceptions.po
:exc:`PermissionError`,:exc:`PermissionError`,4,2,High,Exceptions,3.3.po; exceptions.po
PyExc_ProcessLookupError,:c:data:`PyExc_ProcessLookupError`,4,1,High,Exceptions,exceptions.po
ProcessLookupError,:exc:`ProcessLookupError`,4,2,High,Exceptions,3.3.po; exceptions.po
:exc:`ProcessLookupError`,:exc:`ProcessLookupError`,4,2,High,Exceptions,3.3.po; exceptions.po
:exc:`RuntimeError`,:exc:`RuntimeError`,4,2,High,Exceptions,smtplib.po; exceptions.po
PyExc_TimeoutError,:c:data:`PyExc_TimeoutError`,4,1,High,Exceptions,exceptions.po
:exc:`TimeoutError`,:exc:`TimeoutError`,4,2,High,Exceptions,3.3.po; exceptions.po
exceptiontable,新增 ``qualname`` 和 ``exceptiontable`` 參數。,4,1,High,Exceptions,code.po
:monitoring-event:`C_RETURN`,:monitoring-event:`C_RETURN`,4,2,Medium,Code Elements,monitoring.po; sys.monitoring.po
:monitoring-event:`EXCEPTION_HANDLED`,:monitoring-event:`EXCEPTION_HANDLED`,4,2,High,Exceptions,monitoring.po; sys.monitoring.po
:monitoring-event:`PY_RETURN`,:monitoring-event:`PY_RETURN`,4,2,Medium,Code Elements,monitoring.po; sys.monitoring.po
:c:type:`vectorcallfunc`,:c:type:`vectorcallfunc`,4,2,Medium,Code Elements,typeobj.po; 3.12.po
__add__,__add__ __radd__,4,3,Medium,Other,numbers.po; typeobj.po; unittest.mock.po
__or__,__or__ __ror__,4,4,Medium,Other,typeobj.po; unittest.mock.po; collections.abc.po; stdtypes.po
:class:`!ast.Num`,:class:`!ast.Num`,4,4,Medium,Code Elements,3.13.po; 3.12.po; pending-removal-in-3.14.po; index.po
:class:`!ast.Str`,:class:`!ast.Str`,4,4,Medium,Code Elements,3.13.po; 3.12.po; pending-removal-in-3.14.po; index.po
:class:`!ast.Bytes`,:class:`!ast.Bytes`,4,4,Medium,Code Elements,3.13.po; 3.12.po; pending-removal-in-3.14.po; index.po
:class:`!ast.NameConstant`,:class:`!ast.NameConstant`,4,4,Medium,Code Elements,3.13.po; 3.12.po; pending-removal-in-3.14.po; index.po
:class:`!ast.Ellipsis`,:class:`!ast.Ellipsis`,4,4,Medium,Code Elements,3.13.po; 3.12.po; pending-removal-in-3.14.po; index.po
:mod:`importlib.abc` deprecated classes:,:mod:`importlib.abc` 的已棄用類別：,4,4,Medium,Code Elements,3.13.po; 3.12.po; pending-removal-in-3.14.po; index.po
:class:`!importlib.abc.ResourceReader`,:class:`!importlib.abc.ResourceReader`,4,4,Medium,Code Elements,3.13.po; 3.12.po; pending-removal-in-3.14.po; index.po
:class:`!importlib.abc.Traversable`,:class:`!importlib.abc.Traversable`,4,4,Medium,Code Elements,3.13.po; 3.12.po; pending-removal-in-3.14.po; index.po
:mod:`sqlite3`:,:mod:`sqlite3`：,4,4,Medium,Code Elements,3.13.po; 3.12.po; pending-removal-in-3.14.po; index.po
Modules (see :pep:`594`):,模組（請見 :pep:`594`）：,4,2,Medium,Code Elements,pending-removal-in-3.13.po; 3.12.po
locale.resetlocale(),``locale.resetlocale()`` (:gh:`90817`),4,2,Medium,Other,pending-removal-in-3.13.po; 3.12.po
contents(),``contents()``,4,2,Medium,Other,pending-removal-in-3.13.po; 3.12.po
is_resource(),``is_resource()``,4,2,Medium,Other,pending-removal-in-3.13.po; 3.12.po
open_binary(),``open_binary()``,4,2,Medium,Other,pending-removal-in-3.13.po; 3.12.po
open_text(),``open_text()``,4,2,Medium,Other,pending-removal-in-3.13.po; 3.12.po
path(),``path()``,4,2,Medium,Other,pending-removal-in-3.13.po; 3.12.po
read_binary(),``read_binary()``,4,2,Medium,Other,pending-removal-in-3.13.po; 3.12.po
:mod:`pathlib`:,:mod:`pathlib`：,4,4,Medium,Code Elements,3.13.po; 3.12.po; index.po; pending-removal-in-3.15.po
ExecError,自 Python 3.14 起，:class:`!ExecError` 例外已被棄用。自 Python 3.4 以來，它尚未被 :mod:`!shutil` 中的任何函式使用，現在是 :exc:`RuntimeError` 的別名。,4,4,High,Exceptions,3.13.po; 3.12.po; pending-removal-in-3.16.po; index.po
Class.get_methods symtable.Class.get_methods,自 Python 3.14 起，:meth:`Class.get_methods <symtable.Class.get_methods>` 方法已被棄用。,4,4,Medium,Other,3.13.po; 3.12.po; pending-removal-in-3.16.po; index.po
:mod:`tarfile`:,:mod:`tarfile`：,4,4,Medium,Code Elements,3.13.po; 3.12.po; pending-removal-in-3.16.po; index.po
.  In a future release it will be changed to a syntax error. (gh,目前 Python 接受數值字面值後面立即接關鍵字，例如 ``0in x``、``1or x``、``0if 1else 2``。它讓表達式模糊且容易混淆，如 ``[0x1for x in y]``\ （可以解釋為 ``[0x1 for x in y]`` 或 ``[0x1f or x in y]``）。如果數值字面值後立即接 :keyword:`and`、:keyword:`else`、:keyword:`for`、:keyword:`if`、:keyword:`in`、:keyword:`is` 和 :keyword:`or` 之一的關鍵字，則會引發語法警告。在未來版本中，它將被更改為語法錯誤。(:gh:`87999`),4,4,High,Exceptions,3.13.po; 3.12.po; index.po; pending-removal-in-future.po
__int__(),``__index__()`` 和 ``__int__()`` 方法回傳非 int 型別的支援：這些方法將需要回傳 :class:`int` 的嚴格子類別實例。,4,4,Medium,Other,3.13.po; 3.12.po; index.po; pending-removal-in-future.po
__float__(),回傳 :class:`float` 嚴格子類別 ``__float__()`` 方法的支援：這些方法將需要回傳 :class:`float` 的實例。,4,4,Medium,Other,3.13.po; 3.12.po; index.po; pending-removal-in-future.po
__complex__(),回傳 :class:`complex` 嚴格子類別 ``__complex__()`` 方法的支援：這些方法將需要回傳 :class:`complex` 的實例。,4,4,Medium,Other,3.13.po; 3.12.po; index.po; pending-removal-in-future.po
:mod:`importlib.metadata`:,:mod:`importlib.metadata`：,4,4,Medium,Code Elements,3.13.po; 3.12.po; index.po; pending-removal-in-future.po
Implicit ``None`` on return values.,回傳值上的隱式 ``None``。,4,4,Medium,Code Elements,3.13.po; 3.12.po; index.po; pending-removal-in-future.po
warn(),:mod:`logging`：自 Python 3.3 起，``warn()`` 方法已被棄用，請改用 :meth:`~logging.warning`。,4,4,Medium,Other,3.13.po; 3.12.po; index.po; pending-removal-in-future.po
pydoc.ErrorDuringImport,:class:`!pydoc.ErrorDuringImport`：*exc_info* 參數的元組值已被棄用，請用例外實例。,4,4,High,Exceptions,3.13.po; 3.12.po; index.po; pending-removal-in-future.po
:class:`typing.Text` (:gh:`92332`).,:class:`typing.Text` (:gh:`92332`)。,4,4,Medium,Code Elements,3.13.po; 3.12.po; index.po; pending-removal-in-future.po
PyErr_NormalizeException,:c:func:`PyErr_NormalizeException`：請改用 :c:func:`PyErr_GetRaisedException`。,4,4,High,Exceptions,3.13.po; 3.12.po; c-api-pending-removal-in-future.po; index.po
__enter__,註釋一個回傳自己的 :meth:`~object.__enter__` 方法。,4,3,Medium,Other,typing.po; io.po; unittest.mock.po
ClassVar,:data:`ClassVar` 只接受型別請不得使用下標。,4,1,Medium,Other,typing.po
collections.abc.AsyncGenerator,棄用 :class:`collections.abc.AsyncGenerator` 的別名。,4,2,Medium,Other,typing.po; stdtypes.po
AsyncGenerator,棄用 :class:`collections.abc.AsyncGenerator` 的別名。,4,3,Medium,Other,typing.po; stdtypes.po; collections.abc.po
collections.abc.AsyncIterator,棄用 :class:`collections.abc.AsyncIterator` 的別名。,4,2,Medium,Other,typing.po; stdtypes.po
collections.abc.Iterator,棄用 :class:`collections.abc.Iterator` 的別名。,4,2,Medium,Other,typing.po; stdtypes.po
collections.abc.Generator,棄用 :class:`collections.abc.Generator` 的別名。,4,2,Medium,Other,typing.po; stdtypes.po
Module :mod:`shelve`,:mod:`shelve` 模組,4,2,Medium,Code Elements,dbm.po; pickle.po
Module :mod:`calendar`,:mod:`calendar` 模組,4,2,Medium,Code Elements,time.po; datetime.po
Module :mod:`time`,:mod:`time` 模組,4,2,Medium,Code Elements,calendar.po; datetime.po
Module :mod:`os`,:mod:`os` 模組,4,2,Medium,Code Elements,filesys.po; fcntl.po
SSLCertVerificationError,:exc:`SSLCertVerificationError` 的別名。,4,1,High,Exceptions,ssl.po
Module :mod:`json`,:mod:`json` 模組,4,2,Medium,Code Elements,struct.po; configparser.po
Module :mod:`doctest`,:mod:`doctest` 模組,4,2,Medium,Code Elements,unittest.po; test.po
Module :mod:`imaplib`,:mod:`imaplib` 模組,4,2,Medium,Code Elements,poplib.po; email.po
The following exception is defined:,以下例外有被定義於該模組：,4,2,High,Exceptions,bdb.po; webbrowser.po
Module :mod:`faulthandler`,:mod:`faulthandler` 模組,4,2,Medium,Code Elements,traceback.po; pdb.po
Module :mod:`pdb`,:mod:`pdb` 模組,4,2,Medium,Code Elements,traceback.po; faulthandler.po
TracebackException,:class:`!TracebackException` 物件,4,1,High,Exceptions,traceback.po
Module :mod:`traceback`,:mod:`traceback` 模組,4,2,Medium,Code Elements,faulthandler.po; pdb.po
format() (built-in function),format()（內建函式）,4,2,Medium,Other,functions.po; datamodel.po
:class:`int`,:class:`int`,4,2,Medium,Code Elements,sqlite3.po; compound_stmts.po
:class:`bytes`,:class:`bytes`,4,2,Medium,Code Elements,sqlite3.po; compound_stmts.po
heading(),">>> turtle.heading()
22.0
>>> turtle.right(45)
>>> turtle.heading()
337.0",4,1,Medium,Other,turtle.po
Module :mod:`datetime`,:mod:`datetime` 模組,4,2,Medium,Code Elements,time.po; calendar.po
ZipImportError,如果 *archivepath* 未指向一個有效的 ZIP 封存檔案，則會引發 :exc:`ZipImportError`。,4,1,High,Exceptions,zipimport.po
:class:`Lock`,:class:`Lock`,4,2,Medium,Code Elements,asyncio-sync.po; asyncio-api-index.po
:class:`Event`,:class:`Event`,4,2,Medium,Code Elements,asyncio-sync.po; asyncio-api-index.po
:class:`Condition`,:class:`Condition`,4,2,Medium,Code Elements,asyncio-sync.po; asyncio-api-index.po
:class:`Semaphore`,:class:`Semaphore`,4,2,Medium,Code Elements,asyncio-sync.po; asyncio-api-index.po
:class:`BoundedSemaphore`,:class:`BoundedSemaphore`,4,2,Medium,Code Elements,asyncio-sync.po; asyncio-api-index.po
:class:`Barrier`,:class:`Barrier`,4,2,Medium,Code Elements,asyncio-sync.po; asyncio-api-index.po
__sizeof__,``__hash__``、``__sizeof__``、 ``__repr__`` 和 ``__str__``,4,1,Medium,Other,unittest.mock.po
cached_property,:func:`cached_property` 的機制與 :func:`property` 有所不同。除非定義了 setter，否則常規屬性會阻止屬性的寫入。相反地，*cached_property* 則允許寫入。,4,1,Medium,Other,functools.po
:c:type:`size_t`,:c:type:`size_t`,4,2,Medium,Code Elements,struct.po; ctypes.po
clock_nanosleep(),如果可以，使用 ``clock_nanosleep()``\ （解析度：1 奈秒）；,4,2,Medium,Other,time.po; 3.11.po
nanosleep(),或者使用 ``nanosleep()``\ （解析度：1 奈秒）；,4,2,Medium,Other,time.po; 3.11.po
__context__,當引發一個新的例外而同時有另一個例外已經正在被處理時，這個新例外的 :attr:`!__context__` 屬性會自動被設成那個已處理的例外。當使用 :keyword:`except` 或 :keyword:`finally` 子句或 :keyword:`with` 陳述式的時候例外會被處理。,4,2,Medium,Other,simple_stmts.po; exceptions.po
__cause__,預設的回溯 (traceback) 顯示程式碼會顯示這些連鎖的例外 (chained exception) 加上例外本身的回溯。當存在的時候，在 :attr:`!__cause__` 中明確地連鎖的例外總是會被顯示。而在 :attr:`!__context__` 中隱含地連鎖的例外只有當 :attr:`!__cause__` 是 :const:`None` 且 :attr:`!__suppress_context__` 是 false 時才會顯示。,4,2,Medium,Other,simple_stmts.po; exceptions.po
__cause__ (exception attribute),__cause__（例外屬性）,4,2,High,Exceptions,simple_stmts.po; exceptions.po
__context__ (exception attribute),__context__（例外屬性）,4,2,High,Exceptions,simple_stmts.po; exceptions.po
popen() (in module os),popen() (於 os 模組),4,2,Medium,Other,select.po; datamodel.po
wsgi.errors,回傳的物件應該被用作 ``wsgi.errors`` 串流。預設實作只會回傳 ``sys.stderr``。,4,1,High,Exceptions,wsgiref.po
__code__,__code__,4,3,Medium,Other,datamodel.po; inspect.po; stdtypes.po
Classes and functions,類別與函式,4,2,Medium,Other,unittest.po; inspect.po
:pep:`305` - CSV File API,:pep:`305` - CSV 檔案 API,4,2,Medium,Code Elements,csv.po; 2.3.po
__name__  __main__,程式頂層環境的名稱，可以使用 ``__name__ == '__main__'`` 運算式進行檢查；和,4,1,Medium,Other,__main__.po
:class:`tuple`,:class:`tuple`,4,2,Medium,Code Elements,stdtypes.po; compound_stmts.po
:class:`list`,:class:`list`,4,2,Medium,Code Elements,stdtypes.po; compound_stmts.po
:class:`dict`,:class:`dict`,4,2,Medium,Code Elements,stdtypes.po; compound_stmts.po
:class:`frozenset`,:class:`frozenset`,4,2,Medium,Code Elements,stdtypes.po; compound_stmts.po
Asynchronous generator functions,非同步產生器函式,4,2,Medium,Other,datamodel.po; expressions.po
Class Instances,類別實例,4,1,Medium,Other,datamodel.po
__spec__,__spec__ （模組屬性）,4,3,Medium,Other,3.10.po; datamodel.po; import.po
Improved error messages,改善錯誤訊息,4,2,High,Exceptions,3.13.po; 3.12.po
strdup(),``_PyMem_RawStrdup()``：``strdup()``；,4,1,Medium,Other,3.13.po
imp.load_source(),``imp.load_source()``,4,1,Medium,Other,3.12.po
PyFrame_GetGenerator,新增取得幀物件屬性的函式：:c:func:`PyFrame_GetBuiltins`、:c:func:`PyFrame_GetGenerator`、:c:func:`PyFrame_GetGlobals`、:c:func:`PyFrame_GetLasti`。,4,1,Medium,Other,3.11.po
iterator.__iter__,一個表示資料流的物件。重複地呼叫疊代器的 :meth:`~iterator.__next__` method（或是將它傳遞給內建函式 :func:`next`\ ）會依序回傳資料流中的各項目。當不再有資料時，則會引發 :exc:`StopIteration` 例外。此時，該疊代器物件已被用盡，而任何對其 :meth:`!__next__` method 的進一步呼叫，都只會再次引發 :exc:`StopIteration`。疊代器必須有一個 :meth:`~iterator.__iter__` method，它會回傳疊代器物件本身，所以每個疊代器也都是可疊代物件，且可以用於大多數適用其他可疊代物件的場合。一個明顯的例外，是嘗試多遍疊代 (multiple iteration passes) 的程式碼。一個容器物件（像是 :class:`list`）在每次你將它傳遞給 :func:`iter` 函式或在 :keyword:`for` 迴圈中使用它時，都會產生一個全新的疊代器。使用疊代器嘗試此事（多遍疊代）時，只會回傳在前一遍疊代中被用過的、同一個已被用盡的疊代器物件，使其看起來就像一個空的容器。,3,2,Medium,Other,classes.po; glossary.po
match(),``match()``,3,2,Medium,Other,regex.po; re.po
end(),``end()``,3,1,Medium,Other,regex.po
copy(),newdict = olddict.copy(),3,2,Medium,Other,programming.po; stdtypes.po
bytearray(),"result = bytearray()
for b in my_bytes_objects:
    result += b",3,2,Medium,Other,programming.po; stdtypes.po
method(),"for obj in mylist:
    obj.method()

for obj in mylist:
    function(obj)",3,2,Medium,Other,programming.po; unittest.mock-examples.po
__pycache__,這會將 ``.pyc`` 寫入與 ``foo.py`` 相同位置的 ``__pycache__`` 子目錄（或者你可以使用可選參數 ``cfile`` 覆蓋它）。,3,3,Medium,Other,programming.po; pathlib.po; modules.po
popen(),我似乎無法在用 os.popen() 建立的 pipe 上使用 os.read()；為什麼？,3,3,Medium,Other,library.po; select.po; datamodel.po
malloc(),傳統的垃圾收集 (GC) 在 Python 被嵌入其他應用程式時也成了一個問題。在獨立的 Python 程式裡當然可以把標準的 ``malloc()`` 和 ``free()`` 換成 GC 函式庫提供的其他版本；但一個嵌著 Python 的應用程式可能想用\ *自己*\ 的 malloc() 和 free() 替代品，而不是用 Python 的。以現在來說，CPython 和實作 malloc() 和 free() 的程式相處融洽。,3,1,Medium,Other,design.po
free(),傳統的垃圾收集 (GC) 在 Python 被嵌入其他應用程式時也成了一個問題。在獨立的 Python 程式裡當然可以把標準的 ``malloc()`` 和 ``free()`` 換成 GC 函式庫提供的其他版本；但一個嵌著 Python 的應用程式可能想用\ *自己*\ 的 malloc() 和 free() 替代品，而不是用 Python 的。以現在來說，CPython 和實作 malloc() 和 free() 的程式相處融洽。,3,1,Medium,Other,design.po
TabError,如果混合 tab 和空格造成前導空白字元出現問題，則 Python 會引發 :exc:`IndentationError` 或 :exc:`TabError`。你也可以運行 :mod:`tabnanny` 模組，在批次模式下檢查目錄樹。,3,2,High,Exceptions,exceptions.po; windows.po
SpamError,static PyObject *SpamError = NULL;,3,1,High,Exceptions,extending.po
format(),字串的 format() method,3,3,Medium,Other,functions.po; inputoutput.po; datamodel.po
f.close(),如果你沒有使用 :keyword:`with` 關鍵字，則應呼叫 ``f.close()`` 關閉檔案，可以立即釋放被它所使用的系統資源。,3,1,Medium,Other,inputoutput.po
__match_args__,"你可以將位置參數 (positional parameter) 與一些能夠排序其屬性的內建 class（例如 dataclasses）一起使用。你也可以透過在 class 中設定特殊屬性 ``__match_args__``，來定義模式中屬性們的特定位置。如果它被設定為 (""x"", ""y"")，則以下的模式都是等價的（且都會將屬性 ``y`` 連結到變數 ``var``）： ::",3,2,Medium,Other,3.10.po; controlflow.po
as_integer_ratio(),">>> x = 3.14159
>>> x.as_integer_ratio()
(3537115888337719, 1125899906842624)",3,3,Medium,Other,floatingpoint.po; 3.6.po; decimal.po
Representation Error,表示法誤差 (Representation Error),3,1,High,Exceptions,floatingpoint.po
MyClass.i,"那麼 ``MyClass.i`` 和 ``MyClass.f`` 都是有效的屬性參照，會分別回傳一個整數和一個函式物件。Class 屬性也可以被指派 (assign)，所以你可以透過賦值改變 ``MyClass.i`` 的值。:attr:`~type.__doc__` 也是一個有效的屬性，會回傳屬於該 class 的說明字串 (docstring)：``""A simple example class""``。",3,1,Medium,Other,classes.po
MyClass.f,"那麼 ``MyClass.i`` 和 ``MyClass.f`` 都是有效的屬性參照，會分別回傳一個整數和一個函式物件。Class 屬性也可以被指派 (assign)，所以你可以透過賦值改變 ``MyClass.i`` 的值。:attr:`~type.__doc__` 也是一個有效的屬性，會回傳屬於該 class 的說明字串 (docstring)：``""A simple example class""``。",3,1,Medium,Other,classes.po
BaseClassName,名稱 :class:`!BaseClassName` 必須被定義於作用域可及的命名空間，且該作用域要包含 derived class 定義。要代替 base class（基底類別）的名稱，用其他任意的運算式也是被允許的。這會很有用，例如，當一個 base class 是在另一個模組中被定義時： ::,3,1,Medium,Other,classes.po
Generators generator,:term:`產生器 <generator>`\ 是一個用於建立疊代器的簡單而強大的工具。它們的寫法和常規的函式一樣，但當它們要回傳資料時，會使用 :keyword:`yield` 陳述式。每次在產生器上呼叫 :func:`next` 時，它會從上次離開的位置恢復執行（它會記得所有資料值以及上一個被執行的陳述式）。以下範例顯示，建立產生器可以相當地容易： ::,3,3,Medium,Other,weakref.po; classes.po; itertools.po
UnicodeDecodeError,回呼取得單個引數，即 :exc:`UnicodeEncodeError`、:exc:`UnicodeDecodeError` 或 :exc:`UnicodeTranslateError` 的實例，其中包含關於有問題的字元或位元組序列及其在原始字串中偏移量的資訊（有關取得此資訊的函式，請參閱 :ref:`unicodeexceptions`）。回呼必須引發給定的例外，或者回傳一個包含有問題序列的替換的二元組 (two-item tuple)，以及一個代表原始字串中應該被恢復的編碼/解碼偏移量的整數。,3,2,High,Exceptions,codec.po; exceptions.po
UnicodeTranslateError,回呼取得單個引數，即 :exc:`UnicodeEncodeError`、:exc:`UnicodeDecodeError` 或 :exc:`UnicodeTranslateError` 的實例，其中包含關於有問題的字元或位元組序列及其在原始字串中偏移量的資訊（有關取得此資訊的函式，請參閱 :ref:`unicodeexceptions`）。回呼必須引發給定的例外，或者回傳一個包含有問題序列的替換的二元組 (two-item tuple)，以及一個代表原始字串中應該被恢復的編碼/解碼偏移量的整數。,3,2,High,Exceptions,codec.po; exceptions.po
abort(),當你的設計中有無法達到的程式碼路徑時，請使用此選項。例如在 ``case`` 語句已涵蓋了所有可能值的 ``switch`` 陳述式中的 ``default:`` 子句。在你可能想要呼叫 ``assert(0)`` 或 ``abort()`` 的地方使用它。,3,2,Medium,Other,intro.po; asyncio-llapi-index.po
:c:expr:`unsigned int`,:c:expr:`unsigned int`,3,3,Medium,Code Elements,struct.po; ctypes.po; structures.po
PyExc_BaseException,:c:data:`PyExc_BaseException`,3,1,High,Exceptions,exceptions.po
PyExc_Exception,:c:data:`PyExc_Exception`,3,1,High,Exceptions,exceptions.po
PyExc_ArithmeticError,:c:data:`PyExc_ArithmeticError`,3,1,High,Exceptions,exceptions.po
PyExc_AssertionError,:c:data:`PyExc_AssertionError`,3,1,High,Exceptions,exceptions.po
PyExc_AttributeError,:c:data:`PyExc_AttributeError`,3,1,High,Exceptions,exceptions.po
PyExc_BufferError,:c:data:`PyExc_BufferError`,3,1,High,Exceptions,exceptions.po
PyExc_EOFError,:c:data:`PyExc_EOFError`,3,1,High,Exceptions,exceptions.po
PyExc_FloatingPointError,:c:data:`PyExc_FloatingPointError`,3,1,High,Exceptions,exceptions.po
FloatingPointError,:exc:`FloatingPointError`,3,1,High,Exceptions,exceptions.po
PyExc_GeneratorExit,:c:data:`PyExc_GeneratorExit`,3,1,Medium,Other,exceptions.po
GeneratorExit,:exc:`GeneratorExit`,3,2,Medium,Other,expressions.po; exceptions.po
PyExc_ImportError,:c:data:`PyExc_ImportError`,3,1,High,Exceptions,exceptions.po
PyExc_IndentationError,:c:data:`PyExc_IndentationError`,3,1,High,Exceptions,exceptions.po
PyExc_IndexError,:c:data:`PyExc_IndexError`,3,1,High,Exceptions,exceptions.po
PyExc_KeyError,:c:data:`PyExc_KeyError`,3,1,High,Exceptions,exceptions.po
PyExc_LookupError,:c:data:`PyExc_LookupError`,3,1,High,Exceptions,exceptions.po
PyExc_MemoryError,:c:data:`PyExc_MemoryError`,3,1,High,Exceptions,exceptions.po
ModuleNotFoundError,:exc:`ModuleNotFoundError`,3,2,High,Exceptions,import.po; exceptions.po
PyExc_NameError,:c:data:`PyExc_NameError`,3,1,High,Exceptions,exceptions.po
PyExc_NotImplementedError,:c:data:`PyExc_NotImplementedError`,3,1,High,Exceptions,exceptions.po
PyExc_PythonFinalizationError,:c:data:`PyExc_PythonFinalizationError`,3,1,High,Exceptions,exceptions.po
PyExc_ReferenceError,:c:data:`PyExc_ReferenceError`,3,1,High,Exceptions,exceptions.po
ReferenceError,:exc:`ReferenceError`,3,2,High,Exceptions,weakref.po; exceptions.po
PyExc_RuntimeError,:c:data:`PyExc_RuntimeError`,3,1,High,Exceptions,exceptions.po
PyExc_SyntaxError,:c:data:`PyExc_SyntaxError`,3,1,High,Exceptions,exceptions.po
PyExc_SystemError,:c:data:`PyExc_SystemError`,3,1,High,Exceptions,exceptions.po
PyExc_TabError,:c:data:`PyExc_TabError`,3,1,High,Exceptions,exceptions.po
PyExc_UnboundLocalError,:c:data:`PyExc_UnboundLocalError`,3,1,High,Exceptions,exceptions.po
PyExc_UnicodeDecodeError,:c:data:`PyExc_UnicodeDecodeError`,3,1,High,Exceptions,exceptions.po
PyExc_UnicodeEncodeError,:c:data:`PyExc_UnicodeEncodeError`,3,1,High,Exceptions,exceptions.po
PyExc_UnicodeError,:c:data:`PyExc_UnicodeError`,3,1,High,Exceptions,exceptions.po
PyExc_UnicodeTranslateError,:c:data:`PyExc_UnicodeTranslateError`,3,1,High,Exceptions,exceptions.po
PyExc_EnvironmentError,:c:data:`!PyExc_EnvironmentError`,3,1,High,Exceptions,exceptions.po
PyExc_IOError,:c:data:`!PyExc_IOError`,3,1,High,Exceptions,exceptions.po
PyExc_WindowsError,:c:data:`!PyExc_WindowsError`,3,1,High,Exceptions,exceptions.po
PyType_FromMetaclass,"等價於 ``PyType_FromMetaclass(NULL, module, spec, bases)``。",3,1,Medium,Other,type.po
__parameters__,"建立一個 :ref:`GenericAlias <types-genericalias>` 物件，等同於呼叫 Python 的 :class:`types.GenericAlias` class。 *origin* 和 *args* 引數分別設定了 ``GenericAlias`` 的 ``__origin__`` 與 ``__args__`` 屬性。*origin* 應該要是個 :c:expr:`PyTypeObject*` 且 *args* 可以是個 :c:expr:`PyTupleObject*` 或任意 ``PyObject*``。如果傳入的 *args* 不是個 tuple（元組），則會自動建立一個長度為 1 的 tuple 且 ``__args__`` 會被設為 ``(args,)``。只會進行最少的引數檢查，所以即便 *origin* 不是個型別，函式也會不會失敗。 ``GenericAlias`` 的 ``__parameters__`` 屬性會自 ``__args__`` 惰性地建立 (constructed lazily)。當失敗時，會引發一個例外並回傳 ``NULL``。",3,3,Medium,Other,typing.po; typehints.po; stdtypes.po
Py_REFCNT(),:c:func:`Py_REFCNT()` 更改為行內靜態函式 (inline static function)。,3,2,Medium,Other,3.10.po; refcounting.po
__setattr__,"__setattr__, __delattr__",3,2,Medium,Other,typeobj.po; unittest.mock.po
__await__,__await__,3,2,Medium,Other,typeobj.po; collections.abc.po
__sub__,__sub__ __rsub__,3,3,Medium,Other,typeobj.po; unittest.mock.po; collections.abc.po
__mul__,__mul__ __rmul__,3,2,Medium,Other,typeobj.po; unittest.mock.po
__mod__,__mod__ __rmod__,3,3,Medium,Other,typeobj.po; 3.10.po; unittest.mock.po
__rmod__,__mod__ __rmod__,3,3,Medium,Other,typeobj.po; 3.10.po; collections.po
__divmod__,__divmod__ __rdivmod__,3,3,Medium,Other,typeobj.po; 3.10.po; unittest.mock.po
__neg__,__neg__,3,2,Medium,Other,typeobj.po; unittest.mock.po
__pos__,__pos__,3,2,Medium,Other,typeobj.po; unittest.mock.po
__invert__,__invert__,3,2,Medium,Other,typeobj.po; unittest.mock.po
__and__,__and__ __rand__,3,3,Medium,Other,typeobj.po; unittest.mock.po; collections.abc.po
__xor__,__xor__ __rxor__,3,3,Medium,Other,typeobj.po; unittest.mock.po; collections.abc.po
__floordiv__,__floordiv__,3,3,Medium,Other,typeobj.po; 3.10.po; unittest.mock.po
LoadError,當從檔案載入 cookies 失敗時，:class:`FileCookieJar` 的實例會引發這個例外。:exc:`LoadError` 是 :exc:`OSError` 的子類別。,3,1,High,Exceptions,http.cookiejar.po
socket.error,:exc:`SSLError` 曾經是 :exc:`socket.error` 的一個子型別。,3,2,High,Exceptions,ssl.po; exceptions.po
UnpicklingError,預設會引發 :exc:`UnpicklingError` 例外。,3,1,High,Exceptions,pickle.po
__reduce_ex__,另外，你也可以定義一個 :meth:`__reduce_ex__` 方法。唯一的不同的地方是此方法只接受協定版本（整數）作為參數。當有定義本方法時，pickle 會優先呼叫它而不是 :meth:`__reduce__` 。此外，呼叫 :meth:`__reduce__` 時也會自動變成呼叫這個變體版本。此方法主要是為了向後相容的舊的 Python 版本而存在。,3,2,Medium,Other,unittest.mock.po; pickle.po
ExpatError,:exc:`ExpatError` 的別名。,3,1,High,Exceptions,pyexpat.po
globals(),"spam = __import__('spam', globals(), locals(), [], 0)",3,2,Medium,Other,functions.po; collections.po
items(),"for k, v in rawdata.items():
    cookie[k] = v",3,3,Medium,Other,contextvars.po; 2.7.po; http.cookies.po
home(),home(),3,2,Medium,Other,turtle.po; pathlib.po
pos(),pos(),3,1,Medium,Other,turtle.po
configure(),"btn = ttk.Button(frm, ...)
print(btn.configure().keys())",3,2,Medium,Other,logging.config.po; tkinter.po
keys(),"btn = ttk.Button(frm, ...)
print(btn.configure().keys())",3,2,Medium,Other,2.5.po; tkinter.po
fork(),如果一個行程將在沒有 ``exec()`` 的情況下進行 ``fork()``，避免子行程中不必要的寫入時複製將最大化記憶體共享並減少整體記憶體使用。這需要避免在父行程的記憶體頁面中建立已釋放的「漏洞」，並確保子行程中的 GC 收集不會觸及源自父行程的長壽命物件的 ``gc_refs`` 計數器。要實現這兩個目標，請在父行程的早期呼叫 ``gc.disable()``，在 ``fork()`` 之前呼叫 ``gc.freeze()``，並儘早在子行程中呼叫 ``gc.enable()``。,3,2,Medium,Other,gc.po; subprocess.po
exit_on_error,新增 *exit_on_error* 參數。,3,1,High,Exceptions,argparse.po
throw(),Python 函式的繼續執行（對於產生器和協程函式），除了 ``throw()`` 呼叫。,3,1,Medium,Other,sys.monitoring.po
posix_spawn(),停用 ``vfork()`` 或 ``posix_spawn()``,3,1,Medium,Other,subprocess.po
C(),">>> C()  # doctest: +ELLIPSIS
<C object at 0x...>",3,3,Medium,Other,datamodel.po; 2.5.po; doctest.po
find_module(),在 3.10 版中已棄用的 ``find_loader()`` 和 ``find_module()`` 方法現已被移除。請改用 :meth:`find_spec`。,3,2,Medium,Other,zipimport.po; 3.12.po
onerror,引發一個附帶引數 ``top``、``topdown``、``onerror``、``followlinks`` 的\ :ref:`稽核事件 <auditing>` ``os.walk``。,3,2,High,Exceptions,shutil.po; os.po
enum.property,:func:`~enum.property`,3,2,Medium,Other,enum.po; 3.11.po
PropertyMock,一個理應在類別上當成 :class:`property` 或其他 :term:`descriptor` 的 mock。:class:`PropertyMock` 提供了 :meth:`~object.__get__` 和 :meth:`~object.__set__` 方法，因此你可以在它被提取時指定回傳值。,3,1,Medium,Other,unittest.mock.po
a.SomeClass,現在我們想要測試 ``some_function``，但我們想使用 :func:`patch` mock ``SomeClass``。問題是，當我們 import 模組 b 時（我們必須這樣做），它會從模組 a import ``SomeClass``。如果我們使用 :func:`patch` 來 mock ``a.SomeClass``，那麼它對我們的測試就不會有任何影響；模組 b 已經有了一個\ *真實的*\  ``SomeClass`` 的參照 ，看起來我們的 patch 並沒有任何效果。,3,1,Medium,Other,unittest.mock.po
__fspath__,檔案系統路徑表示法：``__fspath__``,3,1,Medium,Other,unittest.mock.po
__prepare__,``__prepare__``、``__instancecheck__``、``__subclasscheck__``、``__del__``,3,2,Medium,Other,datamodel.po; unittest.mock.po
decorator_list,``decorator_list`` 是要應用的裝飾器串列，在最外層者會被儲存在首位（即串列中首位將會是最後一個被應用的那個）。,3,1,Medium,Other,ast.po
CancelledError,:exc:`asyncio.CancelledError`,3,3,High,Exceptions,asyncio-exceptions.po; asyncio-api-index.po; asyncio-future.po
asyncio.BrokenBarrierError,:exc:`asyncio.BrokenBarrierError`,3,2,High,Exceptions,asyncio-api-index.po; 3.11.po
select(),或使用 ``select()``\ （解析度：1 微秒）。,3,2,Medium,Other,time.po; 3.11.po
GetSystemTimePreciseAsFileTime(),在 Windows 上，呼叫 ``GetSystemTimePreciseAsFileTime()``。,3,1,Medium,Other,time.po
SomeException,此方法設定 *tb* 為該例外的新的回溯並回傳該例外物件。在 :pep:`3134` 的例外連鎖功能變得可用之前，此方法曾被更普遍使用。下面的範例顯示我們如何將 ``SomeException`` 的實例轉換為 ``OtherException`` 的實例同時保留回溯。一旦被引發，目前的 frame 會被加進 ``OtherException`` 的回溯，就像原來 ``SomeException`` 的回溯會發生的一樣，我們允許它被傳遞給呼叫者： ::,3,2,High,Exceptions,unittest.po; exceptions.po
OS exceptions,如同下面的\ `作業系統例外 <OS exceptions_>`_\ 所描述，實際上建構函式通常回傳 :exc:`OSError` 的子類別。會依據最後 :attr:`.errno` 的值決定特定子類別。這個行為只發生在直接建構 :exc:`OSError` 或透過別名，且產生子類別的時候不會被繼承。,3,1,High,Exceptions,exceptions.po
JSONDecodeError,如果被去序列化（deserialized）的資料不符合 JSON 格式，將會引發 :exc:`JSONDecodeError` 例外。,3,1,High,Exceptions,json.po
breakpoint(),breakpoint(),3,1,Medium,Other,pdb.po
pdb.pm(),當使用 ``pdb.pm()`` 或 ``Pdb.post_mortem(...)`` 於鏈接例外而不是回溯時，它允許使用者在鏈接例外之間移動，使用 ``exceptions`` 命令以列出例外，並使用 ``exceptions <number>`` 切換到該例外。,3,1,Medium,Other,pdb.po
__defaults__,__defaults__,3,2,Medium,Other,datamodel.po; inspect.po
__kwdefaults__,__kwdefaults__,3,2,Medium,Other,datamodel.po; inspect.po
binascii.Error,如果 *s* 填充 (pad) 不正確，將引發 :exc:`binascii.Error` 例外。,3,1,High,Exceptions,base64.po
CycleError,將圖標記為已完成並檢查圖中的循環。如果檢測到任何循環，將引發 :exc:`CycleError`，但 :meth:`~TopologicalSorter.get_ready` 仍可用於盡可能獲得更多的節點，直到循環阻塞了進度。呼叫此函式後就無法修改圖，因此無法使用 :meth:`~TopologicalSorter.add` 來新增更多節點。,3,1,High,Exceptions,graphlib.po
A(),"with A() as a, B() as b:
    SUITE",3,1,Medium,Other,compound_stmts.po
B(),"with A() as a, B() as b:
    SUITE",3,1,Medium,Other,compound_stmts.po
func(),"@f1(arg)
@f2
def func(): pass",3,2,Medium,Other,compound_stmts.po; 3.6.po
create_module(),模組載入器可以選擇透過實作 :meth:`~importlib.abc.Loader.create_module` 方法，在載入過程中建立模組物件。該方法接受一個引數，即模組規格，並回傳在載入過程中要使用的新的模組物件。``create_module()`` 不需要在模組物件上設定任何屬性。如果該方法回傳 ``None``，引入機制將自行建立新的模組。,3,1,Medium,Other,import.po
Py_SymtableString(),``Py_SymtableString()``,3,1,Medium,Other,3.10.po
imp.find_module(),``imp.find_module()``,3,1,Medium,Other,3.12.po
Py_UNICODE_FILL(),:c:macro:`!Py_UNICODE_FILL()`: 使用 :c:func:`PyUnicode_Fill`,3,2,Medium,Other,3.3.po; 3.11.po
asynchronous generator iterator,一個會回傳 :term:`asynchronous generator iterator`\ （非同步產生器疊代器）的函式。它看起來像一個以 :keyword:`async def` 定義的協程函式 (coroutine function)，但不同的是它包含了 :keyword:`yield` 運算式，能生成一系列可用於 :keyword:`async for` 迴圈的值。,2,1,Medium,Other,glossary.po
:ref:`code <code-objects>` objects,:ref:`程式碼 <code-objects>`\ 物件,2,1,Medium,Code Elements,free-threading-python.po
:ref:`classes <classes>` (type objects),:ref:`類別 <classes>`\ （型別物件）,2,1,Medium,Code Elements,free-threading-python.po
:ref:`functional-howto`,:ref:`functional-howto`,2,1,Medium,Code Elements,index.po
:ref:`freethreading-python-howto`,:ref:`freethreading-python-howto`,2,1,Medium,Code Elements,index.po
:func:`print`,:func:`print`,2,2,Medium,Code Elements,functions.po; logging.po
``ERROR``,``ERROR``,2,1,High,Exceptions,logging.po
upper(),"getattr(logging, loglevel.upper())",2,2,Medium,Other,logging.po; stdtypes.po
Using the ``python-gdb`` extension,使用 ``python-gdb`` 擴充功能,2,1,Medium,Code Elements,gdb_helpers.po
sort(),">>> a = [5, 2, 3, 1, 4]
>>> a.sort()
>>> a
[1, 2, 3, 4, 5]",2,2,Medium,Other,sorting.po; design.po
E(),">>> E.f(3)
30
>>> E().f(3)
30",2,2,Medium,Other,descriptor.po; collections.abc.po
Enum Classes,Enum 類別,2,1,Medium,Other,enum.po
Flag Classes,Flag 類別,2,1,Medium,Other,enum.po
Using :class:`auto`,使用 :class:`auto`,2,1,Medium,Code Elements,enum.po
Using :class:`auto` would look like::,使用 :class:`auto` 會像這樣： ::,2,1,Medium,Code Elements,enum.po
Using :class:`object`,使用 :class:`object`,2,1,Medium,Code Elements,enum.po
Using :class:`object` would look like::,使用 :class:`object` 會像這樣： ::,2,1,Medium,Code Elements,enum.po
PyDict_GetItemWithError,:c:func:`PyDict_GetItemWithError`,2,1,High,Exceptions,free-threading-extensions.po
:c:func:`PyDict_GetItemWithError`,:c:func:`PyDict_GetItemWithError`,2,1,High,Exceptions,free-threading-extensions.po
:c:func:`PyDict_SetDefault`,:c:func:`PyDict_SetDefault`,2,1,Medium,Code Elements,free-threading-extensions.po
:c:func:`PyDict_SetDefaultRef`,:c:func:`PyDict_SetDefaultRef`,2,1,Medium,Code Elements,free-threading-extensions.po
:c:func:`PyWeakref_GetObject`,:c:func:`PyWeakref_GetObject`,2,1,Medium,Code Elements,free-threading-extensions.po
:c:func:`PyWeakref_GET_OBJECT`,:c:func:`PyWeakref_GET_OBJECT`,2,1,Medium,Code Elements,free-threading-extensions.po
:c:func:`PyImport_AddModule`,:c:func:`PyImport_AddModule`,2,1,Medium,Code Elements,free-threading-extensions.po
:c:func:`PyImport_AddModuleRef`,:c:func:`PyImport_AddModuleRef`,2,1,Medium,Code Elements,free-threading-extensions.po
findall(),``findall()``,2,1,Medium,Other,regex.po
finditer(),``finditer()``,2,1,Medium,Other,regex.po
groups(),">>> m.groups()
('abc', 'b')",2,2,Medium,Other,regex.po; re.po
split(),``split()``,2,1,Medium,Other,regex.po
subn(),``subn()``,2,1,Medium,Other,regex.po
connect(),事實上，有三種方法可以讓這個迴圈運作 - 分配一個執行緒 (thread) 來處理 ``clientsocket`` 、建立一個新行程 (process) 來處理 ``clientsocket``，或者將這個程式重新改寫成使用非阻塞 socket，並使用 ``select`` 在我們的「伺服器端」socket 和任何有效的 ``clientsocket`` 之間進行多工處理。稍後將會更詳細的介紹。現在最重要的是理解：這就是「伺服器端」socket 做的\ *所有* \事情。它不會發送任何資料、也不接收任何資料，它只會建立「伺服器端」socket。每個 ``clientsocket`` 都是為了回應某些\ *其他* \ ``connect()`` 到我們綁定的主機上的「用戶端」socket。一但 ``clientsocket`` 建立完成，就會繼續監聽更多的連線請求。兩個「用戶端」可以隨意的通訊 - 它們使用的是一些動態分配的連接埠，會在通訊結束的時候被回收並重新利用。,2,2,Medium,Other,sockets.po; asyncio-eventloop.po
len(),發送部分的程式碼幾乎可用於任何訊息的傳送方式 - 在 Python 中你發送一個字串，可以用 ``len()`` 來確認他的長度（即使字串包含了 ``\0`` 字元）。在這裡，主要是接收的程式碼變得更複雜一些。（在 C 語言中，情況沒有變得更糟，只是如果訊息中包含了 ``\0`` 字元，你就不能使用 ``strlen`` 函式。）,2,2,Medium,Other,sockets.po; wsgiref.po
generate_ints(),以下是 ``generate_ints()`` 產生器的使用範例：,2,1,Medium,Other,functional.po
add(),數學運算：``add()``、``sub()``、``mul()``、``floordiv()``、``abs()``...,2,1,Medium,Other,functional.po
mul(),數學運算：``add()``、``sub()``、``mul()``、``floordiv()``、``abs()``...,2,1,Medium,Other,functional.po
floordiv(),數學運算：``add()``、``sub()``、``mul()``、``floordiv()``、``abs()``...,2,1,Medium,Other,functional.po
abs(),數學運算：``add()``、``sub()``、``mul()``、``floordiv()``、``abs()``...,2,1,Medium,Other,functional.po
"import foo
getattr(foo, 'bar')()","import foo
getattr(foo, 'bar')()",2,1,Medium,Other,programming.po
__iadd__,">>> result = a_list.__iadd__([1])
>>> a_list = result",2,2,Medium,Other,typeobj.po; programming.po
id(),為什麼 ``id()`` 的結果看起來不唯一？,2,1,Medium,Other,programming.po
main imports ``foo``,主要引入 ``foo``,2,1,Medium,Code Elements,programming.po
``foo`` imports ``bar``,``foo`` 引入 ``bar``,2,1,Medium,Code Elements,programming.po
``import`` statements,``import`` 陳述式,2,1,Medium,Code Elements,programming.po
fileno(),"os.close(stdin.fileno())
os.close(stdout.fileno())
os.close(stderr.fileno())",2,2,Medium,Other,library.po; multiprocessing.po
random(),"import random
random.random()",2,2,Medium,Other,library.po; random.po
join(),為何 join() 是字串方法而非串列 (list) 或元組 (tuple) 方法？,2,2,Medium,Other,threading.po; design.po
getvalue(),"單就這個情況來說，你也可以用 ``value = dict.setdefault(key, getvalue(key))``，不過只有在 ``getvalue()`` 代價不大的時候才能用，畢竟他每次都會被執行。",2,2,Medium,Other,contextlib.po; design.po
PyInit_foo(),"是的，.pyd 檔類似於 dll，但也有一些區別。如果你有一個名為 ``foo.pyd`` 的 DLL，則它必須具有函式 ``PyInit_foo()``。接著你可以將 ""import foo"" 寫入 Python 腳本，Python 將會搜尋 foo.pyd（以及 foo.py、foo.pyc），如果 Python 找到它，將會嘗試呼叫 ``PyInit_foo()`` 來將它初始化。你並不會將你的 .exe 與 foo.lib 連結 (link)，因為這會導致 Windows 要求 DLL 的存在。",2,1,Medium,Other,windows.po
Intermezzo: Errors and Exceptions,插曲：錯誤與例外,2,1,High,Exceptions,extending.po
spam.error,請注意，例外物件的 Python 名稱是 :exc:`!spam.error`。如同\ :ref:`bltin-exceptions`\ 所述，:c:func:`PyErr_NewException` 函式可能會建立一個基底類別為 :exc:`Exception` 的類別（除非傳入另一個類別來代替 ``NULL``）。,2,1,High,Exceptions,extending.po
:ref:`c-api-index`,:ref:`c-api-index`,2,1,Medium,Code Elements,embedding.po
The String format() Method,字串的 format() method,2,1,Medium,Other,inputoutput.po
f.write(),呼叫 ``f.write()`` 時，若未使用 :keyword:`!with` 關鍵字或呼叫 ``f.close()``，即使程式成功退出，也\ **可能**\ 導致 ``f.write()`` 的引數沒有被完全寫入硬碟。,2,1,Medium,Other,inputoutput.po
f.readline(),``f.readline()`` 從檔案中讀取單獨一行；換行字元（``\n``）會被留在字串的結尾，只有當檔案末端不是換行字元時，它才會在檔案的最後一行被省略。這種方式讓回傳值清晰明確；只要 ``f.readline()`` 回傳一個空字串，就表示已經到達了檔案末端，而空白行的表示法是 ``'\n'``，也就是只含一個換行字元的字串。 ::,2,1,Medium,Other,inputoutput.po
f.tell(),``f.tell()`` 回傳一個整數，它給出檔案物件在檔案中的目前位置，在二進制模式下表示為檔案開始至今的位元組數，在文字模式下表示為一個意義不明的數字。,2,1,Medium,Other,inputoutput.po
:mod:`pickle` - the pickle module,:mod:`pickle` - pickle 模組,2,1,Medium,Code Elements,inputoutput.po
sys.exit(),終止腳本最直接的方式就是利用 ``sys.exit()``。,2,1,Medium,Other,stdlib.po
The :func:`dir` Function,:func:`dir` 函式,2,1,Medium,Code Elements,modules.po
Errors and Exceptions,錯誤和例外,2,1,High,Exceptions,errors.po
Syntax Errors,語法錯誤 (Syntax Error),2,1,High,Exceptions,errors.po
Handling Exceptions,處理例外,2,1,High,Exceptions,errors.po
Raising Exceptions,引發例外,2,1,High,Exceptions,errors.po
Exception Chaining,例外鏈接 (Exception Chaining),2,1,High,Exceptions,errors.po
User-defined Exceptions,使用者自定的例外,2,1,High,Exceptions,errors.po
Enriching Exceptions with Notes,用註解使例外更詳細,2,1,High,Exceptions,errors.po
The :func:`range` Function,:func:`range` 函式,2,1,Medium,Code Elements,controlflow.po
:ref:`formatstrings`,:ref:`formatstrings`,2,2,Medium,Code Elements,2.6.po; introduction.po
hex(),">>> x.hex()
'0x1.921f9f01b866ep+1'",2,2,Medium,Other,floatingpoint.po; stdtypes.po
A First Look at Classes,初見 class,2,1,Medium,Other,classes.po
Class Definition Syntax,Class definition（類別定義）語法,2,1,Medium,Other,classes.po
x = MyClass(),x = MyClass(),2,1,Medium,Other,classes.po
MyClass,x = MyClass(),2,1,Medium,Other,classes.po
x.f(),當一個 method 被呼叫時究竟會發生什麼事？你可能已經注意到 ``x.f()`` 被呼叫時沒有任何的引數，儘管 :meth:`!f` 的函式定義有指定一個引數。這個引數發生了什麼事？當一個需要引數的函式被呼叫而沒有給任何引數時，Python 肯定會引發例外——即使該引數實際上沒有被使用...,2,1,Medium,Other,classes.po
Class and Instance Variables,Class 及實例變數,2,1,Medium,Other,classes.po
DerivedClassName,class DerivedClassName(modname.BaseClassName):,2,1,Medium,Other,classes.po
exec(),另外也注意，傳遞給 ``exec()`` 或 ``eval()`` 的程式碼不會把叫用 class 的名稱視為目前的 class；這和 ``global`` 陳述式的效果類似，該效果同樣僅限於整體被位元組編譯後 (byte-compiled) 的程式碼。同樣的限制適用於 ``getattr()``，``setattr()`` 和 ``delattr()``，以及直接參照 ``__dict__`` 時。,2,2,Medium,Other,gc.po; classes.po
eval(),另外也注意，傳遞給 ``exec()`` 或 ``eval()`` 的程式碼不會把叫用 class 的名稱視為目前的 class；這和 ``global`` 陳述式的效果類似，該效果同樣僅限於整體被位元組編譯後 (byte-compiled) 的程式碼。同樣的限制適用於 ``getattr()``，``setattr()`` 和 ``delattr()``，以及直接參照 ``__dict__`` 時。,2,2,Medium,Other,classes.po; security_warnings.po
__PYVENV_LAUNCHER__,``__PYVENV_LAUNCHER__`` 環境變數,2,1,Medium,Other,init_config.po
``s`` (:class:`str`) [const char \*],``s`` (:class:`str`) [const char \*],2,1,Medium,Code Elements,arg.po
``U`` (:class:`str`) [PyObject \*],``U`` (:class:`str`) [PyObject \*],2,1,Medium,Code Elements,arg.po
``h`` (:class:`int`) [short int],``h`` (:class:`int`) [short int],2,1,Medium,Code Elements,arg.po
``i`` (:class:`int`) [int],``i`` (:class:`int`) [int],2,1,Medium,Code Elements,arg.po
``I`` (:class:`int`) [unsigned int],``I`` (:class:`int`) [unsigned int],2,1,Medium,Code Elements,arg.po
``l`` (:class:`int`) [long int],``l`` (:class:`int`) [long int],2,1,Medium,Code Elements,arg.po
``k`` (:class:`int`) [unsigned long],``k`` (:class:`int`) [unsigned long],2,1,Medium,Code Elements,arg.po
``L`` (:class:`int`) [long long],``L`` (:class:`int`) [long long],2,1,Medium,Code Elements,arg.po
``C`` (:class:`str` of length 1) [int],``C`` (長度為 1 的 :class:`str`) [int],2,1,Medium,Code Elements,arg.po
``f`` (:class:`float`) [float],``f`` (:class:`float`) [float],2,1,Medium,Code Elements,arg.po
``d`` (:class:`float`) [double],``d`` (:class:`float`) [double],2,1,Medium,Code Elements,arg.po
``D`` (:class:`complex`) [Py_complex],``D`` (:class:`complex`) [Py_complex],2,1,Medium,Code Elements,arg.po
``O`` (object) [PyObject \*],``O`` (object) [PyObject \*],2,1,Medium,Code Elements,arg.po
"``O&`` (object) [*converter*, *address*]","``O&`` (object) [*converter*, *address*]",2,1,Medium,Code Elements,arg.po
``p`` (:class:`bool`) [int],``p`` (:class:`bool`) [int],2,1,Medium,Code Elements,arg.po
``y`` (:class:`bytes`) [const char \*],``y`` (:class:`bytes`) [const char \*],2,1,Medium,Code Elements,arg.po
``u`` (:class:`str`) [const wchar_t \*],``u`` (:class:`str`) [const wchar_t \*],2,1,Medium,Code Elements,arg.po
``b`` (:class:`int`) [char],``b`` (:class:`int`) [char],2,1,Medium,Code Elements,arg.po
``D`` (:class:`complex`) [Py_complex \*],``D`` (:class:`complex`) [Py_complex \*],2,1,Medium,Code Elements,arg.po
``S`` (object) [PyObject \*],``S`` (object) [PyObject \*],2,1,Medium,Code Elements,arg.po
``N`` (object) [PyObject \*],``N`` (object) [PyObject \*],2,1,Medium,Code Elements,arg.po
Py_FatalError,如果程式碼路徑是極不可能但在特殊情況下可以到達，則不得使用此巨集。例如在低記憶體條件下或系統呼叫回傳了超出預期範圍的值。在這種情況下，最好將錯誤回報給呼叫者。如果無法回報錯誤則可以使用 :c:func:`Py_FatalError`。,2,2,High,Exceptions,intro.po; init.po
sys.exc_info(),完整的例外狀態由三個（都可以為 ``NULL`` 的）物件組成：例外型別、對應的例外值和回溯。這些與 ``sys.exc_info()`` 的 Python 結果具有相同的含義；但是它們並不相同：Python 物件表示由 Python :keyword:`try` ... :keyword:`except` 陳述式處理的最後一個例外，而 C 層級的例外狀態僅在例外在 C 函式間傳遞時存在，直到它到達 Python 位元組碼直譯器的主迴圈，該迴圈負責將它傳遞給 ``sys.exc_info()`` 和其系列函式。,2,1,Medium,Other,intro.po
PyErr_ExceptionMatches (C function),PyErr_ExceptionMatches（C 函式）,2,1,High,Exceptions,intro.po
``PyFunction_EVENT_CREATE``,``PyFunction_EVENT_CREATE``,2,1,Medium,Code Elements,function.po
``PyFunction_EVENT_DESTROY``,``PyFunction_EVENT_DESTROY``,2,1,Medium,Code Elements,function.po
``PyFunction_EVENT_MODIFY_CODE``,``PyFunction_EVENT_MODIFY_CODE``,2,1,Medium,Code Elements,function.po
``PyFunction_EVENT_MODIFY_DEFAULTS``,``PyFunction_EVENT_MODIFY_DEFAULTS``,2,1,Medium,Code Elements,function.po
``PyFunction_EVENT_MODIFY_KWDEFAULTS``,``PyFunction_EVENT_MODIFY_KWDEFAULTS``,2,1,Medium,Code Elements,function.po
overflow_exception,"如果 ``s`` 表示的值太大而無法儲存在浮點數中（例如 ``""1e500""`` 在許多平台上都是這樣的字串），如果 ``overflow_exception`` 為 ``NULL`` 則回傳 ``Py_HUGE_VAL``\ （會帶有適當的符號）並且不設定任何例外。否則， ``overflow_exception`` 必須指向一個 Python 例外物件；引發該例外並回傳 ``-1.0``。在這兩種情況下，將 ``*endptr`` 設定為指向轉換後的值之後的第一個字元。",2,1,High,Exceptions,conversion.po
Iterator Objects,疊代器（Iterator）物件,2,1,Medium,Other,iterator.po
:c:type:`size_t` or :c:type:`ssize_t`,:c:type:`size_t` 或 :c:type:`ssize_t`,2,1,Medium,Code Elements,unicode.po
:c:type:`ptrdiff_t`,:c:type:`ptrdiff_t`,2,1,Medium,Code Elements,unicode.po
:c:expr:`PyObject*`,:c:expr:`PyObject*`,2,1,Medium,Code Elements,unicode.po
:c:expr:`PyTypeObject*`,:c:expr:`PyTypeObject*`,2,1,Medium,Code Elements,unicode.po
and set an exception if unsuccessful.  Analogous to,將物件 *item* 附加到串列 *list* 的最後面。如果成功則回傳 ``0``；如果不成功，則回傳 ``-1`` 並設定例外。類似於 ``list.append(item)``。,2,1,High,Exceptions,list.po
:py:class:`int`,:py:class:`int`,2,1,Medium,Code Elements,structures.po
:py:class:`float`,:py:class:`float`,2,1,Medium,Code Elements,structures.po
:py:class:`bool`,:py:class:`bool`,2,1,Medium,Code Elements,structures.po
:py:class:`str` (RO),:py:class:`str` (RO),2,1,Medium,Code Elements,structures.po
:py:class:`str` (**),:py:class:`str` (**),2,1,Medium,Code Elements,structures.po
:c:expr:`PyObject *`,:c:expr:`PyObject *`,2,1,Medium,Code Elements,structures.po
:py:class:`object` (D),:py:class:`object` (D),2,1,Medium,Code Elements,structures.po
:c:func:`PyObject_Call`,:c:func:`PyObject_Call`,2,1,Medium,Code Elements,call.po
``PyObject *``,``PyObject *``,2,1,Medium,Code Elements,call.po
:c:func:`PyObject_CallNoArgs`,:c:func:`PyObject_CallNoArgs`,2,1,Medium,Code Elements,call.po
:c:func:`PyObject_CallOneArg`,:c:func:`PyObject_CallOneArg`,2,1,Medium,Code Elements,call.po
:c:func:`PyObject_CallObject`,:c:func:`PyObject_CallObject`,2,1,Medium,Code Elements,call.po
:c:func:`PyObject_CallFunction`,:c:func:`PyObject_CallFunction`,2,1,Medium,Code Elements,call.po
:c:func:`PyObject_CallMethod`,:c:func:`PyObject_CallMethod`,2,1,Medium,Code Elements,call.po
:c:func:`PyObject_CallFunctionObjArgs`,:c:func:`PyObject_CallFunctionObjArgs`,2,1,Medium,Code Elements,call.po
:c:func:`PyObject_CallMethodObjArgs`,:c:func:`PyObject_CallMethodObjArgs`,2,1,Medium,Code Elements,call.po
:c:func:`PyObject_CallMethodNoArgs`,:c:func:`PyObject_CallMethodNoArgs`,2,1,Medium,Code Elements,call.po
:c:func:`PyObject_CallMethodOneArg`,:c:func:`PyObject_CallMethodOneArg`,2,1,Medium,Code Elements,call.po
:c:func:`PyObject_VectorcallDict`,:c:func:`PyObject_VectorcallDict`,2,1,Medium,Code Elements,call.po
Exception Handling,例外處理,2,1,High,Exceptions,exceptions.po
Exception Objects,例外物件,2,1,High,Exceptions,exceptions.po
:c:data:`PyExc_BaseException`,:c:data:`PyExc_BaseException`,2,1,High,Exceptions,exceptions.po
:exc:`BaseException`,:exc:`BaseException`,2,1,High,Exceptions,exceptions.po
:c:data:`PyExc_BaseExceptionGroup`,:c:data:`PyExc_BaseExceptionGroup`,2,1,High,Exceptions,exceptions.po
:exc:`BaseExceptionGroup`,:exc:`BaseExceptionGroup`,2,1,High,Exceptions,exceptions.po
:c:data:`PyExc_Exception`,:c:data:`PyExc_Exception`,2,1,High,Exceptions,exceptions.po
:exc:`Exception`,:exc:`Exception`,2,1,High,Exceptions,exceptions.po
:c:data:`PyExc_ArithmeticError`,:c:data:`PyExc_ArithmeticError`,2,1,High,Exceptions,exceptions.po
ArithmeticError,:exc:`ArithmeticError`,2,1,High,Exceptions,exceptions.po
:exc:`ArithmeticError`,:exc:`ArithmeticError`,2,1,High,Exceptions,exceptions.po
:c:data:`PyExc_AssertionError`,:c:data:`PyExc_AssertionError`,2,1,High,Exceptions,exceptions.po
:exc:`AssertionError`,:exc:`AssertionError`,2,1,High,Exceptions,exceptions.po
:c:data:`PyExc_AttributeError`,:c:data:`PyExc_AttributeError`,2,1,High,Exceptions,exceptions.po
:exc:`AttributeError`,:exc:`AttributeError`,2,1,High,Exceptions,exceptions.po
:c:data:`PyExc_BlockingIOError`,:c:data:`PyExc_BlockingIOError`,2,1,High,Exceptions,exceptions.po
:c:data:`PyExc_BrokenPipeError`,:c:data:`PyExc_BrokenPipeError`,2,1,High,Exceptions,exceptions.po
:c:data:`PyExc_BufferError`,:c:data:`PyExc_BufferError`,2,1,High,Exceptions,exceptions.po
BufferError,:exc:`BufferError`,2,1,High,Exceptions,exceptions.po
:exc:`BufferError`,:exc:`BufferError`,2,1,High,Exceptions,exceptions.po
:c:data:`PyExc_ChildProcessError`,:c:data:`PyExc_ChildProcessError`,2,1,High,Exceptions,exceptions.po
:c:data:`PyExc_ConnectionAbortedError`,:c:data:`PyExc_ConnectionAbortedError`,2,1,High,Exceptions,exceptions.po
:c:data:`PyExc_ConnectionError`,:c:data:`PyExc_ConnectionError`,2,1,High,Exceptions,exceptions.po
:c:data:`PyExc_ConnectionRefusedError`,:c:data:`PyExc_ConnectionRefusedError`,2,1,High,Exceptions,exceptions.po
:c:data:`PyExc_ConnectionResetError`,:c:data:`PyExc_ConnectionResetError`,2,1,High,Exceptions,exceptions.po
:c:data:`PyExc_EOFError`,:c:data:`PyExc_EOFError`,2,1,High,Exceptions,exceptions.po
:exc:`EOFError`,:exc:`EOFError`,2,1,High,Exceptions,exceptions.po
:c:data:`PyExc_FileExistsError`,:c:data:`PyExc_FileExistsError`,2,1,High,Exceptions,exceptions.po
:c:data:`PyExc_FileNotFoundError`,:c:data:`PyExc_FileNotFoundError`,2,1,High,Exceptions,exceptions.po
:c:data:`PyExc_FloatingPointError`,:c:data:`PyExc_FloatingPointError`,2,1,High,Exceptions,exceptions.po
:exc:`FloatingPointError`,:exc:`FloatingPointError`,2,1,High,Exceptions,exceptions.po
:c:data:`PyExc_ImportError`,:c:data:`PyExc_ImportError`,2,1,High,Exceptions,exceptions.po
:exc:`ImportError`,:exc:`ImportError`,2,1,High,Exceptions,exceptions.po
:c:data:`PyExc_IndentationError`,:c:data:`PyExc_IndentationError`,2,1,High,Exceptions,exceptions.po
:exc:`IndentationError`,:exc:`IndentationError`,2,1,High,Exceptions,exceptions.po
:c:data:`PyExc_IndexError`,:c:data:`PyExc_IndexError`,2,1,High,Exceptions,exceptions.po
:exc:`IndexError`,:exc:`IndexError`,2,1,High,Exceptions,exceptions.po
:c:data:`PyExc_InterruptedError`,:c:data:`PyExc_InterruptedError`,2,1,High,Exceptions,exceptions.po
:c:data:`PyExc_IsADirectoryError`,:c:data:`PyExc_IsADirectoryError`,2,1,High,Exceptions,exceptions.po
:c:data:`PyExc_KeyError`,:c:data:`PyExc_KeyError`,2,1,High,Exceptions,exceptions.po
:exc:`KeyError`,:exc:`KeyError`,2,1,High,Exceptions,exceptions.po
:c:data:`PyExc_LookupError`,:c:data:`PyExc_LookupError`,2,1,High,Exceptions,exceptions.po
:exc:`LookupError`,:exc:`LookupError`,2,1,High,Exceptions,exceptions.po
:c:data:`PyExc_MemoryError`,:c:data:`PyExc_MemoryError`,2,1,High,Exceptions,exceptions.po
:exc:`MemoryError`,:exc:`MemoryError`,2,1,High,Exceptions,exceptions.po
:c:data:`PyExc_ModuleNotFoundError`,:c:data:`PyExc_ModuleNotFoundError`,2,1,High,Exceptions,exceptions.po
:exc:`ModuleNotFoundError`,:exc:`ModuleNotFoundError`,2,1,High,Exceptions,exceptions.po
:c:data:`PyExc_NameError`,:c:data:`PyExc_NameError`,2,1,High,Exceptions,exceptions.po
:exc:`NameError`,:exc:`NameError`,2,1,High,Exceptions,exceptions.po
:c:data:`PyExc_NotADirectoryError`,:c:data:`PyExc_NotADirectoryError`,2,1,High,Exceptions,exceptions.po
:c:data:`PyExc_NotImplementedError`,:c:data:`PyExc_NotImplementedError`,2,1,High,Exceptions,exceptions.po
:exc:`NotImplementedError`,:exc:`NotImplementedError`,2,1,High,Exceptions,exceptions.po
:c:data:`PyExc_OSError`,:c:data:`PyExc_OSError`,2,1,High,Exceptions,exceptions.po
:exc:`OSError`,:exc:`OSError`,2,1,High,Exceptions,exceptions.po
:c:data:`PyExc_OverflowError`,:c:data:`PyExc_OverflowError`,2,1,High,Exceptions,exceptions.po
:exc:`OverflowError`,:exc:`OverflowError`,2,1,High,Exceptions,exceptions.po
:c:data:`PyExc_PermissionError`,:c:data:`PyExc_PermissionError`,2,1,High,Exceptions,exceptions.po
:c:data:`PyExc_ProcessLookupError`,:c:data:`PyExc_ProcessLookupError`,2,1,High,Exceptions,exceptions.po
:c:data:`PyExc_PythonFinalizationError`,:c:data:`PyExc_PythonFinalizationError`,2,1,High,Exceptions,exceptions.po
:exc:`PythonFinalizationError`,:exc:`PythonFinalizationError`,2,1,High,Exceptions,exceptions.po
:c:data:`PyExc_RecursionError`,:c:data:`PyExc_RecursionError`,2,1,High,Exceptions,exceptions.po
:exc:`RecursionError`,:exc:`RecursionError`,2,1,High,Exceptions,exceptions.po
:c:data:`PyExc_ReferenceError`,:c:data:`PyExc_ReferenceError`,2,1,High,Exceptions,exceptions.po
:exc:`ReferenceError`,:exc:`ReferenceError`,2,1,High,Exceptions,exceptions.po
:c:data:`PyExc_RuntimeError`,:c:data:`PyExc_RuntimeError`,2,1,High,Exceptions,exceptions.po
:c:data:`PyExc_SyntaxError`,:c:data:`PyExc_SyntaxError`,2,1,High,Exceptions,exceptions.po
:exc:`SyntaxError`,:exc:`SyntaxError`,2,1,High,Exceptions,exceptions.po
:c:data:`PyExc_SystemError`,:c:data:`PyExc_SystemError`,2,1,High,Exceptions,exceptions.po
:exc:`SystemError`,:exc:`SystemError`,2,1,High,Exceptions,exceptions.po
:c:data:`PyExc_TabError`,:c:data:`PyExc_TabError`,2,1,High,Exceptions,exceptions.po
:exc:`TabError`,:exc:`TabError`,2,1,High,Exceptions,exceptions.po
:c:data:`PyExc_TimeoutError`,:c:data:`PyExc_TimeoutError`,2,1,High,Exceptions,exceptions.po
:c:data:`PyExc_TypeError`,:c:data:`PyExc_TypeError`,2,1,High,Exceptions,exceptions.po
:exc:`TypeError`,:exc:`TypeError`,2,1,High,Exceptions,exceptions.po
:c:data:`PyExc_UnboundLocalError`,:c:data:`PyExc_UnboundLocalError`,2,1,High,Exceptions,exceptions.po
:exc:`UnboundLocalError`,:exc:`UnboundLocalError`,2,1,High,Exceptions,exceptions.po
:c:data:`PyExc_UnicodeDecodeError`,:c:data:`PyExc_UnicodeDecodeError`,2,1,High,Exceptions,exceptions.po
:exc:`UnicodeDecodeError`,:exc:`UnicodeDecodeError`,2,1,High,Exceptions,exceptions.po
:c:data:`PyExc_UnicodeEncodeError`,:c:data:`PyExc_UnicodeEncodeError`,2,1,High,Exceptions,exceptions.po
:exc:`UnicodeEncodeError`,:exc:`UnicodeEncodeError`,2,1,High,Exceptions,exceptions.po
:c:data:`PyExc_UnicodeError`,:c:data:`PyExc_UnicodeError`,2,1,High,Exceptions,exceptions.po
:exc:`UnicodeError`,:exc:`UnicodeError`,2,1,High,Exceptions,exceptions.po
:c:data:`PyExc_UnicodeTranslateError`,:c:data:`PyExc_UnicodeTranslateError`,2,1,High,Exceptions,exceptions.po
:exc:`UnicodeTranslateError`,:exc:`UnicodeTranslateError`,2,1,High,Exceptions,exceptions.po
:c:data:`PyExc_ValueError`,:c:data:`PyExc_ValueError`,2,1,High,Exceptions,exceptions.po
:exc:`ValueError`,:exc:`ValueError`,2,1,High,Exceptions,exceptions.po
:c:data:`PyExc_ZeroDivisionError`,:c:data:`PyExc_ZeroDivisionError`,2,1,High,Exceptions,exceptions.po
:exc:`ZeroDivisionError`,:exc:`ZeroDivisionError`,2,1,High,Exceptions,exceptions.po
:c:data:`PyExc_ImportWarning`,:c:data:`PyExc_ImportWarning`,2,1,Medium,Code Elements,exceptions.po
strerror (C function),strerror（C 函式）,2,1,High,Exceptions,exceptions.po
KeyboardInterrupt (built-in exception),KeyboardInterrupt（內建例外）,2,1,High,Exceptions,exceptions.po
PyExc_BaseException (C var),PyExc_BaseException（C 變數）,2,1,High,Exceptions,exceptions.po
PyExc_BaseExceptionGroup (C var),PyExc_BaseExceptionGroup（C 變數）,2,1,High,Exceptions,exceptions.po
PyExc_Exception (C var),PyExc_Exception（C 變數）,2,1,High,Exceptions,exceptions.po
PyExc_ArithmeticError (C var),PyExc_ArithmeticError（C 變數）,2,1,High,Exceptions,exceptions.po
PyExc_AssertionError (C var),PyExc_AssertionError（C 變數）,2,1,High,Exceptions,exceptions.po
PyExc_AttributeError (C var),PyExc_AttributeError（C 變數）,2,1,High,Exceptions,exceptions.po
PyExc_BlockingIOError (C var),PyExc_BlockingIOError（C 變數）,2,1,High,Exceptions,exceptions.po
PyExc_BrokenPipeError (C var),PyExc_BrokenPipeError（C 變數）,2,1,High,Exceptions,exceptions.po
PyExc_BufferError (C var),PyExc_BufferError（C 變數）,2,1,High,Exceptions,exceptions.po
PyExc_ChildProcessError (C var),PyExc_ChildProcessError（C 變數）,2,1,High,Exceptions,exceptions.po
PyExc_ConnectionAbortedError (C var),PyExc_ConnectionAbortedError（C 變數）,2,1,High,Exceptions,exceptions.po
PyExc_ConnectionError (C var),PyExc_ConnectionError（C 變數）,2,1,High,Exceptions,exceptions.po
PyExc_ConnectionRefusedError (C var),PyExc_ConnectionRefusedError（C 變數）,2,1,High,Exceptions,exceptions.po
PyExc_ConnectionResetError (C var),PyExc_ConnectionResetError（C 變數）,2,1,High,Exceptions,exceptions.po
PyExc_EOFError (C var),PyExc_EOFError（C 變數）,2,1,High,Exceptions,exceptions.po
PyExc_FileExistsError (C var),PyExc_FileExistsError（C 變數）,2,1,High,Exceptions,exceptions.po
PyExc_FileNotFoundError (C var),PyExc_FileNotFoundError（C 變數）,2,1,High,Exceptions,exceptions.po
PyExc_FloatingPointError (C var),PyExc_FloatingPointError（C 變數）,2,1,High,Exceptions,exceptions.po
PyExc_ImportError (C var),PyExc_ImportError（C 變數）,2,1,High,Exceptions,exceptions.po
PyExc_IndentationError (C var),PyExc_IndentationError（C 變數）,2,1,High,Exceptions,exceptions.po
PyExc_IndexError (C var),PyExc_IndexError（C 變數）,2,1,High,Exceptions,exceptions.po
PyExc_InterruptedError (C var),PyExc_InterruptedError（C 變數）,2,1,High,Exceptions,exceptions.po
PyExc_IsADirectoryError (C var),PyExc_IsADirectoryError（C 變數）,2,1,High,Exceptions,exceptions.po
PyExc_KeyError (C var),PyExc_KeyError（C 變數）,2,1,High,Exceptions,exceptions.po
PyExc_LookupError (C var),PyExc_LookupError（C 變數）,2,1,High,Exceptions,exceptions.po
PyExc_MemoryError (C var),PyExc_MemoryError（C 變數）,2,1,High,Exceptions,exceptions.po
PyExc_ModuleNotFoundError (C var),PyExc_ModuleNotFoundError（C 變數）,2,1,High,Exceptions,exceptions.po
PyExc_NameError (C var),PyExc_NameError（C 變數）,2,1,High,Exceptions,exceptions.po
PyExc_NotADirectoryError (C var),PyExc_NotADirectoryError（C 變數）,2,1,High,Exceptions,exceptions.po
PyExc_NotImplementedError (C var),PyExc_NotImplementedError（C 變數）,2,1,High,Exceptions,exceptions.po
PyExc_OSError (C var),PyExc_OSError（C 變數）,2,1,High,Exceptions,exceptions.po
PyExc_OverflowError (C var),PyExc_OverflowError（C 變數）,2,1,High,Exceptions,exceptions.po
PyExc_PermissionError (C var),PyExc_PermissionError（C 變數）,2,1,High,Exceptions,exceptions.po
PyExc_ProcessLookupError (C var),PyExc_ProcessLookupError（C 變數）,2,1,High,Exceptions,exceptions.po
PyExc_PythonFinalizationError (C var),PyExc_PythonFinalizationError（C 變數）,2,1,High,Exceptions,exceptions.po
PyExc_RecursionError (C var),PyExc_RecursionError（C 變數）,2,1,High,Exceptions,exceptions.po
PyExc_ReferenceError (C var),PyExc_ReferenceError（C 變數）,2,1,High,Exceptions,exceptions.po
PyExc_RuntimeError (C var),PyExc_RuntimeError（C 變數）,2,1,High,Exceptions,exceptions.po
PyExc_SyntaxError (C var),PyExc_SyntaxError（C 變數）,2,1,High,Exceptions,exceptions.po
PyExc_SystemError (C var),PyExc_SystemError（C 變數）,2,1,High,Exceptions,exceptions.po
PyExc_TabError (C var),PyExc_TabError（C 變數）,2,1,High,Exceptions,exceptions.po
PyExc_TimeoutError (C var),PyExc_TimeoutError（C 變數）,2,1,High,Exceptions,exceptions.po
PyExc_TypeError (C var),PyExc_TypeError（C 變數）,2,1,High,Exceptions,exceptions.po
PyExc_UnboundLocalError (C var),PyExc_UnboundLocalError（C 變數）,2,1,High,Exceptions,exceptions.po
PyExc_UnicodeDecodeError (C var),PyExc_UnicodeDecodeError（C 變數）,2,1,High,Exceptions,exceptions.po
PyExc_UnicodeEncodeError (C var),PyExc_UnicodeEncodeError（C 變數）,2,1,High,Exceptions,exceptions.po
PyExc_UnicodeError (C var),PyExc_UnicodeError（C 變數）,2,1,High,Exceptions,exceptions.po
PyExc_UnicodeTranslateError (C var),PyExc_UnicodeTranslateError（C 變數）,2,1,High,Exceptions,exceptions.po
PyExc_ValueError (C var),PyExc_ValueError（C 變數）,2,1,High,Exceptions,exceptions.po
PyExc_ZeroDivisionError (C var),PyExc_ZeroDivisionError（C 變數）,2,1,High,Exceptions,exceptions.po
PyExc_EnvironmentError (C var),PyExc_EnvironmentError（C 變數）,2,1,High,Exceptions,exceptions.po
PyExc_IOError (C var),PyExc_IOError（C 變數）,2,1,High,Exceptions,exceptions.po
PyExc_WindowsError (C var),PyExc_WindowsError（C 變數）,2,1,High,Exceptions,exceptions.po
:c:type:`\ Py_ssize_t`,:c:type:`\ Py_ssize_t`,2,1,Medium,Code Elements,bytes.po
:c:func:`PyImport_AppendInittab`,:c:func:`PyImport_AppendInittab`,2,1,Medium,Code Elements,init.po
:c:func:`PyImport_ExtendInittab`,:c:func:`PyImport_ExtendInittab`,2,1,Medium,Code Elements,init.po
:c:func:`PyObject_SetArenaAllocator`,:c:func:`PyObject_SetArenaAllocator`,2,1,Medium,Code Elements,init.po
:c:func:`Py_SetPythonHome`,:c:func:`Py_SetPythonHome`,2,1,Medium,Code Elements,init.po
:c:func:`PyObject_GetArenaAllocator`,:c:func:`PyObject_GetArenaAllocator`,2,1,Medium,Code Elements,init.po
PyTrace_EXCEPTION,:c:data:`PyTrace_EXCEPTION`,2,1,High,Exceptions,init.po
:c:data:`PyTrace_EXCEPTION`,:c:data:`PyTrace_EXCEPTION`,2,1,High,Exceptions,init.po
:c:data:`PyTrace_RETURN`,:c:data:`PyTrace_RETURN`,2,1,Medium,Code Elements,init.po
PyTrace_C_EXCEPTION,:c:data:`PyTrace_C_EXCEPTION`,2,1,High,Exceptions,init.po
:c:data:`PyTrace_C_EXCEPTION`,:c:data:`PyTrace_C_EXCEPTION`,2,1,High,Exceptions,init.po
:c:data:`PyTrace_C_RETURN`,:c:data:`PyTrace_C_RETURN`,2,1,Medium,Code Elements,init.po
Py_FatalError(),Py_FatalError(),2,1,High,Exceptions,init.po
The ``None`` Object,``None`` 物件,2,1,Medium,Code Elements,none.po
SystemError (built-in exception),SystemError（內建例外）,2,1,High,Exceptions,module.po
"``PyMem_NEW(type, size)``","``PyMem_NEW(type, size)``",2,1,Medium,Code Elements,memory.po
"``PyMem_RESIZE(ptr, type, size)``","``PyMem_RESIZE(ptr, type, size)``",2,1,Medium,Code Elements,memory.po
:c:func:`PyObject_Malloc`,:c:func:`PyObject_Malloc`,2,1,Medium,Code Elements,memory.po
:c:func:`PyObject_Realloc`,:c:func:`PyObject_Realloc`,2,1,Medium,Code Elements,memory.po
:c:func:`PyObject_Calloc`,:c:func:`PyObject_Calloc`,2,1,Medium,Code Elements,memory.po
:c:func:`PyObject_Free`,:c:func:`PyObject_Free`,2,1,Medium,Code Elements,memory.po
EOFError (built-in exception),EOFError（內建例外）,2,1,High,Exceptions,file.po
PyType_FromMetaclass(NULL module spec bases),"等價於 ``PyType_FromMetaclass(NULL, module, spec, bases)``。",2,1,Medium,Other,type.po
PyType_FromMetaclass(NULL NULL spec bases),"等價於 ``PyType_FromMetaclass(NULL, NULL, spec, bases)``。",2,1,Medium,Other,type.po
PyType_FromMetaclass(NULL NULL spec NULL),"等價於 ``PyType_FromMetaclass(NULL, NULL, spec, NULL)``。",2,1,Medium,Other,type.po
OverflowError (built-in exception),OverflowError（內建例外）,2,1,High,Exceptions,long.po
__origin__,"建立一個 :ref:`GenericAlias <types-genericalias>` 物件，等同於呼叫 Python 的 :class:`types.GenericAlias` class。 *origin* 和 *args* 引數分別設定了 ``GenericAlias`` 的 ``__origin__`` 與 ``__args__`` 屬性。*origin* 應該要是個 :c:expr:`PyTypeObject*` 且 *args* 可以是個 :c:expr:`PyTupleObject*` 或任意 ``PyObject*``。如果傳入的 *args* 不是個 tuple（元組），則會自動建立一個長度為 1 的 tuple 且 ``__args__`` 會被設為 ``(args,)``。只會進行最少的引數檢查，所以即便 *origin* 不是個型別，函式也會不會失敗。 ``GenericAlias`` 的 ``__parameters__`` 屬性會自 ``__args__`` 惰性地建立 (constructed lazily)。當失敗時，會引發一個例外並回傳 ``NULL``。",2,2,Medium,Other,typehints.po; stdtypes.po
:monitoring-event:`INSTRUCTION`,:monitoring-event:`INSTRUCTION`,2,2,Medium,Code Elements,monitoring.po; sys.monitoring.po
:monitoring-event:`PY_YIELD`,:monitoring-event:`PY_YIELD`,2,2,Medium,Code Elements,monitoring.po; sys.monitoring.po
Py_SET_REFCNT(),使用 :c:func:`Py_SET_REFCNT()` 函式設定物件參照計數。,2,1,Medium,Other,refcounting.po
:ref:`moduleobjects`,:ref:`moduleobjects`,2,1,Medium,Code Elements,allocation.po
:c:type:`Py_ssize_t`,:c:type:`Py_ssize_t`,2,1,Medium,Code Elements,typeobj.po
:c:type:`destructor`,:c:type:`destructor`,2,1,Medium,Code Elements,typeobj.po
:c:type:`getattrfunc`,:c:type:`getattrfunc`,2,1,Medium,Code Elements,typeobj.po
:c:type:`setattrfunc`,:c:type:`setattrfunc`,2,1,Medium,Code Elements,typeobj.po
:c:type:`PyAsyncMethods` *,:c:type:`PyAsyncMethods` *,2,1,Medium,Code Elements,typeobj.po
:c:type:`reprfunc`,:c:type:`reprfunc`,2,1,Medium,Code Elements,typeobj.po
:c:type:`PyNumberMethods` *,:c:type:`PyNumberMethods` *,2,1,Medium,Code Elements,typeobj.po
:c:type:`PySequenceMethods` *,:c:type:`PySequenceMethods` *,2,1,Medium,Code Elements,typeobj.po
:c:type:`PyMappingMethods` *,:c:type:`PyMappingMethods` *,2,1,Medium,Code Elements,typeobj.po
:c:type:`hashfunc`,:c:type:`hashfunc`,2,1,Medium,Code Elements,typeobj.po
:c:type:`ternaryfunc`,:c:type:`ternaryfunc`,2,1,Medium,Code Elements,typeobj.po
:c:type:`getattrofunc`,:c:type:`getattrofunc`,2,1,Medium,Code Elements,typeobj.po
:c:type:`setattrofunc`,:c:type:`setattrofunc`,2,1,Medium,Code Elements,typeobj.po
:c:type:`PyBufferProcs` *,:c:type:`PyBufferProcs` *,2,1,Medium,Code Elements,typeobj.po
:c:type:`traverseproc`,:c:type:`traverseproc`,2,1,Medium,Code Elements,typeobj.po
:c:type:`inquiry`,:c:type:`inquiry`,2,1,Medium,Code Elements,typeobj.po
:c:type:`richcmpfunc`,:c:type:`richcmpfunc`,2,1,Medium,Code Elements,typeobj.po
:c:type:`getiterfunc`,:c:type:`getiterfunc`,2,1,Medium,Code Elements,typeobj.po
:c:type:`iternextfunc`,:c:type:`iternextfunc`,2,1,Medium,Code Elements,typeobj.po
:c:type:`PyMethodDef` [],:c:type:`PyMethodDef` [],2,1,Medium,Code Elements,typeobj.po
:c:type:`PyMemberDef` [],:c:type:`PyMemberDef` [],2,1,Medium,Code Elements,typeobj.po
:c:type:`PyGetSetDef` [],:c:type:`PyGetSetDef` [],2,1,Medium,Code Elements,typeobj.po
:c:type:`PyTypeObject` *,:c:type:`PyTypeObject` *,2,1,Medium,Code Elements,typeobj.po
:c:type:`PyObject` *,:c:type:`PyObject` *,2,1,Medium,Code Elements,typeobj.po
:c:type:`descrgetfunc`,:c:type:`descrgetfunc`,2,1,Medium,Code Elements,typeobj.po
:c:type:`descrsetfunc`,:c:type:`descrsetfunc`,2,1,Medium,Code Elements,typeobj.po
:c:type:`initproc`,:c:type:`initproc`,2,1,Medium,Code Elements,typeobj.po
:c:type:`allocfunc`,:c:type:`allocfunc`,2,1,Medium,Code Elements,typeobj.po
:c:type:`newfunc`,:c:type:`newfunc`,2,1,Medium,Code Elements,typeobj.po
:c:type:`freefunc`,:c:type:`freefunc`,2,1,Medium,Code Elements,typeobj.po
__bases__,__bases__,2,2,Medium,Other,typeobj.po; datamodel.po
:c:type:`unaryfunc`,:c:type:`unaryfunc`,2,1,Medium,Code Elements,typeobj.po
:c:type:`sendfunc`,:c:type:`sendfunc`,2,1,Medium,Code Elements,typeobj.po
:c:type:`binaryfunc`,:c:type:`binaryfunc`,2,1,Medium,Code Elements,typeobj.po
__rsub__,__sub__ __rsub__,2,2,Medium,Other,typeobj.po; collections.abc.po
__rdivmod__,__divmod__ __rdivmod__,2,2,Medium,Other,typeobj.po; 3.10.po
__pow__,__pow__ __rpow__,2,2,Medium,Other,typeobj.po; unittest.mock.po
__lshift__,__lshift__ __rlshift__,2,2,Medium,Other,typeobj.po; unittest.mock.po
__rshift__,__rshift__ __rrshift__,2,2,Medium,Other,typeobj.po; unittest.mock.po
__rxor__,__xor__ __rxor__,2,2,Medium,Other,typeobj.po; collections.abc.po
__truediv__,__truediv__,2,2,Medium,Other,typeobj.po; unittest.mock.po
__matmul__,__matmul__ __rmatmul__,2,2,Medium,Other,typeobj.po; unittest.mock.po
:c:type:`lenfunc`,:c:type:`lenfunc`,2,1,Medium,Code Elements,typeobj.po
:c:type:`objobjargproc`,:c:type:`objobjargproc`,2,1,Medium,Code Elements,typeobj.po
:c:type:`ssizeargfunc`,:c:type:`ssizeargfunc`,2,1,Medium,Code Elements,typeobj.po
:c:type:`ssizeobjargproc`,:c:type:`ssizeobjargproc`,2,1,Medium,Code Elements,typeobj.po
:c:type:`objobjproc`,:c:type:`objobjproc`,2,1,Medium,Code Elements,typeobj.po
:c:type:`visitproc`,:c:type:`visitproc`,2,1,Medium,Code Elements,typeobj.po
:c:type:`getbufferproc`,:c:type:`getbufferproc`,2,1,Medium,Code Elements,typeobj.po
:c:type:`Py_buffer` *,:c:type:`Py_buffer` *,2,1,Medium,Code Elements,typeobj.po
:c:type:`releasebufferproc`,:c:type:`releasebufferproc`,2,1,Medium,Code Elements,typeobj.po
Generator Objects,產生器 (Generator) 物件,2,1,Medium,Other,gen.po
resetlocale(),``locale.resetlocale()`` (:gh:`90817`),2,2,Medium,Other,pending-removal-in-3.13.po; 3.12.po
``path()``,``path()``,2,2,Medium,Code Elements,pending-removal-in-3.13.po; 3.12.po
tuple(),"為了標示一個元組可以為\ *任意*\ 長度，且所有元素皆是相同型別 ``T``，請使用 ``tuple[T, ...]`` 進行標示。為了標示一個空元組，請使用 ``tuple[()]``。單純使用 ``tuple`` 作為註釋，會與使用 ``tuple[Any, ...]`` 是相等的： ::",2,2,Medium,Other,typing.po; 3.11.po
Note that ``type[C]`` is covariant::,請記得 ``type[C]`` 是共變 (covariant) 的： ::,2,1,Medium,Code Elements,typing.po
The :data:`Any` type,:data:`Any` 型別,2,1,Medium,Code Elements,typing.po
:class:`ParamSpec`,:class:`ParamSpec`,2,1,Medium,Code Elements,typing.po
__bytes__,一個有抽象方法 ``__bytes__`` 的 ABC。,2,1,Medium,Other,typing.po
Functions and decorators,函式與裝飾器,2,1,Medium,Other,typing.po
``default``,``default``,2,1,Medium,Code Elements,typing.po
``default_factory``,``default_factory``,2,1,Medium,Code Elements,typing.po
Aliases to types in :mod:`collections`,:mod:`collections` 中型別的別名,2,1,Medium,Code Elements,typing.po
typing.no_type_check_decorator no_type_check_decorator,:func:`@typing.no_type_check_decorator <no_type_check_decorator>`,2,1,Medium,Other,typing.po
otherwise.  If empty() returns,如果佇列為空，則回傳 ``True``，否則回傳 ``False``。如果 empty() 回傳 ``True``，則不保證後續呼叫 put() 不會阻塞。同樣，如果 empty() 回傳 ``False``，則不保證後續呼叫 get() 不會阻塞。,2,1,Medium,Other,queue.po
put(),此 method 有一個可重入 (reentrant) 的 C 實作。意思就是，一個 ``put()`` 或 ``get()`` 呼叫，可以被同一執行緒中的另一個 ``put()`` 呼叫中斷，而不會造成死鎖 (deadlock) 或損壞佇列中的內部狀態。這使得它適合在解構子 (destructor) 中使用，像是 ``__del__`` method 或 :mod:`weakref` 回呼函式 (callback)。,2,1,Medium,Other,queue.po
get(),此 method 有一個可重入 (reentrant) 的 C 實作。意思就是，一個 ``put()`` 或 ``get()`` 呼叫，可以被同一執行緒中的另一個 ``put()`` 呼叫中斷，而不會造成死鎖 (deadlock) 或損壞佇列中的內部狀態。這使得它適合在解構子 (destructor) 中使用，像是 ``__del__`` method 或 :mod:`weakref` 回呼函式 (callback)。,2,2,Medium,Other,queue.po; wave.po
``METHOD_NOT_ALLOWED``,``METHOD_NOT_ALLOWED``,2,1,Medium,Code Elements,http.po
``UNSUPPORTED_MEDIA_TYPE``,``UNSUPPORTED_MEDIA_TYPE``,2,1,Medium,Code Elements,http.po
INTERNAL_SERVER_ERROR,``INTERNAL_SERVER_ERROR``,2,1,High,Exceptions,http.po
``INTERNAL_SERVER_ERROR``,``INTERNAL_SERVER_ERROR``,2,1,High,Exceptions,http.po
is_client_error,``is_client_error``,2,1,High,Exceptions,http.po
``is_client_error``,``is_client_error``,2,1,High,Exceptions,http.po
is_server_error,``is_server_error``,2,1,High,Exceptions,http.po
``is_server_error``,``is_server_error``,2,1,High,Exceptions,http.po
``'r'`` (default): |flag_r|,``'r'`` (default): |flag_r|,2,1,Medium,Code Elements,dbm.po
``'c'`` (default): |flag_c|,``'c'`` (default): |flag_c|,2,1,Medium,Code Elements,dbm.po
Module :mod:`zoneinfo`,:mod:`zoneinfo` 模組,2,1,Medium,Code Elements,datetime.po
Package :pypi:`DateType`,:pypi:`DateType` 套件,2,1,Medium,Code Elements,datetime.po
:class:`timedelta` Objects,:class:`timedelta` 物件,2,1,Medium,Code Elements,datetime.po
Class attributes:,類別屬性：,2,1,Medium,Other,datetime.po
Examples of usage: :class:`timedelta`,用法範例：:class:`timedelta`,2,1,Medium,Code Elements,datetime.po
:class:`date` Objects,:class:`date` 物件,2,1,Medium,Code Elements,datetime.po
date.fromtimestamp(time.time()),這等同於 ``date.fromtimestamp(time.time())``。,2,1,Medium,Other,datetime.po
time(),這等同於 ``date.fromtimestamp(time.time())``。,2,1,Medium,Other,datetime.po
d.timetuple(),``d.timetuple()`` 等價於： ::,2,1,Medium,Other,datetime.po
timetuple(),``d.timetuple()`` 等價於： ::,2,1,Medium,Other,datetime.po
d.ctime(),``d.ctime()`` 等價於： ::,2,1,Medium,Other,datetime.po
Examples of Usage: :class:`date`,用法範例：:class:`date`,2,1,Medium,Code Elements,datetime.po
:class:`tzinfo` Objects,:class:`tzinfo` 物件,2,1,Medium,Code Elements,datetime.po
:class:`timezone` Objects,:class:`timezone` 物件,2,1,Medium,Code Elements,datetime.po
Class method,類別方法,2,1,Medium,Other,datetime.po
"Functions, Constants, and Exceptions",函式、常數與例外,2,1,High,Exceptions,ssl.po
create_default_context(),"ctx = ssl.create_default_context()
ctx.verify_flags &= ~ssl.VERIFY_X509_STRICT",2,1,Medium,Other,ssl.po
SSLWantReadError,如果 socket 是\ :ref:`非阻塞的 <ssl-nonblocking>`\ 則會引發 :exc:`SSLWantReadError` 或 :exc:`SSLWantWriteError` 並且讀取操作將會被阻塞。,2,1,High,Exceptions,ssl.po
SSLWantWriteError,如果 socket 是\ :ref:`非阻塞的 <ssl-nonblocking>`\ 則會引發 :exc:`SSLWantReadError` 或 :exc:`SSLWantWriteError` 並且讀取操作將會被阻塞。,2,1,High,Exceptions,ssl.po
:ref:`bltin-exceptions`,:ref:`bltin-exceptions`,2,1,High,Exceptions,builtins.po
:ref:`bltin-types`,:ref:`bltin-types`,2,1,Medium,Code Elements,builtins.po
TOMLDecodeError,不合格的 TOML 文件會使得 :exc:`TOMLDecodeError` 被引發。,2,1,High,Exceptions,tomllib.po
The following exceptions are available:,以下為可用的例外：,2,1,High,Exceptions,tomllib.po
Module :mod:`tomllib`,:mod:`tomllib` 模組,2,1,Medium,Code Elements,configparser.po
Module :mod:`shlex`,:mod:`shlex` 模組,2,1,Medium,Code Elements,configparser.po
a.__index__(),回傳 *a* 轉換為整數的結果。等價於 ``a.__index__()``。,2,1,Medium,Other,operator.po
b.name(),在 ``f = methodcaller('name')`` 之後，呼叫 ``f(b)`` 將回傳 ``b.name()``。,2,1,Medium,Other,operator.po
Module :mod:`unittest`,:mod:`unittest` 模組,2,1,Medium,Code Elements,test.po
Example of error=False usage::,error=False 用法範例： ::,2,1,High,Exceptions,test.po
``exc_type``,``exc_type``,2,1,Medium,Code Elements,test.po
Module :mod:`smtplib`,:mod:`smtplib` 模組,2,1,Medium,Code Elements,email.po
Module :mod:`poplib`,:mod:`poplib` 模組,2,1,Medium,Code Elements,email.po
Module :mod:`mailbox`,:mod:`mailbox` 模組,2,1,Medium,Code Elements,email.po
Class Name,類別名稱,2,1,Medium,Other,webbrowser.po
Konqueror(),``Konqueror()``,2,1,Medium,Other,webbrowser.po
Opera(),``Opera()``,2,1,Medium,Other,webbrowser.po
``'windows-default'``,``'windows-default'``,2,1,Medium,Code Elements,webbrowser.po
``WindowsDefault``,``WindowsDefault``,2,1,Medium,Code Elements,webbrowser.po
``MacOSXOSAScript('default')``,``MacOSXOSAScript('default')``,2,1,Medium,Code Elements,webbrowser.po
The :class:`Process` class,:class:`Process` 類別,2,1,Medium,Code Elements,multiprocessing.po
:class:`Process` and exceptions,:class:`Process` 與例外,2,1,High,Exceptions,multiprocessing.po
Shared :mod:`ctypes` Objects,共享的 :mod:`ctypes` 物件,2,1,Medium,Code Elements,multiprocessing.po
PickleError,當 :class:`Pickler` 遭遇無法封裝物件時會引發的例外。繼承 :exc:`PickleError` 類別。,2,1,High,Exceptions,pickle.po
Pickling Class Instances,Pickling 類別實例,2,1,Medium,Other,pickle.po
__getstate__(),在 :class:`object` 類別中增加預設的 ``__getstate__()`` 實作。,2,1,Medium,Other,pickle.po
Module :mod:`copyreg`,:mod:`copyreg` 模組,2,1,Medium,Code Elements,pickle.po
Module :mod:`pickletools`,:mod:`pickletools` 模組,2,1,Medium,Code Elements,pickle.po
Module :mod:`copy`,:mod:`copy` 模組,2,1,Medium,Code Elements,pickle.po
Module :mod:`marshal`,:mod:`marshal` 模組,2,1,Medium,Code Elements,pickle.po
find_class() (pickle protocol),find_class()（pickle 協定）,2,1,Medium,Other,pickle.po
``'filename'``,``'filename'``,2,2,Medium,Code Elements,profile.po; tracemalloc.po
:class:`DOMTimeStamp`,:class:`DOMTimeStamp`,2,1,Medium,Code Elements,xml.dom.minidom.po
:class:`EntityReference`,:class:`EntityReference`,2,1,Medium,Code Elements,xml.dom.minidom.po
urllib.error.URLError,當遇到協定上的錯誤時會引發 :exc:`~urllib.error.URLError`。,2,1,High,Exceptions,urllib.request.po
HTTPErrorProcessor,回傳一個 :class:`OpenerDirector` 實例，以給定的順序把 handlers 串接起來。*handler*\s 可以是 :class:`BaseHandler` 的實例，亦或是 :class:`BaseHandler` 的 subclasses（這個情況下必須有不帶參數的建構函式能夠被呼叫）。以下 classes 的實例順位會在 *handler*\s 之前，除非 *handler*\s 已經包含它們，是它們的實例，或是它們的 subclasses：:class:`ProxyHandler`\ （如果代理服務設定被偵測到）、:class:`UnknownHandler`、:class:`HTTPHandler`、:class:`HTTPDefaultErrorHandler`、:class:`HTTPRedirectHandler`、:class:`FTPHandler`、:class:`FileHandler`、:class:`HTTPErrorProcessor`。,2,1,High,Exceptions,urllib.request.po
HTTPErrorProcessor Objects,HTTPErrorProcessor 物件,2,1,High,Exceptions,urllib.request.po
Module :mod:`socketserver`,:mod:`socketserver` 模組,2,1,Medium,Code Elements,socket.po
Module :mod:`ssl`,:mod:`ssl` 模組,2,1,Medium,Code Elements,socket.po
*all_errors* was added.,新增 *all_errors*。,2,2,High,Exceptions,socket.po; asyncio-eventloop.po
socket.gettimeout()  0,這等同於檢查 ``socket.gettimeout() != 0``。,2,1,Medium,Other,socket.po
ExpatError Exceptions,ExpatError 例外,2,1,High,Exceptions,pyexpat.po
Expat error constants,Expat 錯誤常數,2,1,High,Exceptions,pyexpat.po
GetoptError,為了向後相容性而設的 :exc:`GetoptError` 別名。,2,1,High,Exceptions,getopt.po
Module :mod:`optparse`,:mod:`optparse` 模組,2,1,Medium,Code Elements,getopt.po
Module :mod:`argparse`,:mod:`argparse` 模組,2,1,Medium,Code Elements,getopt.po
:func:`classmethod`,:func:`classmethod`,2,1,Medium,Code Elements,functions.po
:func:`int`,:func:`int`,2,2,Medium,Code Elements,functions.po; stdtypes.po
:func:`issubclass`,:func:`issubclass`,2,1,Medium,Code Elements,functions.po
:func:`object`,:func:`object`,2,1,Medium,Code Elements,functions.po
:func:`staticmethod`,:func:`staticmethod`,2,1,Medium,Code Elements,functions.po
:func:`type`,:func:`type`,2,1,Medium,Code Elements,functions.po
:func:`__import__`,:func:`__import__`,2,1,Medium,Code Elements,functions.po
non-inheritable fd_inheritance,新建立的檔案是\ :ref:`不可繼承的 <fd_inheritance>`。,2,1,Medium,Other,functions.po
:ref:`bltin-type-objects`,:ref:`bltin-type-objects`,2,1,Medium,Code Elements,functions.po
open() built-in function,open() 內建函式,2,1,Medium,Other,functions.po
open(),open() 內建函式,2,2,Medium,Other,functions.po; pathlib.po
str() (built-in function),str() （內建函式）,2,1,Medium,Other,functions.po
CookieError,當遇到無效的 cookie 時，會引發 :exc:`CookieError`，因此如果你的 cookie 資料來自瀏覽器，在剖析時你應該總是為無效資料作準備並捕捉 :exc:`CookieError`。,2,1,High,Exceptions,http.cookies.po
Module :mod:`email`,:mod:`email` 模組,2,1,Medium,Code Elements,mailbox.po
``%(module)s``,``%(module)s``,2,1,Medium,Code Elements,logging.po
*errors*,*errors*,2,1,High,Exceptions,logging.po
:class:`Container` [1]_,:class:`Container` [1]_,2,1,Medium,Code Elements,collections.abc.po
:class:`Hashable` [1]_,:class:`Hashable` [1]_,2,1,Medium,Code Elements,collections.abc.po
:class:`Iterable` [1]_ [2]_,:class:`Iterable` [1]_ [2]_,2,1,Medium,Code Elements,collections.abc.po
:class:`Iterator` [1]_,:class:`Iterator` [1]_,2,1,Medium,Code Elements,collections.abc.po
:class:`Iterable`,:class:`Iterable`,2,1,Medium,Code Elements,collections.abc.po
:class:`Reversible` [1]_,:class:`Reversible` [1]_,2,1,Medium,Code Elements,collections.abc.po
:class:`Generator`  [1]_,:class:`Generator`  [1]_,2,1,Medium,Code Elements,collections.abc.po
:class:`Iterator`,:class:`Iterator`,2,1,Medium,Code Elements,collections.abc.po
:class:`Sized`  [1]_,:class:`Sized`  [1]_,2,1,Medium,Code Elements,collections.abc.po
:class:`Callable`  [1]_,:class:`Callable`  [1]_,2,1,Medium,Code Elements,collections.abc.po
:class:`Collection`  [1]_,:class:`Collection`  [1]_,2,1,Medium,Code Elements,collections.abc.po
:class:`Sequence`,:class:`Sequence`,2,1,Medium,Code Elements,collections.abc.po
":class:`Reversible`, :class:`Collection`",":class:`Reversible`, :class:`Collection`",2,1,Medium,Code Elements,collections.abc.po
:class:`MutableSequence`,:class:`MutableSequence`,2,1,Medium,Code Elements,collections.abc.po
:class:`ByteString`,:class:`ByteString`,2,1,Medium,Code Elements,collections.abc.po
:class:`Collection`,:class:`Collection`,2,1,Medium,Code Elements,collections.abc.po
:class:`MutableSet`,:class:`MutableSet`,2,1,Medium,Code Elements,collections.abc.po
:class:`Mapping`,:class:`Mapping`,2,1,Medium,Code Elements,collections.abc.po
:class:`MutableMapping`,:class:`MutableMapping`,2,1,Medium,Code Elements,collections.abc.po
:class:`MappingView`,:class:`MappingView`,2,1,Medium,Code Elements,collections.abc.po
:class:`Sized`,:class:`Sized`,2,1,Medium,Code Elements,collections.abc.po
:class:`ItemsView`,:class:`ItemsView`,2,1,Medium,Code Elements,collections.abc.po
":class:`MappingView`, :class:`Set`",:class:`MappingView`、:class:`Set`,2,1,Medium,Code Elements,collections.abc.po
:class:`KeysView`,:class:`KeysView`,2,1,Medium,Code Elements,collections.abc.po
:class:`ValuesView`,:class:`ValuesView`,2,1,Medium,Code Elements,collections.abc.po
:class:`Awaitable` [1]_,:class:`Awaitable` [1]_,2,1,Medium,Code Elements,collections.abc.po
:class:`Coroutine` [1]_,:class:`Coroutine` [1]_,2,1,Medium,Code Elements,collections.abc.po
:class:`Awaitable`,:class:`Awaitable`,2,1,Medium,Code Elements,collections.abc.po
:class:`AsyncIterable` [1]_,:class:`AsyncIterable` [1]_,2,1,Medium,Code Elements,collections.abc.po
:class:`AsyncIterator` [1]_,:class:`AsyncIterator` [1]_,2,1,Medium,Code Elements,collections.abc.po
:class:`AsyncIterable`,:class:`AsyncIterable`,2,1,Medium,Code Elements,collections.abc.po
:class:`AsyncGenerator` [1]_,:class:`AsyncGenerator` [1]_,2,1,Medium,Code Elements,collections.abc.po
:class:`AsyncIterator`,:class:`AsyncIterator`,2,1,Medium,Code Elements,collections.abc.po
:class:`Buffer` [1]_,:class:`Buffer` [1]_,2,1,Medium,Code Elements,collections.abc.po
__buffer__,``__buffer__``,2,1,Medium,Other,collections.abc.po
__callback__,新增 :attr:`__callback__` 屬性。,2,1,Medium,Other,weakref.po
Module :mod:`termios`,:mod:`termios` 模組,2,1,Medium,Code Elements,tty.po
mainloop(),t.mainloop(),2,1,Medium,Other,turtle.po
pencolor(),``pencolor()``,2,1,Medium,Other,turtle.po
fillcolor(),``fillcolor()``,2,1,Medium,Other,turtle.po
color(),``color()``,2,1,Medium,Other,turtle.po
NetrcParseError,:class:`~netrc.netrc` 實例或其子類別實例能夠封裝來自 netrc 檔案的資料。可用初始化引數（如有給定）指定要剖析的檔案，如果未給定引數，則將讀取（由 :func:`os.path.expanduser` 指定的）使用者主目錄中的 :file:`.netrc` 檔案，否則將引發 :exc:`FileNotFoundError` 例外。剖析錯誤會引發 :exc:`NetrcParseError`，其帶有包括檔案名稱、列號和終止 token 的診斷資訊。,2,1,High,Exceptions,netrc.po
SAXException Objects,SAXException 物件,2,1,High,Exceptions,xml.sax.po
PatternError,當傳遞給此處函式之一的字串不是有效的正規表示式（例如它可能包含不匹配的括號）或在編譯或匹配期間發生某些其他錯誤時，將引發例外。如果字串不包含模式匹配項，則絕不是錯誤。``PatternError`` 實例具有以下附加屬性：,2,1,High,Exceptions,re.po
The unformatted error message.,未格式化的錯誤訊息。,2,2,High,Exceptions,json.po; re.po
gc.disable(),此 module（模組）提供可選的垃圾回收器介面，提供的功能包括：關閉回收器、調整回收頻率、設定除錯選項。它同時提供對回收器有找到但是無法釋放的不可達物件 (unreachable object) 的存取。由於 Python 使用了帶有參照計數的回收器，如果你確定你的程式不會產生參照迴圈 (reference cycle)，你可以關閉回收器。可以透過呼叫 ``gc.disable()`` 關閉自動垃圾回收。若要為一個存在記憶體流失的程式 (leaking program) 除錯，請呼叫 ``gc.set_debug(gc.DEBUG_LEAK)``；需要注意的是，它包含 ``gc.DEBUG_SAVEALL``，使得被回收的物件會被存放在 gc.garbage 中以待檢查。,2,1,Medium,Other,gc.po
The add_argument() method,add_argument() 方法,2,1,Medium,Other,argparse.po
The parse_args() method,parse_args() 方法,2,1,Medium,Other,argparse.po
email.iterators,:mod:`!email.iterators`：疊代器,2,1,Medium,Other,email.iterators.po
Libemailiterators.py,**原始碼：**\ :source:`Lib/email/iterators.py`,2,1,Medium,Other,email.iterators.po
error_reply,向伺服器發送一個簡單的命令字串並處理回應。如果收到代表成功的回應狀態碼（範圍為 200--299 的狀態碼），則回傳回應字串，否則引發 :exc:`error_reply`。,2,1,High,Exceptions,ftplib.po
Module :mod:`netrc`,:mod:`netrc` 模組,2,1,Medium,Code Elements,ftplib.po
Module :mod:`dbm`,:mod:`dbm` 模組,2,1,Medium,Code Elements,shelve.po
"``batched('ABCDEFG', n=3) → ABC DEF G``","``batched('ABCDEFG', n=3) → ABC DEF G``",2,1,Medium,Code Elements,itertools.po
"``chain('ABC', 'DEF') → A B C D E F``","``chain('ABC', 'DEF') → A B C D E F``",2,1,Medium,Code Elements,itertools.po
enumerate(),itertools 應用技巧的主要目的是教學。這些應用技巧展示了對單個工具進行思考的各種方式 —— 例如，``chain.from_iterable`` 與攤平 (flattening) 的概念相關。這些應用技巧還提供了組合使用工具的想法 —— 例如，``starmap()`` 和 ``repeat()`` 如何一起工作。另外還展示了將 itertools 與 :mod:`operator` 和 :mod:`collections` 模組一同使用以及與內建 itertools（如 ``map()``、``filter()``、``reversed()`` 和 ``enumerate()``）一同使用的模式。,2,2,Medium,Other,itertools.po; 2.3.po
Example usage of :class:`ModuleFinder`,:class:`ModuleFinder` 的用法範例,2,1,Medium,Code Elements,modulefinder.po
Comparison to the :mod:`glob` module,與 :mod:`glob` 模組的比較,2,1,Medium,Code Elements,pathlib.po
path.glob(),pathlib 的 ``path.glob()`` 和 ``path.rglob()`` 回傳的值包含了 *path* 作為前綴，而 ``glob.glob(root_dir=path)`` 的結果則不會如此。,2,1,Medium,Other,pathlib.po
path.rglob(),pathlib 的 ``path.glob()`` 和 ``path.rglob()`` 回傳的值包含了 *path* 作為前綴，而 ``glob.glob(root_dir=path)`` 的結果則不會如此。,2,1,Medium,Other,pathlib.po
Using asyncio.get_running_loop() asyncio_example_future,:ref:`使用 asyncio.get_running_loop() <asyncio_example_future>`。,2,1,Medium,Other,asyncio-llapi-index.po
loop.call_exception_handler,:meth:`loop.call_exception_handler`,2,1,High,Exceptions,asyncio-llapi-index.po
loop.set_exception_handler,:meth:`loop.set_exception_handler`,2,1,High,Exceptions,asyncio-llapi-index.po
loop.get_exception_handler,:meth:`loop.get_exception_handler`,2,1,High,Exceptions,asyncio-llapi-index.po
loop.default_exception_handler,:meth:`loop.default_exception_handler`,2,1,High,Exceptions,asyncio-llapi-index.po
Using loop.call_later() asyncio_example_call_later,:ref:`使用 loop.call_later() <asyncio_example_call_later>`。,2,1,Medium,Other,asyncio-llapi-index.po
call_later(),:ref:`使用 loop.call_later() <asyncio_example_call_later>`。,2,2,Medium,Other,asyncio-eventloop.po; asyncio-llapi-index.po
loop.create_connection(),使用 ``loop.create_connection()`` 以實作\ :ref:`一個 echo 用戶端 <asyncio_example_tcp_echo_client_protocol>`。,2,1,Medium,Other,asyncio-llapi-index.po
Using loop.add_signal_handler() asyncio_example_unix_signals,:ref:`使用 loop.add_signal_handler() <asyncio_example_unix_signals>`。,2,1,Medium,Other,asyncio-llapi-index.po
Using loop.subprocess_exec() asyncio_example_subprocess_proto,:ref:`使用 loop.add_signal_handler() <asyncio_example_subprocess_proto>`。,2,1,Medium,Other,asyncio-llapi-index.po
transport.close() BaseTransport.close,:meth:`transport.close() <BaseTransport.close>`,2,1,Medium,Other,asyncio-llapi-index.po
transport.is_closing() BaseTransport.is_closing,:meth:`transport.is_closing() <BaseTransport.is_closing>`,2,1,Medium,Other,asyncio-llapi-index.po
transport.get_extra_info() BaseTransport.get_extra_info,:meth:`transport.get_extra_info() <BaseTransport.get_extra_info>`,2,1,Medium,Other,asyncio-llapi-index.po
transport.set_protocol() BaseTransport.set_protocol,:meth:`transport.set_protocol() <BaseTransport.set_protocol>`,2,1,Medium,Other,asyncio-llapi-index.po
transport.get_protocol() BaseTransport.get_protocol,:meth:`transport.get_protocol() <BaseTransport.get_protocol>`,2,1,Medium,Other,asyncio-llapi-index.po
transport.is_reading() ReadTransport.is_reading,:meth:`transport.is_reading() <ReadTransport.is_reading>`,2,1,Medium,Other,asyncio-llapi-index.po
transport.pause_reading() ReadTransport.pause_reading,:meth:`transport.pause_reading() <ReadTransport.pause_reading>`,2,1,Medium,Other,asyncio-llapi-index.po
transport.resume_reading() ReadTransport.resume_reading,:meth:`transport.resume_reading() <ReadTransport.resume_reading>`,2,1,Medium,Other,asyncio-llapi-index.po
transport.write() WriteTransport.write,:meth:`transport.write() <WriteTransport.write>`,2,1,Medium,Other,asyncio-llapi-index.po
transport.writelines() WriteTransport.writelines,:meth:`transport.writelines() <WriteTransport.writelines>`,2,1,Medium,Other,asyncio-llapi-index.po
transport.can_write_eof() WriteTransport.can_write_eof,:meth:`transport.can_write_eof() <WriteTransport.can_write_eof>`,2,1,Medium,Other,asyncio-llapi-index.po
transport.write_eof() WriteTransport.write_eof,:meth:`transport.write_eof() <WriteTransport.write_eof>`,2,1,Medium,Other,asyncio-llapi-index.po
transport.abort() WriteTransport.abort,:meth:`transport.abort() <WriteTransport.abort>`,2,1,Medium,Other,asyncio-llapi-index.po
transport.get_write_buffer_size() WriteTransport.get_write_buffer_size,:meth:`transport.get_write_buffer_size() <WriteTransport.get_write_buffer_size>`,2,1,Medium,Other,asyncio-llapi-index.po
transport.sendto() DatagramTransport.sendto,:meth:`transport.sendto() <DatagramTransport.sendto>`,2,1,Medium,Other,asyncio-llapi-index.po
transport.abort() DatagramTransport.abort,:meth:`transport.abort() <DatagramTransport.abort>`,2,1,Medium,Other,asyncio-llapi-index.po
transport.get_pid() SubprocessTransport.get_pid,:meth:`transport.get_pid() <SubprocessTransport.get_pid>`,2,1,Medium,Other,asyncio-llapi-index.po
transport.get_pipe_transport() SubprocessTransport.get_pipe_transport,:meth:`transport.get_pipe_transport() <SubprocessTransport.get_pipe_transport>`,2,1,Medium,Other,asyncio-llapi-index.po
transport.get_returncode() SubprocessTransport.get_returncode,:meth:`transport.get_returncode() <SubprocessTransport.get_returncode>`,2,1,Medium,Other,asyncio-llapi-index.po
transport.kill() SubprocessTransport.kill,:meth:`transport.kill() <SubprocessTransport.kill>`,2,1,Medium,Other,asyncio-llapi-index.po
transport.send_signal() SubprocessTransport.send_signal,:meth:`transport.send_signal() <SubprocessTransport.send_signal>`,2,1,Medium,Other,asyncio-llapi-index.po
transport.terminate() SubprocessTransport.terminate,:meth:`transport.terminate() <SubprocessTransport.terminate>`,2,1,Medium,Other,asyncio-llapi-index.po
transport.close() SubprocessTransport.close,:meth:`transport.close() <SubprocessTransport.close>`,2,1,Medium,Other,asyncio-llapi-index.po
eof_received(),``callback`` :meth:`eof_received() <Protocol.eof_received>`,2,1,Medium,Other,asyncio-llapi-index.po
:class:`AbstractEventLoopPolicy`,:class:`AbstractEventLoopPolicy`,2,1,Medium,Code Elements,asyncio-llapi-index.po
SendfileNotAvailableError,如果系統不支援 *sendfile* 系統呼叫且 *fallback* 為 ``False``，則引發 :exc:`SendfileNotAvailableError`。,2,1,High,Exceptions,asyncio-eventloop.po
socket.connect() socket.socket.connect,:meth:`socket.connect() <socket.socket.connect>` 的非同步版本。,2,1,Medium,Other,asyncio-eventloop.po
socket.sendfile() socket.socket.sendfile,:meth:`socket.sendfile() <socket.socket.sendfile>` 的非同步版本。,2,1,Medium,Other,asyncio-eventloop.po
Error Handling API,錯誤處理 API,2,1,High,Exceptions,asyncio-eventloop.po
call_exception_handler,*context* 參數與 :meth:`call_exception_handler` 中的意思相同。,2,1,High,Exceptions,asyncio-eventloop.po
Added *encoding* and *errors* parameters,新增 *encoding* 與 *errors* 參數。,2,1,High,Exceptions,subprocess.po
:data:`ABOVE_NORMAL_PRIORITY_CLASS`,:data:`ABOVE_NORMAL_PRIORITY_CLASS`,2,1,Medium,Code Elements,subprocess.po
:data:`BELOW_NORMAL_PRIORITY_CLASS`,:data:`BELOW_NORMAL_PRIORITY_CLASS`,2,1,Medium,Code Elements,subprocess.po
:data:`HIGH_PRIORITY_CLASS`,:data:`HIGH_PRIORITY_CLASS`,2,1,Medium,Code Elements,subprocess.po
:data:`IDLE_PRIORITY_CLASS`,:data:`IDLE_PRIORITY_CLASS`,2,1,Medium,Code Elements,subprocess.po
:data:`NORMAL_PRIORITY_CLASS`,:data:`NORMAL_PRIORITY_CLASS`,2,1,Medium,Code Elements,subprocess.po
:data:`REALTIME_PRIORITY_CLASS`,:data:`REALTIME_PRIORITY_CLASS`,2,1,Medium,Code Elements,subprocess.po
CREATE_DEFAULT_ERROR_MODE,:data:`CREATE_DEFAULT_ERROR_MODE`,2,1,High,Exceptions,subprocess.po
:data:`CREATE_DEFAULT_ERROR_MODE`,:data:`CREATE_DEFAULT_ERROR_MODE`,2,1,High,Exceptions,subprocess.po
Module :mod:`quopri`,:mod:`quopri` 模組,2,1,Medium,Code Elements,binascii.po
:class:`Semaphore` example,:class:`Semaphore` 範例,2,1,Medium,Code Elements,threading.po
acquire(),"some_lock.acquire()
try:
    # 做某些事情...
finally:
    some_lock.release()",2,2,Medium,Other,threading.po; asyncio-sync.po
release(),"some_lock.acquire()
try:
    # 做某些事情...
finally:
    some_lock.release()",2,2,Medium,Other,threading.po; asyncio-sync.po
Module: :mod:`datetime`,:mod:`datetime` 模組,2,1,Medium,Code Elements,zoneinfo.po
Package :pypi:`tzdata`,:pypi:`tzdata` 套件,2,1,Medium,Code Elements,zoneinfo.po
The ``ZoneInfo`` class,``ZoneInfo`` 類別,2,1,Medium,Code Elements,zoneinfo.po
Exceptions and warnings,例外與警告,2,1,High,Exceptions,zoneinfo.po
Module :mod:`py_compile`,:mod:`py_compile` 模組,2,1,Medium,Code Elements,compileall.po
UnexpectedException,:exc:`UnexpectedException` 定義了以下屬性：,2,1,High,Exceptions,doctest.po
The :class:`Stats` Class,:class:`Stats` 類別,2,1,Medium,Code Elements,profile.po
``'module'``,``'module'``,2,1,Medium,Code Elements,profile.po
ContextDecorator,``ContextDecorator`` 範例： ::,2,1,Medium,Other,contextlib.po
AsyncContextDecorator,``AsyncContextDecorator`` 範例： ::,2,1,Medium,Other,contextlib.po
Mocking Classes,Mock 類別,2,1,Medium,Other,unittest.mock-examples.po
Raising exceptions with mocks,透過 mock 引發例外,2,1,High,Exceptions,unittest.mock-examples.po
Mocking a Generator Method,Mock 產生器方法,2,1,Medium,Other,unittest.mock-examples.po
**Classification functions**,**分類函數**,2,1,Medium,Other,cmath.po
Classification,**分類函數**,2,1,Medium,Other,cmath.po
Classification functions,分類函式,2,1,Medium,Other,cmath.po
Submodules in the ``html`` package are:,``html`` 套件中的子模組為：,2,1,Medium,Code Elements,html.po
This module defines an exception:,此模組定義了一個例外：,2,1,High,Exceptions,zipimport.po
find_loader(),在 3.10 版中已棄用的 ``find_loader()`` 和 ``find_module()`` 方法現已被移除。請改用 :meth:`find_spec`。,2,2,Medium,Other,zipimport.po; 3.12.po
Use :meth:`exec_module` instead.,請改用 :meth:`exec_module`。,2,2,Medium,Code Elements,zipimport.po; importlib.po
gethostname() (in module socket),gethostname()（於 socket 模組）,2,1,Medium,Other,os.po
gethostbyaddr() (in module socket),gethostbyaddr()（於 socket 模組）,2,1,Medium,Other,os.po
:class:`EnumType`,:class:`EnumType`,2,1,Medium,Code Elements,enum.po
:class:`Enum`,:class:`Enum`,2,1,Medium,Code Elements,enum.po
:class:`IntEnum`,:class:`IntEnum`,2,1,Medium,Code Elements,enum.po
:class:`StrEnum`,:class:`StrEnum`,2,1,Medium,Code Elements,enum.po
:class:`Flag`,:class:`Flag`,2,1,Medium,Code Elements,enum.po
:class:`IntFlag`,:class:`IntFlag`,2,1,Medium,Code Elements,enum.po
:class:`ReprEnum`,:class:`ReprEnum`,2,1,Medium,Code Elements,enum.po
:class:`EnumCheck`,:class:`EnumCheck`,2,1,Medium,Code Elements,enum.po
:class:`FlagBoundary`,:class:`FlagBoundary`,2,1,Medium,Code Elements,enum.po
:class:`EnumDict`,:class:`EnumDict`,2,1,Medium,Code Elements,enum.po
:class:`auto`,:class:`auto`,2,1,Medium,Code Elements,enum.po
Weekday.__init__(),"``Weekday.__init__()`` 將被稱為 ``Weekday.__init__(self, 1, 'Mon')``",2,1,Medium,Other,enum.po
Added :ref:`enum-dataclass-support`,新增 :ref:`enum-dataclass-support`,2,1,Medium,Code Elements,enum.po
FIRST  auto(),``FIRST = auto()`` 可以運作（auto() 會被取代成 ``1``）,2,1,Medium,Other,enum.po
will work (auto() is replaced with,``FIRST = auto()`` 可以運作（auto() 會被取代成 ``1``）,2,1,Medium,Other,enum.po
auto(),``FIRST = auto()`` 可以運作（auto() 會被取代成 ``1``）,2,1,Medium,Other,enum.po
ItimerError,嘗試傳入無效的間隔計時器會導致 :exc:`ItimerError`。,2,1,High,Exceptions,signal.po
Note on Signal Handlers and Exceptions,訊號處理程式與例外的說明,2,1,High,Exceptions,signal.po
coro(),當協程函式被呼叫而不是被等待時（即執行 ``coro()`` 而不是 ``await coro()``）或者協程沒有透過 :meth:`asyncio.create_task` 被排程，asyncio 將會發出 :exc:`RuntimeWarning`： ::,2,2,Medium,Other,asyncio-dev.po; 3.5.po
test(),"test.py:7: RuntimeWarning: coroutine 'test' was never awaited
  test()",2,1,Medium,Other,asyncio-dev.po
"async def main():
    await test()","async def main():
    await test()",2,1,Medium,Other,asyncio-dev.po
Detect never-retrieved exceptions,偵測從未被取得的 (never-retrieved) 例外,2,1,High,Exceptions,asyncio-dev.po
Future.set_exception,如果呼叫 :meth:`Future.set_exception`，但 Future 物件從未被等待，例外將無法被傳播 (propagate) 到使用者程式。在這種情況下，當 Future 物件被垃圾回收 (garbage collected) 時，asyncio 將發出一則日誌訊息。,2,2,High,Exceptions,asyncio-dev.po; concurrent.futures.po
Example of an unhandled exception::,未處理例外的例子： ::,2,1,High,Exceptions,asyncio-dev.po
Module :mod:`io`,Module :mod:`io`,2,1,Medium,Code Elements,filesys.po
Built-in function :func:`open`,內建函式 :func:`open`,2,1,Medium,Code Elements,filesys.po
The Mock Class,Mock 類別,2,1,Medium,Other,unittest.mock.po
__round__,``__round__``、``__floor__``、``__trunc__`` 和 ``__ceil__``,2,1,Medium,Other,unittest.mock.po
__floor__,``__round__``、``__floor__``、``__trunc__`` 和 ``__ceil__``,2,1,Medium,Other,unittest.mock.po
__ceil__,``__round__``、``__floor__``、``__trunc__`` 和 ``__ceil__``,2,1,Medium,Other,unittest.mock.po
__getinitargs__,Pickling：``__reduce__``、``__reduce_ex__``、``__getinitargs__``、``__getnewargs__``、``__getstate__`` 和 ``__setstate__``,2,1,Medium,Other,unittest.mock.po
__instancecheck__,``__prepare__``、``__instancecheck__``、``__subclasscheck__``、``__del__``,2,1,Medium,Other,unittest.mock.po
__subclasscheck__,``__prepare__``、``__instancecheck__``、``__subclasscheck__``、``__del__``,2,1,Medium,Other,unittest.mock.po
iter(),``__iter__``：``iter([])``,2,1,Medium,Other,unittest.mock.po
``__hash__``: default hash for the mock,``__hash__``：mock 的預設雜湊,2,1,Medium,Code Elements,unittest.mock.po
``__str__``: default str for the mock,``__str__``：mock 的預設字串,2,1,Medium,Code Elements,unittest.mock.po
``__subclasses__``,``__subclasses__``,2,1,Medium,Code Elements,unittest.mock.po
__getformat__,``__getformat__``,2,1,Medium,Other,unittest.mock.po
email.generator,:mod:`!email.generator`：產生 MIME 文件,2,1,Medium,Other,email.generator.po
Libemailgenerator.py,**原始碼：**\ :source:`Lib/email/generator.py`,2,1,Medium,Other,email.generator.po
The parameters to ``@dataclass`` are:,``@dataclass`` 的參數是：,2,1,Medium,Code Elements,dataclasses.po
Class variables,類別變數,2,1,Medium,Other,dataclasses.po
decorator. When defining a function using,若要定義泛型函式，請使用 ``@singledispatch`` 裝飾器對其裝飾。請注意，使用 ``@singledispatch`` 定義函式時，分派調度 (dispatch) 是發生在第一個引數的型別上： ::,2,1,Medium,Other,functools.po
:class:`partial` Objects,:class:`partial` 物件,2,1,Medium,Code Elements,functools.po
Module :mod:`readline`,:mod:`readline` 模組,2,1,Medium,Code Elements,atexit.po
Module :mod:`zipfile`,:mod:`zipfile` 模組,2,1,Medium,Code Elements,tarfile.po
**Source code:** :source:`Lib/ctypes`,**原始碼：**\ :source:`Lib/ctypes`,2,1,Medium,Code Elements,ctypes.po
:class:`c_bool`,:class:`c_bool`,2,1,Medium,Code Elements,ctypes.po
:class:`c_char`,:class:`c_char`,2,1,Medium,Code Elements,ctypes.po
:class:`c_wchar`,:class:`c_wchar`,2,1,Medium,Code Elements,ctypes.po
:c:type:`wchar_t`,:c:type:`wchar_t`,2,1,Medium,Code Elements,ctypes.po
:class:`c_byte`,:class:`c_byte`,2,1,Medium,Code Elements,ctypes.po
:class:`c_ubyte`,:class:`c_ubyte`,2,1,Medium,Code Elements,ctypes.po
:class:`c_short`,:class:`c_short`,2,1,Medium,Code Elements,ctypes.po
:class:`c_ushort`,:class:`c_ushort`,2,1,Medium,Code Elements,ctypes.po
:class:`c_int`,:class:`c_int`,2,1,Medium,Code Elements,ctypes.po
:class:`c_uint`,:class:`c_uint`,2,1,Medium,Code Elements,ctypes.po
:class:`c_long`,:class:`c_long`,2,1,Medium,Code Elements,ctypes.po
:class:`c_ulong`,:class:`c_ulong`,2,1,Medium,Code Elements,ctypes.po
:class:`c_longlong`,:class:`c_longlong`,2,1,Medium,Code Elements,ctypes.po
:class:`c_ulonglong`,:class:`c_ulonglong`,2,1,Medium,Code Elements,ctypes.po
:class:`c_size_t`,:class:`c_size_t`,2,1,Medium,Code Elements,ctypes.po
:class:`c_ssize_t`,:class:`c_ssize_t`,2,1,Medium,Code Elements,ctypes.po
:class:`c_time_t`,:class:`c_time_t`,2,1,Medium,Code Elements,ctypes.po
:c:type:`time_t`,:c:type:`time_t`,2,1,Medium,Code Elements,ctypes.po
:class:`c_float`,:class:`c_float`,2,1,Medium,Code Elements,ctypes.po
:class:`c_double`,:class:`c_double`,2,1,Medium,Code Elements,ctypes.po
:class:`c_longdouble`,:class:`c_longdouble`,2,1,Medium,Code Elements,ctypes.po
:class:`c_char_p`,:class:`c_char_p`,2,1,Medium,Code Elements,ctypes.po
:class:`c_wchar_p`,:class:`c_wchar_p`,2,1,Medium,Code Elements,ctypes.po
:class:`c_void_p`,:class:`c_void_p`,2,1,Medium,Code Elements,ctypes.po
:class:`Runner`,:class:`Runner`,2,1,Medium,Code Elements,asyncio-api-index.po
:class:`Task`,:class:`Task`,2,1,Medium,Code Elements,asyncio-api-index.po
:class:`TaskGroup`,:class:`TaskGroup`,2,1,Medium,Code Elements,asyncio-api-index.po
Using asyncio.wait_for() to enforce a timeout asyncio_example_waitfor,:ref:`使用 asyncio.wait_for() 強制設置超時 <asyncio_example_waitfor>`。,2,1,Medium,Other,asyncio-api-index.po
Using asyncio.sleep() asyncio_example_sleep,:ref:`使用 asyncio.sleep() <asyncio_example_sleep>`。,2,1,Medium,Other,asyncio-api-index.po
:class:`Queue`,:class:`Queue`,2,1,Medium,Code Elements,asyncio-api-index.po
:class:`PriorityQueue`,:class:`PriorityQueue`,2,1,Medium,Code Elements,asyncio-api-index.po
:class:`LifoQueue`,:class:`LifoQueue`,2,1,Medium,Code Elements,asyncio-api-index.po
:class:`StreamReader`,:class:`StreamReader`,2,1,Medium,Code Elements,asyncio-api-index.po
:class:`StreamWriter`,:class:`StreamWriter`,2,1,Medium,Code Elements,asyncio-api-index.po
asyncio.CancelledError,:exc:`asyncio.CancelledError`,2,1,High,Exceptions,asyncio-api-index.po
Module :mod:`tokenize`,:mod:`tokenize` 模組,2,1,Medium,Code Elements,tabnanny.po
``INTRINSIC_IMPORT_STAR``,``INTRINSIC_IMPORT_STAR``,2,1,Medium,Code Elements,dis.po
INTRINSIC_STOPITERATION_ERROR,``INTRINSIC_STOPITERATION_ERROR``,2,1,High,Exceptions,dis.po
``INTRINSIC_STOPITERATION_ERROR``,``INTRINSIC_STOPITERATION_ERROR``,2,1,High,Exceptions,dis.po
``INTRINSIC_TYPEVAR``,``INTRINSIC_TYPEVAR``,2,1,Medium,Code Elements,dis.po
``INTRINSIC_TYPEVARTUPLE``,``INTRINSIC_TYPEVARTUPLE``,2,1,Medium,Code Elements,dis.po
``INTRINSIC_TYPEALIAS``,``INTRINSIC_TYPEALIAS``,2,1,Medium,Code Elements,dis.po
``INTRINSIC_TYPEVAR_WITH_BOUND``,``INTRINSIC_TYPEVAR_WITH_BOUND``,2,1,Medium,Code Elements,dis.po
``INTRINSIC_TYPEVAR_WITH_CONSTRAINTS``,``INTRINSIC_TYPEVAR_WITH_CONSTRAINTS``,2,1,Medium,Code Elements,dis.po
``INTRINSIC_SET_FUNCTION_TYPE_PARAMS``,``INTRINSIC_SET_FUNCTION_TYPE_PARAMS``,2,1,Medium,Code Elements,dis.po
``option_list`` (default: ``[]``),``option_list``\ （預設值：``[]``）,2,1,Medium,Code Elements,optparse.po
``version`` (default: ``None``),``version``\ （預設值：``None``）,2,1,Medium,Code Elements,optparse.po
``description`` (default: ``None``),``description``\ （預設值：``None``）,2,1,Medium,Code Elements,optparse.po
``add_help_option`` (default: ``True``),``add_help_option``\ （預設值：``True``）,2,1,Medium,Code Elements,optparse.po
``epilog`` (default: ``None``),``epilog``\ （預設值：``None``）,2,1,Medium,Code Elements,optparse.po
Values(),options = Values(),2,2,Medium,Other,optparse.po; stdtypes.po
"(default: ``""store""``)","（預設值： ``""store""`` ）",2,1,Medium,Code Elements,optparse.po
"(default: ``""string""``)","（預設值： ``""string""`` ）",2,1,Medium,Code Elements,optparse.po
:class:`struct_time` in UTC,世界協調時間的 :class:`struct_time`,2,1,Medium,Code Elements,time.po
:class:`struct_time` in local time,本地時間的 :class:`struct_time`,2,1,Medium,Code Elements,time.po
mach_absolute_time(),在 macOS 上，呼叫 ``mach_absolute_time()`` 和 ``mach_timebase_info()``。,2,1,Medium,Other,time.po
mach_timebase_info(),在 macOS 上，呼叫 ``mach_absolute_time()`` 和 ``mach_timebase_info()``。,2,1,Medium,Other,time.po
gethrtime(),在 HP-UX 上，呼叫 ``gethrtime()``。,2,1,Medium,Other,time.po
gettimeofday(),否則，呼叫 ``gettimeofday()``。,2,1,Medium,Other,time.po
Module :mod:`locale`,:mod:`locale` 模組,2,1,Medium,Code Elements,time.po
Built-in Exceptions,內建的例外,2,1,High,Exceptions,exceptions.po
Exception context,例外的情境,2,1,High,Exceptions,exceptions.po
__suppress_context__,預設的回溯 (traceback) 顯示程式碼會顯示這些連鎖的例外 (chained exception) 加上例外本身的回溯。當存在的時候，在 :attr:`!__cause__` 中明確地連鎖的例外總是會被顯示。而在 :attr:`!__context__` 中隱含地連鎖的例外只有當 :attr:`!__cause__` 是 :const:`None` 且 :attr:`!__suppress_context__` 是 false 時才會顯示。,2,1,Medium,Other,exceptions.po
Inheriting from built-in exceptions,繼承自內建的例外,2,1,High,Exceptions,exceptions.po
OtherException,此方法設定 *tb* 為該例外的新的回溯並回傳該例外物件。在 :pep:`3134` 的例外連鎖功能變得可用之前，此方法曾被更普遍使用。下面的範例顯示我們如何將 ``SomeException`` 的實例轉換為 ``OtherException`` 的實例同時保留回溯。一旦被引發，目前的 frame 會被加進 ``OtherException`` 的回溯，就像原來 ``SomeException`` 的回溯會發生的一樣，我們允許它被傳遞給呼叫者： ::,2,1,High,Exceptions,exceptions.po
Concrete exceptions,實體例外,2,1,High,Exceptions,exceptions.po
BaseException.args,建構函式的第二種形式會設定以下描述的相對應屬性。如果沒有給定則屬性預設為 :const:`None`。為了向後相容，如果傳入三個引數，:attr:`~BaseException.args` 屬性只會是包含建構函式前兩個引數的雙元素元組。,2,2,High,Exceptions,graphlib.po; exceptions.po
Exception groups,例外群組,2,1,High,Exceptions,exceptions.po
BaseException.__traceback__,現有例外的巢狀結構會保留在結果裡，其 :attr:`message`、:attr:`~BaseException.__traceback__`、:attr:`~BaseException.__cause__`、:attr:`~BaseException.__context__` 及 :attr:`~BaseException.__notes__` 欄位的值也一樣。空的巢狀群組會從結果裡排除。,2,1,High,Exceptions,exceptions.po
BaseException.__cause__,現有例外的巢狀結構會保留在結果裡，其 :attr:`message`、:attr:`~BaseException.__traceback__`、:attr:`~BaseException.__cause__`、:attr:`~BaseException.__context__` 及 :attr:`~BaseException.__notes__` 欄位的值也一樣。空的巢狀群組會從結果裡排除。,2,1,High,Exceptions,exceptions.po
BaseException.__context__,現有例外的巢狀結構會保留在結果裡，其 :attr:`message`、:attr:`~BaseException.__traceback__`、:attr:`~BaseException.__cause__`、:attr:`~BaseException.__context__` 及 :attr:`~BaseException.__notes__` 欄位的值也一樣。空的巢狀群組會從結果裡排除。,2,1,High,Exceptions,exceptions.po
BaseException.__notes__,現有例外的巢狀結構會保留在結果裡，其 :attr:`message`、:attr:`~BaseException.__traceback__`、:attr:`~BaseException.__cause__`、:attr:`~BaseException.__context__` 及 :attr:`~BaseException.__notes__` 欄位的值也一樣。空的巢狀群組會從結果裡排除。,2,1,High,Exceptions,exceptions.po
Exception hierarchy,例外階層,2,1,High,Exceptions,exceptions.po
email.errors,:mod:`!email.errors`：例外和缺陷類別,2,1,High,Exceptions,email.errors.po
Libemailerrors.py,**原始碼：**\ :source:`Lib/email/errors.py`,2,1,High,Exceptions,email.errors.po
Libasyncioexceptions.py,**原始碼：**\ :source:`Lib/asyncio/exceptions.py`,2,1,High,Exceptions,asyncio-exceptions.po
"``""default""``","``""default""``",2,1,Medium,Code Elements,warnings.po
"``""error""``","``""error""``",2,1,High,Exceptions,warnings.po
"``""module""``","``""module""``",2,1,Medium,Code Elements,warnings.po
KQ_EV_ERROR,:const:`KQ_EV_ERROR`,2,1,High,Exceptions,select.po
:const:`KQ_EV_ERROR`,:const:`KQ_EV_ERROR`,2,1,High,Exceptions,select.po
socket() (in module socket),socket() (於 socket 模組),2,1,Medium,Other,select.po
Extending :class:`JSONEncoder`::,繼承 :class:`JSONEncoder` 類別並自行擴充額外的編碼方法： ::,2,1,Medium,Code Elements,json.po
JSONEncoder(),">>> json.JSONEncoder().encode({""foo"": [""bar"", ""baz""]})
'{""foo"": [""bar"", ""baz""]}'",2,1,Medium,Other,json.po
:ref:`metaclasses`,:ref:`metaclasses`,2,1,Medium,Code Elements,types.po
:mod:`pdb` --- The Python Debugger,:mod:`pdb` --- Python 偵錯器,2,1,Medium,Code Elements,pdb.po
set_trace(),import pdb; pdb.set_trace(),2,1,Medium,Other,pdb.po
_exception,``$_exception``：frame 引發例外時的例外,2,1,High,Exceptions,pdb.po
print(),也可以使用 ``print()``，但它不是一個偵錯器命令 --- 它會執行 Python :func:`print` 函式。,2,2,Medium,Other,datamodel.po; pdb.po
Module :mod:`zlib`,:mod:`zlib` 模組,2,1,Medium,Code Elements,gzip.po
Module :mod:`struct`,:mod:`struct` 模組,2,1,Medium,Code Elements,array.po
__deepcopy__,用來實作深層複製操作；它會傳遞一個引數，即 *memo* 字典。如果 ``__deepcopy__`` 實現需要建立一個元件的深層複製，它應當呼叫 :func:`~copy.deepcopy` 函式並以該元件作為第一個引數、以該 *memo* 字典作為第二個引數。*memo* 字典應當被當作不透明物件 (opaque object) 來處理,2,1,Medium,Other,copy.po
Bad file descriptor error example,檔案描述器的錯誤範例,2,1,High,Exceptions,devmode.po
os.close(fp.fileno()),``os.close(fp.fileno())`` 會關閉檔案描述器。當檔案物件最終化函式 (finalizer) 嘗試再次關閉檔案描述器時，它會失敗並出現 ``Bad file descriptor`` 錯誤。檔案描述器只能關閉一次。在最壞的情況下，將它關閉兩次可能會導致崩潰 (crash)（相關範例請參閱 :issue:`18748`）。,2,1,Medium,Other,devmode.po
:class:`int` (signed 64-bit),:class:`int` （有符號 64 位元）,2,1,Medium,Code Elements,multiprocessing.shared_memory.po
Module :mod:`numbers`,:mod:`numbers` 模組,2,1,Medium,Code Elements,fractions.po
:ref:`import`,:ref:`import`,2,1,Medium,Code Elements,importlib.po
A single exception is defined:,定義了一個單一的例外：,2,1,High,Exceptions,statistics.po
:class:`NormalDist` objects,:class:`NormalDist` 物件,2,1,Medium,Code Elements,statistics.po
Classic probability problems,經典機率問題,2,1,Medium,Other,statistics.po
``err`` or ``error``,``err`` 或 ``error``,2,1,High,Exceptions,logging.handlers.po
:pep:`3105`: *Make print a function*,:pep:`3105`: *使 print 成為一個函式 (Make print a function)*,2,1,Medium,Code Elements,__future__.po
__,之前原本計劃在 Python 3.10 中強制使用 ``from __future__ import annotations``，但 Python 指導委員會 (Python Steering Council) 兩次決議推遲這一變動（`Python 3.10 的公告 <https://mail.python.org/archives/list/python-dev@python.org/message/CLVXXPQ2T2LQ5MP2Y53VVQFCXYWQJHKZ/>`__；`Python 3.11 的公告 <https://mail.python.org/archives/list/python-dev@python.org/message/VIZEBX5EYMSYIJNDBF6DMUMZOCWHARSO/>`__）。目前還尚未做出決定。另請參閱 :pep:`563` 和 :pep:`649`。,2,2,Medium,Other,lexical_analysis.po; __future__.po
ErrorHandler Objects,ErrorHandler 物件,2,1,High,Exceptions,xml.sax.handler.po
Module :mod:`cmath`,:mod:`cmath` 模組,2,1,Medium,Code Elements,math.po
Logging configuration uses eval() logging-eval-security,:mod:`logging`：:ref:`日誌配置使用 eval() <logging-eval-security>`,2,1,Medium,Other,security_warnings.po
Module :mod:`compileall`,:mod:`compileall` 模組,2,1,Medium,Code Elements,py_compile.po
Module :mod:`pwd`,:mod:`pwd` 模組,2,1,Medium,Code Elements,grp.po
Module :mod:`tty`,:mod:`tty` 模組,2,1,Medium,Code Elements,termios.po
:class:`deque`,:class:`deque`,2,1,Medium,Code Elements,collections.po
:class:`ChainMap`,:class:`ChainMap`,2,1,Medium,Code Elements,collections.po
:class:`Counter`,:class:`Counter`,2,1,Medium,Code Elements,collections.po
:class:`OrderedDict`,:class:`OrderedDict`,2,1,Medium,Code Elements,collections.po
:class:`defaultdict`,:class:`defaultdict`,2,1,Medium,Code Elements,collections.po
:class:`UserDict`,:class:`UserDict`,2,1,Medium,Code Elements,collections.po
:class:`UserList`,:class:`UserList`,2,1,Medium,Code Elements,collections.po
:class:`UserString`,:class:`UserString`,2,1,Medium,Code Elements,collections.po
:class:`ChainMap` objects,:class:`ChainMap` 物件,2,1,Medium,Code Elements,collections.po
:class:`ChainMap` Examples and Recipes,:class:`ChainMap` 範例和用法,2,1,Medium,Code Elements,collections.po
:class:`Counter` objects,:class:`Counter` 物件,2,1,Medium,Code Elements,collections.po
:class:`deque` objects,:class:`deque` 物件,2,1,Medium,Code Elements,collections.po
:class:`deque` Recipes,:class:`deque` 用法,2,1,Medium,Code Elements,collections.po
:class:`defaultdict` objects,:class:`defaultdict` 物件,2,1,Medium,Code Elements,collections.po
:class:`defaultdict` Examples,:class:`defaultdict` 範例,2,1,Medium,Code Elements,collections.po
:class:`OrderedDict` objects,:class:`OrderedDict` 物件,2,1,Medium,Code Elements,collections.po
:class:`UserDict` objects,:class:`UserDict` 物件,2,1,Medium,Code Elements,collections.po
:class:`UserList` objects,:class:`UserList` 物件,2,1,Medium,Code Elements,collections.po
:class:`UserString` objects,:class:`UserString` 物件,2,1,Medium,Code Elements,collections.po
:file:`{userbase}\\Python{XY}`,:file:`{userbase}\\Python{XY}`,2,1,Medium,Code Elements,sysconfig.po
:file:`{userbase}\\Python{XY}\\Include`,:file:`{userbase}\\Python{XY}\\Include`,2,1,Medium,Code Elements,sysconfig.po
:file:`{userbase}\\Python{XY}\\Scripts`,:file:`{userbase}\\Python{XY}\\Scripts`,2,1,Medium,Code Elements,sysconfig.po
:file:`{userbase}/lib/python`,:file:`{userbase}/lib/python`,2,1,Medium,Code Elements,sysconfig.po
:file:`{home}/lib/python`,:file:`{home}/lib/python`,2,1,Medium,Code Elements,sysconfig.po
:file:`{home}/include/python`,:file:`{home}/include/python`,2,1,Medium,Code Elements,sysconfig.po
:file:`{prefix}\\Lib\\site-packages`,:file:`{prefix}\\Lib\\site-packages`,2,1,Medium,Code Elements,sysconfig.po
Liburlliberror.py,**原始碼：**\ :source:`Lib/urllib/error.py`,2,1,High,Exceptions,urllib.error.po
ProtocolError Objects,ProtocolError 物件,2,1,High,Exceptions,xmlrpc.client.po
:class:`DOMImplementation`,:class:`DOMImplementation`,2,1,Medium,Code Elements,xml.dom.po
:ref:`dom-implementation-objects`,:ref:`dom-implementation-objects`,2,1,Medium,Code Elements,xml.dom.po
:class:`Node`,:class:`Node`,2,1,Medium,Code Elements,xml.dom.po
:ref:`dom-node-objects`,:ref:`dom-node-objects`,2,1,Medium,Code Elements,xml.dom.po
:class:`NodeList`,:class:`NodeList`,2,1,Medium,Code Elements,xml.dom.po
:ref:`dom-nodelist-objects`,:ref:`dom-nodelist-objects`,2,1,Medium,Code Elements,xml.dom.po
:class:`DocumentType`,:class:`DocumentType`,2,1,Medium,Code Elements,xml.dom.po
:ref:`dom-documenttype-objects`,:ref:`dom-documenttype-objects`,2,1,Medium,Code Elements,xml.dom.po
:class:`Document`,:class:`Document`,2,1,Medium,Code Elements,xml.dom.po
:ref:`dom-document-objects`,:ref:`dom-document-objects`,2,1,Medium,Code Elements,xml.dom.po
:class:`Element`,:class:`Element`,2,1,Medium,Code Elements,xml.dom.po
:ref:`dom-element-objects`,:ref:`dom-element-objects`,2,1,Medium,Code Elements,xml.dom.po
:class:`Attr`,:class:`Attr`,2,1,Medium,Code Elements,xml.dom.po
:ref:`dom-attr-objects`,:ref:`dom-attr-objects`,2,1,Medium,Code Elements,xml.dom.po
:class:`Comment`,:class:`Comment`,2,1,Medium,Code Elements,xml.dom.po
:ref:`dom-comment-objects`,:ref:`dom-comment-objects`,2,1,Medium,Code Elements,xml.dom.po
:class:`Text`,:class:`Text`,2,1,Medium,Code Elements,xml.dom.po
:ref:`dom-text-objects`,:ref:`dom-text-objects`,2,1,Medium,Code Elements,xml.dom.po
:class:`ProcessingInstruction`,:class:`ProcessingInstruction`,2,1,Medium,Code Elements,xml.dom.po
:ref:`dom-pi-objects`,:ref:`dom-pi-objects`,2,1,Medium,Code Elements,xml.dom.po
Module :mod:`grp`,:mod:`grp` 模組,2,1,Medium,Code Elements,pwd.po
__func__,__func__,2,2,Medium,Other,datamodel.po; inspect.po
__self__,__self__,2,2,Medium,Other,datamodel.po; inspect.po
__globals__,__globals__,2,2,Medium,Other,datamodel.po; inspect.po
CRYPTO_memcmp(),此函式在可能的情況下會在內部使用 OpenSSL 的 ``CRYPTO_memcmp()``。,2,1,Medium,Other,hmac.po
Module :mod:`hashlib`,:mod:`hashlib` 模組,2,1,Medium,Code Elements,hmac.po
Class hierarchy,類別階層,2,1,Medium,Other,io.po
:class:`IOBase`,:class:`IOBase`,2,1,Medium,Code Elements,io.po
:class:`RawIOBase`,:class:`RawIOBase`,2,1,Medium,Code Elements,io.po
:class:`BufferedIOBase`,:class:`BufferedIOBase`,2,1,Medium,Code Elements,io.po
:class:`TextIOBase`,:class:`TextIOBase`,2,1,Medium,Code Elements,io.po
I/O Base Classes,I/O 基礎類別,2,1,Medium,Other,io.po
Module :mod:`gzip`,:mod:`gzip` 模組,2,1,Medium,Code Elements,zlib.po
__VENV_DIR__,``env_dir`` —— 虛擬環境的位置。用於啟用腳本中的 ``__VENV_DIR__``\ （參見 :meth:`install_scripts`）。,2,1,Medium,Other,venv.po
__VENV_NAME__,``env_name`` —— 虛擬環境的名稱。用於啟用腳本中的 ``__VENV_NAME__``\ （參見 :meth:`install_scripts`）。,2,1,Medium,Other,venv.po
__VENV_PROMPT__,``prompt`` —— 啟用腳本所使用的提示字元。用於啟用腳本中的 ``__VENV_PROMPT__``\ （參見 :meth:`install_scripts`）。,2,1,Medium,Other,venv.po
__VENV_BIN_NAME__,``bin_name`` —— 相對於虛擬環境位置的腳本路徑名稱。用於啟用腳本中的 ``__VENV_BIN_NAME__``\ （參見 :meth:`install_scripts`）。,2,1,Medium,Other,venv.po
__VENV_PYTHON__,``env_exe`` —— 虛擬環境中 Python 直譯器的名稱。用於啟用腳本中的 ``__VENV_PYTHON__``\ （參見 :meth:`install_scripts`）。,2,1,Medium,Other,venv.po
something(),"task = asyncio.create_task(something())
res = await shield(task)",2,1,Medium,Other,asyncio-task.po
asyncio.TimeoutError,引發 :exc:`TimeoutError` 而不是 :exc:`asyncio.TimeoutError`。,2,1,High,Exceptions,asyncio-task.po
Module :mod:`configparser`,:mod:`configparser` 模組,2,1,Medium,Code Elements,shlex.po
setUpClass,"@classmethod
def setUpClass(cls):
    ...",2,1,Medium,Other,unittest.po
Class and Module Fixtures,更多細節請見 `Class and Module Fixtures`_。,2,1,Medium,Other,unittest.po
tearDownClass,"@classmethod
def tearDownClass(cls):
    ...",2,1,Medium,Other,unittest.po
do_something(),"with self.assertRaises(SomeException):
    do_something()",2,1,Medium,Other,unittest.po
assertRegexpMatches(),``assertRegexpMatches()`` 方法已重新命名為 :meth:`.assertRegex`。,2,1,Medium,Other,unittest.po
setUpClass and tearDownClass,setUpClass 和 tearDownClass,2,1,Medium,Other,unittest.po
An example for :class:`Sniffer` use::,一個 :class:`Sniffer` 的使用範例： ::,2,1,Medium,Code Elements,csv.po
Module :mod:`binascii`,:mod:`binascii` 模組,2,1,Medium,Code Elements,base64.po
Functions and Exceptions,函式與例外,2,1,High,Exceptions,struct.po
:c:type:`ssize_t`,:c:type:`ssize_t`,2,1,Medium,Code Elements,struct.po
Module :mod:`array`,:mod:`array` 模組,2,1,Medium,Code Elements,struct.po
``import __main__``,``import __main__``,2,1,Medium,Code Elements,__main__.po
GNU :program:`gettext` API,GNU :program:`gettext` API,2,1,Medium,Code Elements,gettext.po
error handler's name,error handler's name（錯誤處理器名稱）,2,1,High,Exceptions,codecs.po
:ref:`inspect <inspect-module-cli>`,:ref:`inspect <inspect-module-cli>`,2,1,Medium,Code Elements,cmdline.po
:mod:`mimetypes`,:mod:`mimetypes`,2,1,Medium,Code Elements,cmdline.po
Module :mod:`hmac`,:mod:`hmac` 模組,2,1,Medium,Code Elements,hashlib.po
SMTPHeloError,:exc:`SMTPHeloError`,2,1,High,Exceptions,smtplib.po
:exc:`SMTPHeloError`,:exc:`SMTPHeloError`,2,1,High,Exceptions,smtplib.po
SMTPAuthenticationError,:exc:`SMTPAuthenticationError`,2,1,High,Exceptions,smtplib.po
:exc:`SMTPAuthenticationError`,:exc:`SMTPAuthenticationError`,2,1,High,Exceptions,smtplib.po
SMTPNotSupportedError,:exc:`SMTPNotSupportedError`,2,1,High,Exceptions,smtplib.po
:exc:`SMTPNotSupportedError`,:exc:`SMTPNotSupportedError`,2,1,High,Exceptions,smtplib.po
SMTPException,:exc:`SMTPException`,2,1,High,Exceptions,smtplib.po
:exc:`SMTPException`,:exc:`SMTPException`,2,1,High,Exceptions,smtplib.po
SMTPDataError,:exc:`SMTPDataError`,2,1,High,Exceptions,smtplib.po
:exc:`SMTPDataError`,:exc:`SMTPDataError`,2,1,High,Exceptions,smtplib.po
c.conjugate(),``c.conjugate()``,2,1,Medium,Other,stdtypes.po
conjugate(),``c.conjugate()``,2,1,Medium,Other,stdtypes.po
x.bit_length(),"更準確來說，若 ``x`` 非為零，則 ``x.bit_length()`` 會得出滿足 ``2**(k-1) <= abs(x) < 2**k`` 的單一正整數 ``k``。同樣地，當 ``abs(x)`` 足夠小到能正確地取得捨入的對數，則 ``k = 1 + int(log(abs(x), 2))``。若 ``x`` 為零，則 ``x.bit_length()`` 會回傳 ``0``。",2,1,Medium,Other,stdtypes.po
Boolean Type - :class:`bool`,Boolean 型別 - :class:`bool`,2,1,Medium,Code Elements,stdtypes.po
Iterator Types,疊代器型別,2,1,Medium,Other,stdtypes.po
s.clear(),``s.clear()``,2,1,Medium,Other,stdtypes.po
clear(),``s.clear()``,2,1,Medium,Other,stdtypes.po
s.copy(),``s.copy()``,2,1,Medium,Other,stdtypes.po
s.pop(),``s.pop()`` 或 ``s.pop(i)``,2,1,Medium,Other,stdtypes.po
s.reverse(),``s.reverse()``,2,1,Medium,Other,stdtypes.po
reverse(),``s.reverse()``,2,1,Medium,Other,stdtypes.po
title(),">>> 'Hello world'.title()
'Hello World'",2,1,Medium,Other,stdtypes.po
:class:`memoryview` has several methods:,:class:`memoryview` 有幾個方法：,2,1,Medium,Code Elements,stdtypes.po
Standard Generic Classes,標準泛型類別,2,1,Medium,Other,stdtypes.po
:class:`type`,:class:`type`,2,1,Medium,Code Elements,stdtypes.po
:class:`collections.deque`,:class:`collections.deque`,2,2,Medium,Code Elements,stdtypes.po; compound_stmts.po
functools.cached_property,:class:`functools.cached_property`,2,1,Medium,Other,stdtypes.po
Classes and Class Instances,類別與類別實例,2,1,Medium,Other,stdtypes.po
__eq__() (instance method),__eq__()（實例方法）,2,1,Medium,Other,stdtypes.po
__ne__() (instance method),__ne__()（實例方法）,2,1,Medium,Other,stdtypes.po
__lt__() (instance method),__lt__()（實例方法）,2,1,Medium,Other,stdtypes.po
__le__() (instance method),__le__()（實例方法）,2,1,Medium,Other,stdtypes.po
__gt__() (instance method),__gt__()（實例方法）,2,1,Medium,Other,stdtypes.po
__ge__() (instance method),__ge__()（實例方法）,2,1,Medium,Other,stdtypes.po
conjugate() (complex number method),conjugate()（複數方法）,2,1,Medium,Other,stdtypes.po
floor() (in module math),floor()（於 math 模組）,2,1,Medium,Other,stdtypes.po
ceil() (in module math),ceil()（於 math 模組）,2,1,Medium,Other,stdtypes.po
trunc() (in module math),trunc()（於 math 模組）,2,1,Medium,Other,stdtypes.po
count() (sequence method),count()（序列方法）,2,1,Medium,Other,stdtypes.po
index() (sequence method),index()（序列方法）,2,1,Medium,Other,stdtypes.po
append() (sequence method),append()（序列方法）,2,1,Medium,Other,stdtypes.po
clear() (sequence method),clear()（序列方法）,2,1,Medium,Other,stdtypes.po
copy() (sequence method),copy()（序列方法）,2,1,Medium,Other,stdtypes.po
extend() (sequence method),extend()（序列方法）,2,1,Medium,Other,stdtypes.po
insert() (sequence method),insert()（序列方法）,2,1,Medium,Other,stdtypes.po
pop() (sequence method),pop()（序列方法）,2,1,Medium,Other,stdtypes.po
remove() (sequence method),remove()（序列方法）,2,1,Medium,Other,stdtypes.po
reverse() (sequence method),reverse()（序列方法）,2,1,Medium,Other,stdtypes.po
IncompleteReadError,如果在讀取完 *n* 個位元組之前讀取到 EOF，則會引發 :exc:`IncompleteReadError`。使用 :attr:`IncompleteReadError.partial` 屬性來取得串流結束前已讀取的部分資料。,2,1,High,Exceptions,asyncio-stream.po
IncompleteReadError.partial,如果在讀取完 *n* 個位元組之前讀取到 EOF，則會引發 :exc:`IncompleteReadError`。使用 :attr:`IncompleteReadError.partial` 屬性來取得串流結束前已讀取的部分資料。,2,1,High,Exceptions,asyncio-stream.po
wait_closed(),此方法應與 ``wait_closed()`` 方法一起使用，但並非強制： ::,2,1,Medium,Other,asyncio-stream.po
Module :mod:`glob`,:mod:`glob` 模組,2,1,Medium,Code Elements,fnmatch.po
:option:`-X warn_default_encoding <-X>`,:option:`-X warn_default_encoding <-X>`,2,1,Medium,Code Elements,sys.po
``'return'``,``'return'``,2,1,Medium,Code Elements,sys.po
``'c_return'``,``'c_return'``,2,1,Medium,Code Elements,sys.po
c_exception,``'c_exception'``,2,1,High,Exceptions,sys.po
``'c_exception'``,``'c_exception'``,2,1,High,Exceptions,sys.po
``'exception'``,``'exception'``,2,1,High,Exceptions,sys.po
Return ``True`` if *obj* is either of:,如果 *obj* 為下面任意物件，回傳 ``True``：,2,1,Medium,Code Elements,asyncio-future.po
set_exception,如果 Future 狀態為 *done*，並擁有 :meth:`set_exception` 方法設定的一個例外，那麼這個方法會引發該例外。,2,1,High,Exceptions,asyncio-future.po
asyncio.Future.exception,:meth:`asyncio.Future.result` 和 :meth:`asyncio.Future.exception` 不接受 *timeout* 引數。,2,1,High,Exceptions,asyncio-future.po
"i = 10
def f():
    print(i)
i = 42
f()","i = 10
def f():
    print(i)
i = 42
f()",2,1,Medium,Other,executionmodel.po
NameError (built-in exception),NameError（內建例外）,2,1,High,Exceptions,executionmodel.po
raise an exception,raise an exception（引發例外）,2,1,High,Exceptions,executionmodel.po
handle an exception,handle an exception（處理例外）,2,1,High,Exceptions,executionmodel.po
exception handler,exception handler（例外處理器）,2,1,High,Exceptions,executionmodel.po
SystemExit (built-in exception),SystemExit（內建例外）,2,1,High,Exceptions,executionmodel.po
:ref:`class-pattern-matching`,:ref:`class-pattern-matching`,2,1,Medium,Code Elements,compound_stmts.po
:class:`bytearray`,:class:`bytearray`,2,1,Medium,Code Elements,compound_stmts.po
"@f1(arg)
@f2
def func(): pass","@f1(arg)
@f2
def func(): pass",2,1,Medium,Other,compound_stmts.po
Class definitions,類別定義,2,1,Medium,Other,compound_stmts.po
:pep:`3129` - Class Decorators,:pep:`3129` - 類別裝飾器,2,1,Medium,Code Elements,compound_stmts.po
:class:`memoryview`,:class:`memoryview`,2,1,Medium,Code Elements,compound_stmts.po
:class:`range`,:class:`range`,2,1,Medium,Code Elements,compound_stmts.po
____,``__*__``,2,1,Medium,Other,lexical_analysis.po
Generator functions,產生器函式,2,1,Medium,Other,datamodel.po
makefile() (socket method),makefile() （socket 方法）,2,1,Medium,Other,datamodel.po
sys.exception,sys.exception,2,2,High,Exceptions,datamodel.po; 3.11.po
__getitem__() (mapping object method),__getitem__() （對映物件方法）,2,1,Medium,Other,datamodel.po
repr() (built-in function),repr() （內建函式）,2,1,Medium,Other,datamodel.po
__repr__() (object method),__repr__() （物件方法）,2,1,Medium,Other,datamodel.po
__repr__(),__repr__() （物件方法）,2,2,Medium,Other,3.10.po; datamodel.po
__str__() (object method),__str__() （物件方法）,2,1,Medium,Other,datamodel.po
print() (built-in function),print() （內建函式）,2,1,Medium,Other,datamodel.po
__format__() (object method),__format__() （物件方法）,2,1,Medium,Other,datamodel.po
__len__() (mapping object method),__len__() （對映物件方法）,2,1,Medium,Other,datamodel.po
metaclass hint,metaclass hint（元類別提示）,2,1,Medium,Other,datamodel.po
__prepare__ (metaclass method),__prepare__ （元類別方法）,2,1,Medium,Other,datamodel.po
__bool__() (object method),__bool__() （物件方法）,2,1,Medium,Other,datamodel.po
:mod:`importlib`,:mod:`importlib`,2,1,Medium,Code Elements,import.po
__traceback__ (exception attribute),__traceback__（例外屬性）,2,1,High,Exceptions,simple_stmts.po
__call__() (object method),__call__() （物件方法）,2,1,Medium,Other,expressions.po
:ref:`code objects <code-objects>`,:ref:`程式碼物件 <code-objects>`,2,1,Medium,Code Elements,3.13.po
:mod:`mimetypes`:,:mod:`mimetypes`：,2,1,Medium,Code Elements,3.13.po
:c:type:`PyMonitoringState`,:c:type:`PyMonitoringState`,2,1,Medium,Code Elements,3.13.po
:c:func:`PyMonitoring_FirePyReturnEvent`,:c:func:`PyMonitoring_FirePyReturnEvent`,2,1,Medium,Code Elements,3.13.po
:c:func:`PyMonitoring_FireCReturnEvent`,:c:func:`PyMonitoring_FireCReturnEvent`,2,1,Medium,Code Elements,3.13.po
PyMonitoring_FireExceptionHandledEvent,:c:func:`PyMonitoring_FireExceptionHandledEvent`,2,1,High,Exceptions,3.13.po
PyObject_HasAttrWithError,:c:func:`PyObject_HasAttrWithError` 取代 :c:func:`PyObject_HasAttr`。,2,1,High,Exceptions,3.13.po
PyMapping_HasKeyWithError,:c:func:`PyMapping_HasKeyWithError` 取代 :c:func:`PyMapping_HasKey`。,2,1,High,Exceptions,3.13.po
:c:func:`PyType_GetModuleByDef`,:c:func:`PyType_GetModuleByDef`,2,1,Medium,Code Elements,3.13.po
PyInterpreterState_Get(),移除 :c:func:`!_PyInterpreterState_Get` 這個對 :c:func:`PyInterpreterState_Get()` 的別名，這個別名是為了與 Python 3.8 的向後相容性而保留的。`pythoncapi-compat 專案`_\ 可以用於在 Python 3.8 和更舊的版本中取得 :c:func:`PyInterpreterState_Get()`。（由 Victor Stinner 於 :gh:`106320` 貢獻。）,2,1,Medium,Other,3.13.po
_PyDict_Pop(),``_PyDict_Pop()``：:c:func:`PyDict_Pop` 或 :c:func:`PyDict_PopString`；,2,1,Medium,Other,3.13.po
_PyDict_GetItemWithError(),``_PyDict_GetItemWithError()``：:c:func:`PyDict_GetItemRef`；,2,1,High,Exceptions,3.13.po
_PyErr_WriteUnraisableMsg(),``_PyErr_WriteUnraisableMsg()``：:c:func:`PyErr_FormatUnraisable`；,2,1,Medium,Other,3.13.po
_PyList_Extend(),``_PyList_Extend()``：:c:func:`PyList_Extend`；,2,1,Medium,Other,3.13.po
_PyLong_AsInt(),``_PyLong_AsInt()``：:c:func:`PyLong_AsInt`；,2,1,Medium,Other,3.13.po
_PyMem_RawStrdup(),``_PyMem_RawStrdup()``：``strdup()``；,2,1,Medium,Other,3.13.po
_PyMem_Strdup(),``_PyMem_Strdup()``：``strdup()``；,2,1,Medium,Other,3.13.po
_PyObject_ClearManagedDict(),``_PyObject_ClearManagedDict()``：:c:func:`PyObject_ClearManagedDict`；,2,1,Medium,Other,3.13.po
_PyObject_VisitManagedDict(),``_PyObject_VisitManagedDict()``：:c:func:`PyObject_VisitManagedDict`；,2,1,Medium,Other,3.13.po
_PyThreadState_UncheckedGet(),``_PyThreadState_UncheckedGet()``：:c:func:`PyThreadState_GetUnchecked()`；,2,1,Medium,Other,3.13.po
_PyTime_AsSecondsDouble(),``_PyTime_AsSecondsDouble()``：:c:func:`PyTime_AsSecondsDouble`；,2,1,Medium,Other,3.13.po
_PyTime_GetSystemClock(),``_PyTime_GetSystemClock()``：:c:func:`PyTime_Time` 或 :c:func:`PyTime_TimeRaw`；,2,1,Medium,Other,3.13.po
_Py_HashPointer(),``_Py_HashPointer()``：:c:func:`Py_HashPointer`；,2,1,Medium,Other,3.13.po
_Py_IsFinalizing(),``_Py_IsFinalizing()``：:c:func:`Py_IsFinalizing`。,2,1,Medium,Other,3.13.po
":pep:`613`, Explicit Type Aliases",:pep:`613`，顯式型別別名 (Explicit Type Aliases),2,1,Medium,Code Elements,3.10.po
":pep:`647`, User-Defined Type Guards",:pep:`647`，使用者定義的型別防護 (User-Defined Type Guards),2,1,Medium,Code Elements,3.10.po
Better error messages,更好的錯誤訊息,2,1,High,Exceptions,3.10.po
SyntaxErrors,SyntaxErrors,2,1,High,Exceptions,3.10.po
IndentationErrors,IndentationErrors,2,1,High,Exceptions,3.10.po
AttributeErrors,AttributeErrors,2,1,High,Exceptions,3.10.po
NameErrors,NameErrors,2,1,High,Exceptions,3.10.po
__globals____builtins__,"函式有一個新的 ``__builtins__`` 屬性，用於在執行函式時查找內建符號，而不是查找 ``__globals__['__builtins__']`` 。如果 ``__globals__[""__builtins__""]`` 存在，則屬性會以此做初始化，否則從目前內建物件 (builtins) 初始化。（由 Mark Shannon 在 :issue:`42990` 中貢獻。）",2,1,Medium,Other,3.10.po
classmethod classmethod,"靜態方法 (:func:`@staticmethod <staticmethod>`) 和類別方法 (:func:`@classmethod <classmethod>`) 現在繼承方法屬性 (``__module__``, ``__name__``, ``__qualname__``, ``__doc__``, ``__annotations__``) 並有一個新的 ``__wrapped__`` 屬性。此外，靜態方法現在可以像是常規函式般呼叫。（由 Victor Stinner 在 :issue:`43682` 中貢獻。）",2,2,Medium,Other,3.10.po; 3.11.po
traceback.format_exception,:func:`~traceback.format_exception`、:func:`~traceback.format_exception_only` 和 :func:`~traceback.print_exception` 函式現在可以將例外物件作為僅限位置引數。（由 Zackery Spytz 和 Matthias Bussonnier 在 :issue:`26389` 中貢獻。）,2,1,High,Exceptions,3.10.po
traceback.format_exception_only,:func:`~traceback.format_exception`、:func:`~traceback.format_exception_only` 和 :func:`~traceback.print_exception` 函式現在可以將例外物件作為僅限位置引數。（由 Zackery Spytz 和 Matthias Bussonnier 在 :issue:`26389` 中貢獻。）,2,1,High,Exceptions,3.10.po
traceback.print_exception,:func:`~traceback.format_exception`、:func:`~traceback.format_exception_only` 和 :func:`~traceback.print_exception` 函式現在可以將例外物件作為僅限位置引數。（由 Zackery Spytz 和 Matthias Bussonnier 在 :issue:`26389` 中貢獻。）,2,1,High,Exceptions,3.10.po
PyUnicode_InternImmortal(),``PyUnicode_InternImmortal()`` 函式現已棄用，並將在 Python 3.12 中刪除：請改用 :c:func:`PyUnicode_InternInPlace`。（由 Victor Stinner 在 :issue:`41692` 中貢獻。）,2,2,Medium,Other,3.10.po; 3.12.po
PyST_GetScope(),``PyST_GetScope()``,2,1,Medium,Other,3.10.po
PySymtable_Build(),``PySymtable_Build()``,2,1,Medium,Other,3.10.po
PySymtable_BuildObject(),``PySymtable_BuildObject()``,2,1,Medium,Other,3.10.po
``PySymtable_BuildObject()``,``PySymtable_BuildObject()``,2,1,Medium,Code Elements,3.10.po
PySymtable_Free(),``PySymtable_Free()``,2,1,Medium,Other,3.10.po
Py_SymtableStringObject(),``Py_SymtableStringObject()``,2,1,Medium,Other,3.10.po
``Py_SymtableStringObject()``,``Py_SymtableStringObject()``,2,1,Medium,Code Elements,3.10.po
PyAST_Compile(),``PyAST_Compile()``,2,1,Medium,Other,3.10.po
PyAST_CompileEx(),``PyAST_CompileEx()``,2,1,Medium,Other,3.10.po
PyAST_CompileObject(),``PyAST_CompileObject()``,2,1,Medium,Other,3.10.po
``PyAST_CompileObject()``,``PyAST_CompileObject()``,2,1,Medium,Code Elements,3.10.po
PyFuture_FromAST(),``PyFuture_FromAST()``,2,1,Medium,Other,3.10.po
PyFuture_FromASTObject(),``PyFuture_FromASTObject()``,2,1,Medium,Other,3.10.po
``PyFuture_FromASTObject()``,``PyFuture_FromASTObject()``,2,1,Medium,Code Elements,3.10.po
PyParser_ASTFromFile(),``PyParser_ASTFromFile()``,2,1,Medium,Other,3.10.po
PyParser_ASTFromFileObject(),``PyParser_ASTFromFileObject()``,2,1,Medium,Other,3.10.po
``PyParser_ASTFromFileObject()``,``PyParser_ASTFromFileObject()``,2,1,Medium,Code Elements,3.10.po
PyParser_ASTFromFilename(),``PyParser_ASTFromFilename()``,2,1,Medium,Other,3.10.po
PyParser_ASTFromString(),``PyParser_ASTFromString()``,2,1,Medium,Other,3.10.po
PyParser_ASTFromStringObject(),``PyParser_ASTFromStringObject()``,2,1,Medium,Other,3.10.po
``PyParser_ASTFromStringObject()``,``PyParser_ASTFromStringObject()``,2,1,Medium,Code Elements,3.10.po
PyArena_New(),``PyArena_New()``,2,1,Medium,Other,3.10.po
PyArena_Free(),``PyArena_Free()``,2,1,Medium,Other,3.10.po
PyArena_Malloc(),``PyArena_Malloc()``,2,1,Medium,Other,3.10.po
PyArena_AddPyObject(),``PyArena_AddPyObject()``,2,1,Medium,Other,3.10.po
``PyArena_AddPyObject()``,``PyArena_AddPyObject()``,2,1,Medium,Code Elements,3.10.po
:ref:`whatsnew37_importlib_resources`,:ref:`whatsnew37_importlib_resources`,2,1,Medium,Code Elements,3.7.po
imp.cache_from_source(),``imp.cache_from_source()``,2,1,Medium,Other,3.12.po
imp.get_magic(),``imp.get_magic()``,2,1,Medium,Other,3.12.po
imp.get_suffixes(),``imp.get_suffixes()``,2,1,Medium,Other,3.12.po
imp.get_tag(),``imp.get_tag()``,2,1,Medium,Other,3.12.po
imp.load_module(),``imp.load_module()``,2,1,Medium,Other,3.12.po
imp.reload(),``imp.reload()``,2,1,Medium,Other,3.12.po
imp.source_from_cache(),``imp.source_from_cache()``,2,1,Medium,Other,3.12.po
load_source(),``imp.load_source()``,2,1,Medium,Other,3.12.po
imp.init_builtin(),``imp.init_builtin()``,2,1,Medium,Other,3.12.po
imp.load_compiled(),``imp.load_compiled()``,2,1,Medium,Other,3.12.po
imp.load_dynamic(),``imp.load_dynamic()``,2,1,Medium,Other,3.12.po
imp.load_package(),``imp.load_package()``,2,1,Medium,Other,3.12.po
sqlite3.enable_shared_cache(),``sqlite3.enable_shared_cache()``,2,1,Medium,Other,3.12.po
PyUnstable_Code_New(),``PyUnstable_Code_New()``\ （自 ``PyCode_New`` 重新命名）,2,1,Medium,Other,3.12.po
PyUnstable_Code_GetExtra(),``PyUnstable_Code_GetExtra()``\ （自 ``_PyCode_GetExtra`` 重新命名）,2,1,Medium,Other,3.12.po
PyUnstable_Code_SetExtra(),``PyUnstable_Code_SetExtra()``\ （自 ``_PyCode_SetExtra`` 重新命名）,2,1,Medium,Other,3.12.po
:c:func:`PyType_FromSpec`,:c:func:`PyType_FromSpec`,2,1,Medium,Code Elements,3.12.po
:c:func:`PyType_FromSpecWithBases`,:c:func:`PyType_FromSpecWithBases`,2,1,Medium,Code Elements,3.12.po
:c:func:`PyType_FromModuleAndSpec`,:c:func:`PyType_FromModuleAndSpec`,2,1,Medium,Code Elements,3.12.po
The :class:`Decimal` type,:class:`Decimal` 型別,2,1,Medium,Code Elements,2.4.po
The :class:`Context` type,:class:`Context` 型別,2,1,Medium,Code Elements,2.4.po
IO exception hierarchy pep-3151,重新設計 :ref:`I/O 例外層次結構 <pep-3151>`。,2,1,High,Exceptions,3.3.po
:pep:`405` - Python Virtual Environments,:pep:`405` - Python 虛擬環境,2,1,Medium,Code Elements,3.3.po
:pep:`397` - Python Launcher for Windows,:pep:`397` - 適用於 Windows 的 Python 啟動器,2,1,Medium,Code Elements,3.3.po
:pep:`362`: -  Function Signature Object,:pep:`362`: - 函式簽名物件,2,1,Medium,Code Elements,3.3.po
New :pep:`3118` related function:,新的 :pep:`3118` 相關功能：,2,1,Medium,Code Elements,3.3.po
:mod:`abc` module:,:mod:`abc` 模組：,2,1,Medium,Code Elements,3.3.po
:mod:`importlib` package:,:mod:`importlib` 套件：,2,1,Medium,Code Elements,3.3.po
Py_UNICODE_COPY(),:c:macro:`!Py_UNICODE_strcpy()`、:c:macro:`!Py_UNICODE_strncpy()`、:c:macro:`!Py_UNICODE_COPY()`：使用 :c:func:`PyUnicode_CopyCharacters` 或 :c:func:`PyUnicode_Substring`,2,2,Medium,Other,3.3.po; 3.11.po
Py_UNICODE_strcmp(),:c:macro:`!Py_UNICODE_strcmp()`：使用 :c:func:`PyUnicode_Compare`,2,1,Medium,Other,3.3.po
Py_UNICODE_strncmp(),:c:macro:`!Py_UNICODE_strncmp()`: 使用 :c:func:`PyUnicode_Tailmatch`,2,1,Medium,Other,3.3.po
Windows: :file:`%APPDATA%/Python`,Windows：:file:`%APPDATA%/Python`,2,1,Medium,Code Elements,2.6.po
:pep:`3105` - Make print a function,:pep:`3105` - 將 print 變成函式,2,1,Medium,Code Elements,2.6.po
The :mod:`ast` module,:mod:`ast` 模組,2,1,Medium,Code Elements,2.6.po
The :mod:`future_builtins` module,:mod:`future_builtins` 模組,2,1,Medium,Code Elements,2.6.po
PEP 673: ``Self`` type,PEP 673：``Self`` 型別,2,1,Medium,Code Elements,3.11.po
o.meth(),``o.meth()``,2,1,Medium,Other,3.11.po
configparser.ParsingError.filename,:attr:`!configparser.ParsingError.filename` 屬性,2,1,High,Exceptions,3.11.po
Removed from the :mod:`inspect` module:,於 :mod:`inspect` 模組中移除：,2,1,Medium,Code Elements,3.11.po
:c:func:`PyObject_CheckBuffer`,:c:func:`PyObject_CheckBuffer`,2,1,Medium,Code Elements,3.11.po
:c:func:`PyObject_GetBuffer`,:c:func:`PyObject_GetBuffer`,2,1,Medium,Code Elements,3.11.po
:c:func:`PyObject_CopyData`,:c:func:`PyObject_CopyData`,2,1,Medium,Code Elements,3.11.po
PyErr_SetExcInfo(),添加了兩個新函式來獲得和設置仍在作用的例外實例：:c:func:`PyErr_GetHandledException` 和 :c:func:`PyErr_SetHandledException`。這些是 :c:func:`PyErr_SetExcInfo()` 和 :c:func:`PyErr_GetExcInfo()` 的替代品，它們與例外的遺留三元組表示法一起作用。（由 Irit Katriel 在 :issue:`46343` 中貢獻。）,2,1,Medium,Other,3.11.po
PyErr_GetExcInfo(),添加了兩個新函式來獲得和設置仍在作用的例外實例：:c:func:`PyErr_GetHandledException` 和 :c:func:`PyErr_SetHandledException`。這些是 :c:func:`PyErr_SetExcInfo()` 和 :c:func:`PyErr_GetExcInfo()` 的替代品，它們與例外的遺留三元組表示法一起作用。（由 Irit Katriel 在 :issue:`46343` 中貢獻。）,2,1,Medium,Other,3.11.po
:c:type:`PyFrame_Type`,:c:type:`PyFrame_Type`,2,1,Medium,Code Elements,3.11.po
:c:type:`PyFrameObject` fields:,:c:type:`PyFrameObject` 欄位：,2,1,Medium,Code Elements,3.11.po
PyFrame_GetCode(),``PyFrame_GetCode()`` 在 Python 3.8 以前的程式定義： ::,2,1,Medium,Other,3.11.po
PyFrame_GetBack(),``PyFrame_GetBack()`` 在 Python 3.8 以前的程式定義： ::,2,1,Medium,Other,3.11.po
PyThreadState_GetFrame(),``PyThreadState_GetFrame()`` 在 Python 3.8 以前的程式定義： ::,2,1,Medium,Other,3.11.po
:c:type:`PyUnicodeObject`,:c:type:`PyUnicodeObject`,2,1,Medium,Code Elements,3.11.po
Py_ADJUST_ERANGE1(),``Py_ADJUST_ERANGE1()``,2,1,Medium,Other,3.11.po
Py_ADJUST_ERANGE2(),``Py_ADJUST_ERANGE2()``,2,1,Medium,Other,3.11.po
Py_OVERFLOWED(),``Py_OVERFLOWED()``,2,1,Medium,Other,3.11.po
Py_SET_ERANGE_IF_OVERFLOW(),``Py_SET_ERANGE_IF_OVERFLOW()``,2,1,Medium,Other,3.11.po
Py_SET_ERRNO_ON_MATH_ERROR(),``Py_SET_ERRNO_ON_MATH_ERROR()``,2,1,High,Exceptions,3.11.po
``Py_SET_ERRNO_ON_MATH_ERROR()``,``Py_SET_ERRNO_ON_MATH_ERROR()``,2,1,High,Exceptions,3.11.po
:c:func:`PyMarshal_WriteObjectToFile`,:c:func:`PyMarshal_WriteObjectToFile`,2,1,Medium,Code Elements,3.11.po
:c:func:`PyMarshal_ReadObjectFromString`,:c:func:`PyMarshal_ReadObjectFromString`,2,1,Medium,Code Elements,3.11.po
:c:func:`PyMarshal_WriteObjectToString`,:c:func:`PyMarshal_WriteObjectToString`,2,1,Medium,Code Elements,3.11.po
Old and New Classes,舊的和新的類別,2,1,Medium,Other,2.2.po
:pep:`384` - Defining a Stable ABI,:pep:`384` - 定義一個穩定 ABI,2,1,Medium,Code Elements,3.2.po
"class C():
    pass","class C():
    pass",2,1,Medium,Other,2.5.po
elem.keys(),``elem.keys()``,2,1,Medium,Other,2.5.po
StandardError,:exc:`!StandardError` 已被移除。,2,1,High,Exceptions,3.0.po
__members__,移除對 :attr:`!__members__` 和 :attr:`!__methods__` 的支援。,2,1,Medium,Other,3.0.po
__methods__,移除對 :attr:`!__members__` 和 :attr:`!__methods__` 的支援。,2,1,Medium,Other,3.0.po
__nonzero__,:meth:`!__nonzero__` 現在為 :meth:`~object.__bool__`。,2,1,Medium,Other,3.0.po
:pep:`442` -- Safe object finalization,:pep:`442` -- 安全的物件最終化,2,1,Medium,Code Elements,3.4.po
:c:type:`PyConfig`,:c:type:`PyConfig`,2,1,Medium,Code Elements,3.8.po
:c:type:`PyPreConfig`,:c:type:`PyPreConfig`,2,1,Medium,Code Elements,3.8.po
:c:type:`PyStatus`,:c:type:`PyStatus`,2,1,Medium,Code Elements,3.8.po
:c:type:`PyWideStringList`,:c:type:`PyWideStringList`,2,1,Medium,Code Elements,3.8.po
:c:func:`PyConfig_InitPythonConfig`,:c:func:`PyConfig_InitPythonConfig`,2,1,Medium,Code Elements,3.8.po
:c:func:`PyPreConfig_InitPythonConfig`,:c:func:`PyPreConfig_InitPythonConfig`,2,1,Medium,Code Elements,3.8.po
PyStatus_Error,:c:func:`PyStatus_Error`,2,1,High,Exceptions,3.8.po
:c:func:`PyStatus_Error`,:c:func:`PyStatus_Error`,2,1,High,Exceptions,3.8.po
PyStatus_Exception,:c:func:`PyStatus_Exception`,2,1,High,Exceptions,3.8.po
:c:func:`PyStatus_Exception`,:c:func:`PyStatus_Exception`,2,1,High,Exceptions,3.8.po
PyStatus_IsError,:c:func:`PyStatus_IsError`,2,1,High,Exceptions,3.8.po
:c:func:`PyStatus_IsError`,:c:func:`PyStatus_IsError`,2,1,High,Exceptions,3.8.po
Py_ExitStatusException,:c:func:`Py_ExitStatusException`,2,1,High,Exceptions,3.8.po
:c:func:`Py_ExitStatusException`,:c:func:`Py_ExitStatusException`,2,1,High,Exceptions,3.8.po
_Py_NewReference(),``_Py_NewReference()``,2,1,Medium,Other,3.9.po
_Py_ForgetReference(),``_Py_ForgetReference()``,2,1,Medium,Other,3.9.po
_PyTraceMalloc_NewReference(),``_PyTraceMalloc_NewReference()``,2,1,Medium,Other,3.9.po
_Py_GetRefTotal(),``_Py_GetRefTotal()``,2,1,Medium,Other,3.9.po
_PyDebug_PrintTotalRefs(),``_PyDebug_PrintTotalRefs()``,2,1,Medium,Other,3.9.po
_Py_PrintReferences(),``_Py_PrintReferences()``,2,1,Medium,Other,3.9.po
_Py_PrintReferenceAddresses(),``_Py_PrintReferenceAddresses()``,2,1,Medium,Other,3.9.po
PyAsyncGen_ClearFreeLists(),``PyAsyncGen_ClearFreeLists()``,2,1,Medium,Other,3.9.po
PyContext_ClearFreeList(),``PyContext_ClearFreeList()``,2,1,Medium,Other,3.9.po
PyDict_ClearFreeList(),``PyDict_ClearFreeList()``,2,1,Medium,Other,3.9.po
PyFloat_ClearFreeList(),``PyFloat_ClearFreeList()``,2,1,Medium,Other,3.9.po
PyFrame_ClearFreeList(),``PyFrame_ClearFreeList()``,2,1,Medium,Other,3.9.po
PyList_ClearFreeList(),``PyList_ClearFreeList()``,2,1,Medium,Other,3.9.po
PyTuple_ClearFreeList(),``PyTuple_ClearFreeList()``,2,1,Medium,Other,3.9.po
:mod:`typing` module documentation,:mod:`typing` 模組文件,2,1,Medium,Code Elements,3.5.po
:pep:`484` -- Type Hints,:pep:`484` -- 型別提示,2,1,Medium,Code Elements,3.5.po
:pep:`483` -- The Theory of Type Hints,:pep:`483` -- 型別提示理論,2,1,Medium,Code Elements,3.5.po
_Py_char2wchar(),:c:func:`Py_DecodeLocale`\ （取代 ``_Py_char2wchar()``），,2,1,Medium,Other,3.5.po
_Py_wchar2char(),:c:func:`Py_EncodeLocale`\ （取代 ``_Py_wchar2char()``）。,2,1,Medium,Other,3.5.po
autoreconf -ivf -Werror,autoreconf -ivf -Werror,2,1,High,Exceptions,configure.po
Add functions to the :mod:`sys` module:,新增函式到 :mod:`sys` 模組。,2,1,Medium,Code Elements,configure.po
PyDoc_STRVAR(),請見 ``PyDoc_STRVAR()`` 巨集。,2,1,Medium,Other,configure.po
``/usr/bin/python``,``/usr/bin/python``,2,1,Medium,Code Elements,windows.po
``/usr/local/bin/python``,``/usr/local/bin/python``,2,1,Medium,Code Elements,windows.po
``python``,``python``,2,1,Medium,Code Elements,windows.po
RC_INTERNAL_ERROR,RC_INTERNAL_ERROR,2,1,High,Exceptions,windows.po
:file:`{exec_prefix}/bin/python3`,:file:`{exec_prefix}/bin/python3`,2,1,Medium,Code Elements,unix.po
sys.getfilesystemencodeerrors,:func:`sys.getfilesystemencoding` 和 :func:`sys.getfilesystemencodeerrors` 函式可用於取得檔案系統編碼和錯誤處理函式。,1,1,High,Exceptions,glossary.po
:class:`importlib.abc.Loader`,:class:`importlib.abc.Loader`,1,1,Medium,Code Elements,glossary.po
See :term:`method resolution order`.,請參閱 :term:`method resolution order`\ （方法解析順序）。,1,1,Medium,Code Elements,glossary.po
See :term:`provisional API`.,請參閱 :term:`provisional API`\ （暫行 API）。,1,1,Medium,Code Elements,glossary.po
"'()': owned_file_handler,","'()': owned_file_handler,",1,1,Medium,Other,logging-cookbook.po
:ref:`python_2.3_mro`,:ref:`python_2.3_mro`,1,1,Medium,Code Elements,index.po
ArgumentParser(),"import argparse
parser = argparse.ArgumentParser()
parser.parse_args()",1,1,Medium,Other,argparse.po
casefold(),">>> street = 'Gürzenichstraße'
>>> street.casefold()
'gürzenichstrasse'",1,1,Medium,Other,unicode.po
(options args)  parser.parse_args(),"將 ``(options, args) = parser.parse_args()`` 替換為 ``args = parser.parse_args()``，並為位置引數新增額外的 :meth:`ArgumentParser.add_argument` 呼叫。請記住，以前稱為 ``options`` 的東西，在 :mod:`argparse` 情境中現在稱為 ``args``。",1,1,Medium,Other,argparse-optparse.po
args  parser.parse_args(),"將 ``(options, args) = parser.parse_args()`` 替換為 ``args = parser.parse_args()``，並為位置引數新增額外的 :meth:`ArgumentParser.add_argument` 呼叫。請記住，以前稱為 ``options`` 的東西，在 :mod:`argparse` 情境中現在稱為 ``args``。",1,1,Medium,Other,argparse-optparse.po
optparse.OptionError,將 :class:`optparse.Values` 替換為 :class:`Namespace`，並將 :exc:`optparse.OptionError` 和 :exc:`optparse.OptionValueError` 替換為 :exc:`ArgumentError`。,1,1,High,Exceptions,argparse-optparse.po
optparse.OptionValueError,將 :class:`optparse.Values` 替換為 :class:`Namespace`，並將 :exc:`optparse.OptionError` 和 :exc:`optparse.OptionValueError` 替換為 :exc:`ArgumentError`。,1,1,High,Exceptions,argparse-optparse.po
ArgumentError,將 :class:`optparse.Values` 替換為 :class:`Namespace`，並將 :exc:`optparse.OptionError` 和 :exc:`optparse.OptionValueError` 替換為 :exc:`ArgumentError`。,1,1,High,Exceptions,argparse-optparse.po
The ``python-gdb.py`` extension.,``python-gdb.py`` 擴充。,1,1,Medium,Code Elements,gdb_helpers.po
"``descr.__get__(self, obj, type=None)``","``descr.__get__(self, obj, type=None)``",1,1,Medium,Code Elements,descriptor.po
D(),">>> d = D()
>>> d.f
<bound method D.f of <__main__.D object at 0x00B18C90>>",1,1,Medium,Other,descriptor.po
isoweekday(),"@classmethod
def from_date(cls, date):
    return cls(date.isoweekday())",1,1,Medium,Other,enum.po
Using a custom :meth:`~object.__new__`,使用自訂的 :meth:`~object.__new__`,1,1,Medium,Code Elements,enum.po
socket.gethostname(),"有幾件事需要注意：我們使用了 ``socket.gethostname()``，這樣 socket 才能對外部網路可見。如果我們使用了 ``s.bind(('localhost', 80))`` 或 ``s.bind(('127.0.0.1', 80))``，我們會得到一個「伺服器端」socket，但是只能在同一台機器內可見。``s.bind(('', 80))`` 指定 socket 可以透過機器的任何地址存取。",1,1,Medium,Other,sockets.po
shutdown() close(),嚴格來說，在關閉 socket 前，你應該使用 ``shutdown`` 函式。``shutdown`` 函式是發送給 socket 另一端的一個提醒。根據你傳遞的引數，它可以表示「我不會再發送任何訊息了，但我仍然會持續監聽」，或者是「我不會再繼續監聽了，真讚！」。然而，大多數的 socket 函式庫或程式設計師都習慣忽略這種禮節，因為通常情況下 ``close`` 跟 ``shutdown(); close()`` 是一樣的。所以在大多數情況下，不需要再特地使用 ``shutdown`` 了。,1,1,Medium,Other,sockets.po
three lists the first contains all sockets that you might want to try reading the second all the sockets you might want to try writing to and the last (normally left empty) those that you want to check for errors. You should note that a socket can go into more than one list. The,你傳遞給 ``select`` 三個列表：第一個列表包含你可能想要嘗試讀取的所有 sockets；第二個包含所有你可能想要嘗試寫入的 sockets，最後一個（通常為空）包含你想要檢查錯誤的 sockets。你應該注意，一個 socket 可以同時存在於多個列表中。``select`` 呼叫是阻塞的，但你可以設置超時。通常這是一個明智的做法 - 除非有充分的理由，否則給它一個很長的超時（比如一分鐘）。,1,1,High,Exceptions,sockets.po
list_all_objects(),obj_total = sum(obj.count for obj in list_all_objects()),1,1,Medium,Other,functional.po
"import curses
stdscr = curses.initscr()","import curses
stdscr = curses.initscr()",1,1,Medium,Other,curses.po
initscr(),"import curses
stdscr = curses.initscr()",1,1,Medium,Other,curses.po
noecho(),curses.noecho(),1,1,Medium,Other,curses.po
cbreak(),curses.cbreak(),1,1,Medium,Other,curses.po
nocbreak(),"curses.nocbreak()
stdscr.keypad(False)
curses.echo()",1,1,Medium,Other,curses.po
echo(),"curses.nocbreak()
stdscr.keypad(False)
curses.echo()",1,1,Medium,Other,curses.po
endwin(),curses.endwin(),1,1,Medium,Other,curses.po
results in an :exc:`!UnboundLocalError`:,導致 :exc:`!UnboundLocalError`：,1,1,High,Exceptions,programming.po
inc(),這裡的 ``inc()``、``dec()`` 和 ``reset()`` 就像共享相同計數變數的函式一樣。,1,1,Medium,Other,programming.po
dec(),這裡的 ``inc()``、``dec()`` 和 ``reset()`` 就像共享相同計數變數的函式一樣。,1,1,Medium,Other,programming.po
reset(),這裡的 ``inc()``、``dec()`` 和 ``reset()`` 就像共享相同計數變數的函式一樣。,1,1,Medium,Other,programming.po
for a registered class even if hasnt directly or indirectly inherited from it.  To test for true inheritance scan the term,請注意，:func:`isinstance` 還會檢查來自\ :term:`抽象基底類別 (abstract base class) <abstract base class>` 的虛擬繼承。因此對已註冊類別的檢驗會回傳 ``True``，即使沒有直接或間接繼承自它。要測試「真正繼承」，請掃描該類別的 :term:`MRO`：,1,1,Medium,Other,programming.po
"def getcount():
    return C.count","def getcount():
    return C.count",1,1,Medium,Other,programming.po
getcount(),"def getcount():
    return C.count",1,1,Medium,Other,programming.po
compile(),:mod:`py_compile` 模組允許手動編譯任何模組。其中一種方法是在該模組中以交互方式使用 ``compile()`` 函式： ::,1,1,Medium,Other,programming.po
onexit(),Python 中是否有等同於 C 的 onexit() 的函式？,1,1,Medium,Other,library.po
main_logic(),"if __name__ == ""__main__"":
    main_logic()",1,1,Medium,Other,library.po
self_test(),"if __name__ == ""__main__"":
    self_test()",1,1,Medium,Other,library.po
"import random
random.random()","import random
random.random()",1,1,Medium,Other,library.po
self.meth(),第一，這樣可以更明顯表現出你在用方法 (method) 或是實例 (instance) 的屬性，而非一個區域變數。即使不知道類別 (class) 的定義，當看到 ``self.x`` 或 ``self.meth()``，就會很清楚地知道是正在使用實例的變數或是方法。在 C++ 裡，你可以藉由沒有區域變數宣告來判斷這件事 ── 但在 Python 裡沒有區域變數宣告，所以你必須去看類別的定義來確定。有些 C++ 和 Java 的程式碼規格要求要在實例屬性的名稱加上前綴 ``m_``，所以這種明確性在那些語言也是很好用的。,1,1,Medium,Other,design.po
How fast are exceptions?,例外處理有多快？,1,1,High,Exceptions,design.po
d.keys(),允許串列作為鍵，但告訴使用者不要更動他。當你不小心忘記或是更動了這個串列，會產生一種難以追蹤的 bug。他同時也違背了一項字典的重要定則：在 ``d.keys()`` 的每個值都可以當成字典的鍵。,1,1,Medium,Other,design.po
o1.__hash__()  o2.__hash__(),此外，不管物件是否在字典中，如果 ``o1 == o2``\ （即 ``o1.__eq__(o2) is True``），則 ``hash(o1) == hash(o2)``\ （即 ``o1.__hash__() == o2.__hash__()``），這個事實必須要成立。如果無法滿足這項限制，那字典和其他用雜湊為基底的結構會出現不正常的行為。,1,1,Medium,Other,design.po
Py_BuildValue(),如何使用 Py_BuildValue() 建立任意長度的元組？,1,1,Medium,Other,extending.po
LoadLibraryEx(),執行環境連結大大簡化了連結選項；所有事情都會發生在執行環境。你的程式碼必須使用 Windows ``LoadLibraryEx()`` 常式 (routine) 來載入 :file:`python{NN}.dll`。該程式碼也必須用 Windows ``GetProcAddress()`` 常式所取得的指標，來使用 :file:`python{NN}.dll` 中的（即為 Python C API 的）存取常式和資料。對於任何呼叫 Python C API 常式的 C 程式碼，巨集可以讓使用這些指標的過程透明化。,1,1,Medium,Other,windows.po
GetProcAddress(),執行環境連結大大簡化了連結選項；所有事情都會發生在執行環境。你的程式碼必須使用 Windows ``LoadLibraryEx()`` 常式 (routine) 來載入 :file:`python{NN}.dll`。該程式碼也必須用 Windows ``GetProcAddress()`` 常式所取得的指標，來使用 :file:`python{NN}.dll` 中的（即為 Python C API 的）存取常式和資料。對於任何呼叫 Python C API 常式的 C 程式碼，巨集可以讓使用這些指標的過程透明化。,1,1,Medium,Other,windows.po
kbhit(),使用 :mod:`msvcrt` 模組。這是一個標準的 Windows 專用擴充模組。它定義了一個函式 ``kbhit()``，該函式會檢查是否出現鍵盤打擊 (keyboard hit)，以及函式 ``getch()``，該函式會取得一個字元且不會將其印出。,1,1,Medium,Other,windows.po
getch(),使用 :mod:`msvcrt` 模組。這是一個標準的 Windows 專用擴充模組。它定義了一個函式 ``kbhit()``，該函式會檢查是否出現鍵盤打擊 (keyboard hit)，以及函式 ``getch()``，該函式會取得一個字元且不會將其印出。,1,1,Medium,Other,windows.po
pointer).  Exception information is stored in three members of the interpreters thread state.  These are,在整個 Python 直譯器中的一個重要慣例為：當一個函式失敗時，它就應該設定一個例外條件，並回傳一個錯誤值（通常是 ``-1`` 或一個 ``NULL`` 指標）。例外資訊會儲存在直譯器執行緒狀態的三個成員中。如果沒有例外，它們就會是 ``NULL``。否則，它們是由 :meth:`sys.exc_info` 所回傳的 Python 元組中的 C 等效元組。它們是例外型別、例外實例和回溯物件。了解它們對於理解錯誤是如何傳遞是很重要的。,1,1,High,Exceptions,extending.po
if there is no exception.  Otherwise they are the C equivalents of the members of the Python tuple returned by meth,在整個 Python 直譯器中的一個重要慣例為：當一個函式失敗時，它就應該設定一個例外條件，並回傳一個錯誤值（通常是 ``-1`` 或一個 ``NULL`` 指標）。例外資訊會儲存在直譯器執行緒狀態的三個成員中。如果沒有例外，它們就會是 ``NULL``。否則，它們是由 :meth:`sys.exc_info` 所回傳的 Python 元組中的 C 等效元組。它們是例外型別、例外實例和回溯物件。了解它們對於理解錯誤是如何傳遞是很重要的。,1,1,High,Exceptions,extending.po
if no exception has occurred.  You normally dont need to call cfunc,你可以使用 :c:func:`PyErr_Occurred` 來不具破壞性地測試例外是否已被設定。這會回傳目前的例外物件，如果沒有例外發生則回傳 ``NULL``。你通常不需要呼叫 :c:func:`PyErr_Occurred` 來查看函式呼叫是否發生錯誤，因為你應可從回傳值就得知。,1,1,High,Exceptions,extending.po
functions --- one has already been called by g. fs caller is then supposed to also return an error indication to its caller again without calling,當函式 *f* 呼叫另一個函式 *g* 時檢測到後者失敗，*f* 本身應該回傳一個錯誤值（通常是 ``NULL`` 或 ``-1``）。它\ *不*\ 應該呼叫 ``PyErr_*`` 函式的其中一個，這會已被 *g* 呼叫過。*f* 的呼叫者然後也應該回傳一個錯誤指示給\ *它的*\ 呼叫者，同樣\ *不會*\ 呼叫 ``PyErr_*``，依此類推 --- 最詳細的錯誤原因已經被首先檢測到它的函式回報了。一旦錯誤到達 Python 直譯器的主要迴圈，這會中止目前執行的 Python 程式碼，並嘗試尋找 Python 程式設計者指定的例外處理程式。,1,1,High,Exceptions,extending.po
static PyObject *SpamError = NULL;,static PyObject *SpamError = NULL;,1,1,High,Exceptions,extending.po
PyErr_NewException,請注意，例外物件的 Python 名稱是 :exc:`!spam.error`。如同\ :ref:`bltin-exceptions`\ 所述，:c:func:`PyErr_NewException` 函式可能會建立一個基底類別為 :exc:`Exception` 的類別（除非傳入另一個類別來代替 ``NULL``）。,1,1,High,Exceptions,extending.po
(the error indicator for functions returning object pointers) if an error is detected in the argument list relying on the exception set by cfunc,如果在引數串列中檢測到錯誤則會回傳 ``NULL``\ （回傳物件指標之函式的錯誤指示器），其依賴於 :c:func:`PyArg_ParseTuple` 設定的例外，否則引數的字串值會已被複製到區域變數 :c:data:`!command` 中。這是一個指標賦值，你不應該修改它所指向的字串（所以在標準 C 中，:c:data:`!command` 變數應該正確地被宣告為 ``const char *command``）。,1,1,High,Exceptions,extending.po
Custom(),">>> import custom
>>> mycustom = custom.Custom()",1,1,Medium,Other,newtypes_tutorial.po
if os.path.isfile(.pythonrc.py) exec(open(.pythonrc.py).read()),如果你想從目前目錄中讀取一個額外的啟動檔案，你可以在全域啟動檔案中使用類似 ``if os.path.isfile('.pythonrc.py'): exec(open('.pythonrc.py').read()`` 的程式碼設定這個行為。如果你想在一個腳本中使用啟動檔案，你必須在腳本中明確地這樣做： ::,1,1,Medium,Other,appendix.po
f.read(),要讀取檔案的內容，可呼叫 ``f.read(size)``，它可讀取一部份的資料，並以字串（文字模式）或位元組串物件（二進制模式）形式回傳。*size* 是個選擇性的數字引數。當 *size* 被省略或為負數時，檔案的全部內容會被讀取並回傳；如果檔案是機器記憶體容量的兩倍大時，這會是你的問題。否則，最多只有等同於 *size* 數量的字元（文字模式）或 *size* 數量的位元組串（二進制模式）會被讀取及回傳。如果之前已經到達檔案的末端，``f.read()`` 會回傳空字串（``''``）。 ::,1,1,Medium,Other,inputoutput.po
f.readlines(),如果你想把一個檔案的所有行讀進一個 list 裡，可以用 ``list(f)`` 或 ``f.readlines()``。,1,1,Medium,Other,inputoutput.po
in the mode string) only seeks relative to the beginning of the file are allowed (the exception being seeking to the very file end with,"在文字檔案（開啟時模式字串未加入 ``b`` 的檔案）中，只允許以檔案開頭為參考點進行尋找（但 ``seek(0, 2)`` 尋找檔案最末端是例外），且只有從 ``f.tell()`` 回傳的值，或是 0，才是有效的 *offset* 值。其他任何 *offset* 值都會產生未定義的行為。",1,1,High,Exceptions,inputoutput.po
Saving structured data with :mod:`json`,使用 :mod:`json` 儲存結構化資料,1,1,Medium,Code Elements,inputoutput.po
a.pop(),移除 list 中給定位置的項目，並回傳它。如果沒有指定位置， ``a.pop()`` 將會移除 list 中最後的項目並回傳它。若 list 是空的或是索引值超出範圍，則會引發 :exc:`IndexError` 例外。,1,1,Medium,Other,datastructures.po
hereafter is an error (at least until another value is assigned to it).  Well find other uses for keyword,刪除之後，對 ``a`` 的參照將會造成錯誤（至少在另一個值又被指派到它之前）。我們將在後面看到更多關於 :keyword:`del` 的其他用法。,1,1,High,Exceptions,datastructures.po
d-insert(a)-remove(b)-sort(),"其他語言可以回傳變更後的物件，這就允許 method 的串連，例如 ``d->insert(""a"")->remove(""b"")->sort();``。",1,1,Medium,Other,datastructures.po
logging.ERROR,在預設情況，資訊和除錯訊息不會被顯示，其輸出會被發送到標準錯誤 (standard error)。其他輸出選項包括，將訊息轉發到電子郵件、資料報 (datagram)、網路插座 (socket) 或 HTTP 伺服器。新的過濾器可以根據訊息的優先順序，選擇不同的路由 (routing) 方式：:const:`~logging.DEBUG`、:const:`~logging.INFO`、:const:`~logging.WARNING`、:const:`~logging.ERROR` 及 :const:`~logging.CRITICAL`。,1,1,High,Exceptions,stdlib2.po
attribute that stores the arguments. For convenience builtin exception types define meth,*except 子句*\ 可以在例外名稱後面指定一個變數。這個變數被綁定到一個例外實例 (instance)，其引數通常儲存在 ``args`` 屬性中。為了方便，內建例外型別定義了 :meth:`~object.__str__` 以印出所有引數而不需顯式地取用 ``.args``： ::,1,1,High,Exceptions,errors.po
ValueError(),raise ValueError  # 'raise ValueError()' 的簡寫,1,1,High,Exceptions,errors.po
we can selectively handle only the exceptions in the group that match a certain type. In the following example which shows a nested exception group each,若使用 ``except*`` 代替 ``except``，我們可以選擇性地只處理該群組中與特定類型匹配的例外。在以下範例中，展示了一個巢狀的例外群組 (exception group)，每個 ``except*`` 子句分別從該群組中提取一個特定類型的例外，同時讓所有其他的例外都傳遞到其他子句，最後再被重新引發。 ::,1,1,High,Exceptions,errors.po
clause runs when no exception occurs and a loops,當 ``else`` 子句用於迴圈時，相較於搭配 ``if`` 陳述式使用，它的行為與 :keyword:`try` 陳述式中的 ``else`` 子句更為相似：``try`` 陳述式的 ``else`` 子句在沒有發生例外 (exception) 時執行，而迴圈的 ``else`` 子句在沒有任何 ``break`` 發生時執行。更多有關 ``try`` 陳述式和例外的介紹，見\ :ref:`tut-handling`。,1,1,High,Exceptions,controlflow.po
statement and exceptions see ref,當 ``else`` 子句用於迴圈時，相較於搭配 ``if`` 陳述式使用，它的行為與 :keyword:`try` 陳述式中的 ``else`` 子句更為相似：``try`` 陳述式的 ``else`` 子句在沒有發生例外 (exception) 時執行，而迴圈的 ``else`` 子句在沒有任何 ``break`` 發生時執行。更多有關 ``try`` 陳述式和例外的介紹，見\ :ref:`tut-handling`。,1,1,High,Exceptions,controlflow.po
">>> class MyEmptyClass:
...     pass
...",">>> class MyEmptyClass:
...     pass
...",1,1,Medium,Other,controlflow.po
MyEmptyClass,">>> class MyEmptyClass:
...     pass
...",1,1,Medium,Other,controlflow.po
are valid attribute references returning an integer and a function object respectively. Class attributes can also be assigned to so you can change the value of,"那麼 ``MyClass.i`` 和 ``MyClass.f`` 都是有效的屬性參照，會分別回傳一個整數和一個函式物件。Class 屬性也可以被指派 (assign)，所以你可以透過賦值改變 ``MyClass.i`` 的值。:attr:`~type.__doc__` 也是一個有效的屬性，會回傳屬於該 class 的說明字串 (docstring)：``""A simple example class""``。",1,1,Medium,Other,classes.po
MyClass(),x = MyClass(),1,1,Medium,Other,classes.po
xf(),"xf = x.f
while True:
    print(xf())",1,1,Medium,Other,classes.po
MyClass.f(x),事實上，你可能已經猜到了答案：method 的特殊之處在於，實例物件會作為函式中的第一個引數被傳遞。在我們的例子中，``x.f()`` 這個呼叫等同於 ``MyClass.f(x)``。一般來說，呼叫一個有 *n* 個引數的 method，等同於呼叫一個對應函式，其引數列表 (argument list) 被建立時，會在第一個引數前插入該 method 的實例物件。,1,1,Medium,Other,classes.po
DerivedClassName(),關於 derived class 的實例化並沒有特別之處：``DerivedClassName()`` 會建立該 class 的一個新實例。Method 的參照被解析如下：對應的 class 屬性會被搜尋，如果需要，沿著 base class 的繼承鍊往下走，如果這產生了一個函式物件，則該 method 的參照是有效的。,1,1,Medium,Other,classes.po
BaseClassName.methodname(self arguments),"一個在 derived class 覆寫的 method 可能事實上是想要擴充而非單純取代 base class 中相同名稱的 method。要直接呼叫 base class 的 method 有一個簡單的方法：只要呼叫 ``BaseClassName.methodname(self, arguments)``。這有時對用戶端也很有用。（請注意，只有在 base class 在全域作用域可以用 ``BaseClassName`` 被存取時，這方法才有效。）",1,1,Medium,Other,classes.po
getattr(),另外也注意，傳遞給 ``exec()`` 或 ``eval()`` 的程式碼不會把叫用 class 的名稱視為目前的 class；這和 ``global`` 陳述式的效果類似，該效果同樣僅限於整體被位元組編譯後 (byte-compiled) 的程式碼。同樣的限制適用於 ``getattr()``，``setattr()`` 和 ``delattr()``，以及直接參照 ``__dict__`` 時。,1,1,Medium,Other,classes.po
setattr(),另外也注意，傳遞給 ``exec()`` 或 ``eval()`` 的程式碼不會把叫用 class 的名稱視為目前的 class；這和 ``global`` 陳述式的效果類似，該效果同樣僅限於整體被位元組編譯後 (byte-compiled) 的程式碼。同樣的限制適用於 ``getattr()``，``setattr()`` 和 ``delattr()``，以及直接參照 ``__dict__`` 時。,1,1,Medium,Other,classes.po
delattr(),另外也注意，傳遞給 ``exec()`` 或 ``eval()`` 的程式碼不會把叫用 class 的名稱視為目前的 class；這和 ``global`` 陳述式的效果類似，該效果同樣僅限於整體被位元組編譯後 (byte-compiled) 的程式碼。同樣的限制適用於 ``getattr()``，``setattr()`` 和 ``delattr()``，以及直接參照 ``__dict__`` 時。,1,1,Medium,Other,classes.po
generator.__next__,任何可以用產生器來完成的事，也能用以 class 為基礎的疊代器來完成，如同前一節的描述。而讓產生器的程式碼更為精簡的原因是，:meth:`~iterator.__iter__` 和 :meth:`~generator.__next__` method 會自動被建立。,1,1,Medium,Other,classes.po
unicodeexceptions,回呼取得單個引數，即 :exc:`UnicodeEncodeError`、:exc:`UnicodeDecodeError` 或 :exc:`UnicodeTranslateError` 的實例，其中包含關於有問題的字元或位元組序列及其在原始字串中偏移量的資訊（有關取得此資訊的函式，請參閱 :ref:`unicodeexceptions`）。回呼必須引發給定的例外，或者回傳一個包含有問題序列的替換的二元組 (two-item tuple)，以及一個代表原始字串中應該被恢復的編碼/解碼偏移量的整數。,1,1,High,Exceptions,codec.po
Raise *exc* as an exception.,引發 *exc* 作為例外。,1,1,High,Exceptions,codec.po
Error message.,錯誤訊息。,1,1,High,Exceptions,init_config.po
:c:member:`PyConfig.pythonpath_env`,:c:member:`PyConfig.pythonpath_env`,1,1,Medium,Code Elements,init_config.po
Py_GetArgcArgv(),Py_GetArgcArgv(),1,1,Medium,Other,init_config.po
Builtin exceptions;,內建例外；,1,1,High,Exceptions,init_config.po
Import the :mod:`site` module;,引入 :mod:`site` 模組；,1,1,Medium,Code Elements,init_config.po
Allow :class:`bytearray` objects.,允許 :class:`bytearray` 物件。,1,1,Medium,Code Elements,arg.po
. If cell is not a cell object set an exception and return,在成功時回傳 ``0``。如果 *cell* 不是一個 cell 物件，則將設定例外並回傳 ``-1``。,1,1,High,Exceptions,cell.po
__builtin_unreachable(),在發布模式 (release mode) 下，巨集幫助編譯器最佳化程式碼，並避免有關無法存取程式碼的警告。例如該巨集是在發布模式下於 GCC 使用 ``__builtin_unreachable()`` 來實作。,1,1,Medium,Other,intro.po
Py_UNREACHABLE(),``Py_UNREACHABLE()`` 的一個用途是，在對一個永不回傳但並未聲明為 :c:macro:`_Py_NO_RETURN` 的函式之呼叫後使用。,1,1,Medium,Other,intro.po
depending on the functions return type. A few functions return a Boolean truefalse result with false indicating an error.  Very few functions return no explicit error indicator or have an ambiguous return value and require explicit testing for errors with cfunc,然而，對於 C 開發者來說，錯誤檢查總是必須是顯式的。除非在函式的文件中另有明確聲明，否則 Python/C API 中的所有函式都可以引發例外。通常當一個函式遇到錯誤時，它會設定一個例外，丟棄它擁有的任何物件參照，並回傳一個錯誤指示器。如果沒有另外文件記錄，這個指示器要麼是 ``NULL`` 不然就是 ``-1``，取決於函式的回傳型別。有些函式會回傳布林值 true/false 結果，false 表示錯誤。很少有函式不回傳明確的錯誤指示器或者有不明確的回傳值，而需要使用 :c:func:`PyErr_Occurred` 明確測試錯誤。這些例外都會被明確地記錄於文件。,1,1,High,Exceptions,intro.po
otherwise.  There are a number of functions to set the exception state cfunc,例外的狀態會在個別執行緒的儲存空間 (per-thread storage) 中維護（這相當於在非執行緒應用程式中使用全域儲存空間）。執行緒可以處於兩種狀態之一：發生例外或未發生例外。函式 :c:func:`PyErr_Occurred` 可用於檢查這一點：當例外發生時，它回傳對例外型別物件的借用參照，否則回傳 ``NULL``。設定例外狀態的函式有很多：:c:func:`PyErr_SetString` 是最常見的（儘管不是最通用的）設定例外狀態的函式，而 :c:func:`PyErr_Clear` 是用來清除例外狀態。,1,1,High,Exceptions,intro.po
is the most common (though not the most general) function to set the exception state and cfunc,例外的狀態會在個別執行緒的儲存空間 (per-thread storage) 中維護（這相當於在非執行緒應用程式中使用全域儲存空間）。執行緒可以處於兩種狀態之一：發生例外或未發生例外。函式 :c:func:`PyErr_Occurred` 可用於檢查這一點：當例外發生時，它回傳對例外型別物件的借用參照，否則回傳 ``NULL``。設定例外狀態的函式有很多：:c:func:`PyErr_SetString` 是最常見的（儘管不是最通用的）設定例外狀態的函式，而 :c:func:`PyErr_Clear` 是用來清除例外狀態。,1,1,High,Exceptions,intro.po
) the exception type the corresponding exception  value and the traceback.  These have the same meanings as the Python result of,完整的例外狀態由三個（都可以為 ``NULL`` 的）物件組成：例外型別、對應的例外值和回溯。這些與 ``sys.exc_info()`` 的 Python 結果具有相同的含義；但是它們並不相同：Python 物件表示由 Python :keyword:`try` ... :keyword:`except` 陳述式處理的最後一個例外，而 C 層級的例外狀態僅在例外在 C 函式間傳遞時存在，直到它到達 Python 位元組碼直譯器的主迴圈，該迴圈負責將它傳遞給 ``sys.exc_info()`` 和其系列函式。,1,1,High,Exceptions,intro.po
however they are not the same the Python objects represent the last exception being handled by a Python  keyword,完整的例外狀態由三個（都可以為 ``NULL`` 的）物件組成：例外型別、對應的例外值和回溯。這些與 ``sys.exc_info()`` 的 Python 結果具有相同的含義；但是它們並不相同：Python 物件表示由 Python :keyword:`try` ... :keyword:`except` 陳述式處理的最後一個例外，而 C 層級的例外狀態僅在例外在 C 函式間傳遞時存在，直到它到達 Python 位元組碼直譯器的主迴圈，該迴圈負責將它傳遞給 ``sys.exc_info()`` 和其系列函式。,1,1,High,Exceptions,intro.po
statement while the C level exception state only exists while an exception is being passed on between C functions until it reaches the Python bytecode interpreters  main loop which takes care of transferring it to,完整的例外狀態由三個（都可以為 ``NULL`` 的）物件組成：例外型別、對應的例外值和回溯。這些與 ``sys.exc_info()`` 的 Python 結果具有相同的含義；但是它們並不相同：Python 物件表示由 Python :keyword:`try` ... :keyword:`except` 陳述式處理的最後一個例外，而 C 層級的例外狀態僅在例外在 C 函式間傳遞時存在，直到它到達 Python 位元組碼直譯器的主迴圈，該迴圈負責將它傳遞給 ``sys.exc_info()`` 和其系列函式。,1,1,High,Exceptions,intro.po
to handle specific exceptions and the use of cfunc,這個例子代表了在 C 語言中對使用 ``goto`` 陳述句的認同！它闡述了以 :c:func:`PyErr_ExceptionMatches` 和 :c:func:`PyErr_Clear` 來處理特定的例外，以及以 :c:func:`Py_XDECREF` 來配置其所擁有且可能為 ``NULL`` 的參照（注意名稱中的 ``'X'``\ ；:c:func:`Py_DECREF` 在遇到 ``NULL`` 參照時會崩潰）。重要的是，用於保存擁有的參照的變數被初始化為 ``NULL`` 以使其能夠順利作用；同樣地，回傳值被初始化為 ``-1``\ （失敗），並且僅在最後一次呼叫成功後才設定為成功。,1,1,High,Exceptions,intro.po
set_all(),set_all(),1,1,Medium,Other,intro.po
sum_list(),sum_list(),1,1,Medium,Other,intro.po
sum_sequence(),sum_sequence(),1,1,Medium,Other,intro.po
incr_item(),incr_item(),1,1,Medium,Other,intro.po
PyErr_ExceptionMatches,PyErr_ExceptionMatches（C 函式）,1,1,High,Exceptions,intro.po
raising a Python exception on failure.  The set of accepted strings corresponds to the set of strings accepted by Pythons func,將字串 ``s`` 轉換為 :c:expr:`double`，失敗時引發 Python 例外。接受的字串集合對應於 Python 的 :func:`float` 建構函式接受的字串集合，但 ``s`` 不得有前導或尾隨的空格。轉換與目前區域設定無關。,1,1,High,Exceptions,conversion.po
to point to the beginning of the string raise ValueError and return,如果 endptr 不是 ``NULL``，則盡可能轉換字串，並將 ``*endptr`` 設定為指向第一個未轉換的字元。如果字串的初始片段都不是浮點數的有效表示，則設定 ``*endptr`` 指向字串的開頭，引發 ValueError 並回傳 ``-1.0``。,1,1,High,Exceptions,conversion.po
(with an appropriate sign) and dont set any exception.  Otherwise,"如果 ``s`` 表示的值太大而無法儲存在浮點數中（例如 ``""1e500""`` 在許多平台上都是這樣的字串），如果 ``overflow_exception`` 為 ``NULL`` 則回傳 ``Py_HUGE_VAL``\ （會帶有適當的符號）並且不設定任何例外。否則， ``overflow_exception`` 必須指向一個 Python 例外物件；引發該例外並回傳 ``-1.0``。在這兩種情況下，將 ``*endptr`` 設定為指向轉換後的值之後的第一個字元。",1,1,High,Exceptions,conversion.po
must point to a Python exception object raise that exception and return,"如果 ``s`` 表示的值太大而無法儲存在浮點數中（例如 ``""1e500""`` 在許多平台上都是這樣的字串），如果 ``overflow_exception`` 為 ``NULL`` 則回傳 ``Py_HUGE_VAL``\ （會帶有適當的符號）並且不設定任何例外。否則， ``overflow_exception`` 必須指向一個 Python 例外物件；引發該例外並回傳 ``-1.0``。在這兩種情況下，將 ``*endptr`` 設定為指向轉換後的值之後的第一個字元。",1,1,High,Exceptions,conversion.po
The :c:func:`Py_DecodeLocale` function.,:c:func:`Py_DecodeLocale` 函式。,1,1,Medium,Code Elements,unicode.po
The :c:func:`Py_EncodeLocale` function.,:c:func:`Py_EncodeLocale` 函式。,1,1,Medium,Code Elements,unicode.po
This function does not raise exceptions.,此函式不會引發例外。,1,1,High,Exceptions,unicode.po
and set an exception if unsuccessful. Analogous to,"將項目 *item* 插入串列 *list* 中索引 *index* 的位置之前。如果成功則回傳 ``0``；如果失敗則回傳 ``-1`` 並設定例外。類似於 ``list.insert(index, item)``。",1,1,High,Exceptions,list.po
list.sort(),對 *list* 的項目進行原地 (in place) 排序。成功時回傳 ``0``，失敗時回傳 ``-1``。這相當於 ``list.sort()``。,1,1,Medium,Other,list.po
list.reverse(),原地反轉 *list* 的項目。成功時回傳 ``0``，失敗時回傳 ``-1``。這相當於 ``list.reverse()``。,1,1,Medium,Other,list.po
:attr:`function.__module__`,:attr:`function.__module__`,1,1,Medium,Code Elements,structures.po
*name* type must be a :class:`str`.,*name* 的型別必須是 :class:`str`。,1,1,Medium,Code Elements,frame.po
with no exception set. If an error occurs while retrieving the item returns,回傳疊代器 *o* 的下一個值。根據 :c:func:`PyIter_Check`，該物件必須是一個疊代器（由呼叫者檢查）。如果沒有剩餘值，則回傳 ``NULL`` 且不設定例外。如果檢索項目時發生錯誤，則回傳 ``NULL`` 並傳遞例外。,1,1,High,Exceptions,iter.po
PYGEN_ERROR,如果疊代器引發例外則為 ``PYGEN_ERROR``。 *presult* 被設定為 ``NULL``。,1,1,High,Exceptions,iter.po
if iterator has raised and exception. presult is set to,如果疊代器引發例外則為 ``PYGEN_ERROR``。 *presult* 被設定為 ``NULL``。,1,1,High,Exceptions,iter.po
"On success, the functions return ``0``.",成功時函式會回傳 ``0``。,1,1,Medium,Code Elements,time.po
without setting an exception. To get the cause of the error acquire the GIL and call the regular (non-,"失敗時，它們會將 ``*result`` 設為 ``0`` 並回傳 ``-1``, 而\ *不*\ 設定例外。要取得錯誤原因，請取得 GIL 並呼叫常規（非 ``Raw``）函式。請注意，常規函式可能會在 ``Raw`` 的函式失敗後成功。",1,1,High,Exceptions,time.po
PyException_SetTraceback,"if (tb != NULL) {
  PyException_SetTraceback(val, tb);
}",1,1,High,Exceptions,exceptions.po
:c:data:`PyExc_StopAsyncIteration`,:c:data:`PyExc_StopAsyncIteration`,1,1,Medium,Code Elements,exceptions.po
:exc:`StopAsyncIteration`,:exc:`StopAsyncIteration`,1,1,Medium,Code Elements,exceptions.po
:c:data:`PyExc_ModuleNotFoundError`.,:c:data:`PyExc_ModuleNotFoundError`。,1,1,High,Exceptions,exceptions.po
:c:data:`PyExc_BaseExceptionGroup`.,:c:data:`PyExc_BaseExceptionGroup`,1,1,High,Exceptions,exceptions.po
:c:data:`!PyExc_EnvironmentError`,:c:data:`!PyExc_EnvironmentError`,1,1,High,Exceptions,exceptions.po
:c:data:`!PyExc_IOError`,:c:data:`!PyExc_IOError`,1,1,High,Exceptions,exceptions.po
:c:data:`!PyExc_WindowsError`,:c:data:`!PyExc_WindowsError`,1,1,High,Exceptions,exceptions.po
strerror,strerror（C 函式）,1,1,High,Exceptions,exceptions.po
PyEval_InitThreads(),PyEval_InitThreads(),1,1,Medium,Other,init.po
Py_Initialize(),Py_Initialize(),1,1,Medium,Other,init.po
Py_GetPath(),Py_GetPath(),1,1,Medium,Other,init.po
PyEval_AcquireThread(),PyEval_AcquireThread(),1,1,Medium,Other,init.po
PyEval_ReleaseThread(),PyEval_ReleaseThread(),1,1,Medium,Other,init.po
PyEval_SaveThread(),PyEval_SaveThread(),1,1,Medium,Other,init.po
PyEval_RestoreThread(),PyEval_RestoreThread(),1,1,Medium,Other,init.po
__vectorcalloffset__,":c:member:`~PyTypeObject.tp_vectorcall_offset`\ （請用 :ref:`PyMemberDef <pymemberdef-offsets>` 中的 ``""__vectorcalloffset__""``）",1,1,Medium,Other,type.po
with an exception set so one should call cfunc,失敗時，此方法回傳 ``-1.0`` 並設定例外，因此應該呼叫 :c:func:`PyErr_Occurred` 來檢查錯誤。,1,1,High,Exceptions,complex.po
and with an exception set so one should call cfunc,失敗時，此方法回傳 :c:type:`Py_complex` 並將 :c:member:`~Py_complex.real` 設為 ``-1.0``，並設定例外，因此應該呼叫 :c:func:`PyErr_Occurred` 來檢查錯誤。,1,1,High,Exceptions,complex.po
for no default. If an error has occurred this function returns,建立一個新的 ``ContextVar`` 物件。*name* 參數用於自我檢查（introspection）和除錯目的。*def* 參數指定情境變數的預設值，亦可用 ``NULL`` 表示沒有預設值。 如果發生錯誤，此函式會回傳 ``NULL``。,1,1,High,Exceptions,contextvars.po
if an error has occurred during lookup and,取得情境變數的值。如果在查找過程中發生錯誤則回傳 ``-1``，如果沒有發生錯誤則無論是否找到值都會回傳 ``0``。,1,1,High,Exceptions,contextvars.po
.  On failure an exception is raised and,"建立一個 :ref:`GenericAlias <types-genericalias>` 物件，等同於呼叫 Python 的 :class:`types.GenericAlias` class。 *origin* 和 *args* 引數分別設定了 ``GenericAlias`` 的 ``__origin__`` 與 ``__args__`` 屬性。*origin* 應該要是個 :c:expr:`PyTypeObject*` 且 *args* 可以是個 :c:expr:`PyTupleObject*` 或任意 ``PyObject*``。如果傳入的 *args* 不是個 tuple（元組），則會自動建立一個長度為 1 的 tuple 且 ``__args__`` 會被設為 ``(args,)``。只會進行最少的引數檢查，所以即便 *origin* 不是個型別，函式也會不會失敗。 ``GenericAlias`` 的 ``__parameters__`` 屬性會自 ``__args__`` 惰性地建立 (constructed lazily)。當失敗時，會引發一個例外並回傳 ``NULL``。",1,1,High,Exceptions,typehints.po
__class_getitem__,資料模型方法 :meth:`~object.__class_getitem__`。,1,1,Medium,Other,typehints.po
on success or the same error codes as cfunc,如果尚未開啟 perf map 檔案，將在寫入條目之前呼叫 :c:func:`PyUnstable_PerfMapState_Init`。成功時回傳 ``0``，失敗時回傳與 :c:func:`PyUnstable_PerfMapState_Init` 失敗時相同的錯誤碼。,1,1,High,Exceptions,perfmaps.po
__getattribute__,"__getattribute__, __getattr__",1,1,Medium,Other,typeobj.po
__delattr__,"__setattr__, __delattr__",1,1,Medium,Other,typeobj.po
:c:member:`~PyTypeObject.tp_as_async`,:c:member:`~PyTypeObject.tp_as_async`,1,1,Medium,Code Elements,typeobj.po
:c:member:`~PyTypeObject.tp_methods`,:c:member:`~PyTypeObject.tp_methods`,1,1,Medium,Code Elements,typeobj.po
__base__,__base__,1,1,Medium,Other,typeobj.po
__mro__,__mro__,1,1,Medium,Other,typeobj.po
:c:member:`~PyAsyncMethods.am_await`,:c:member:`~PyAsyncMethods.am_await`,1,1,Medium,Code Elements,typeobj.po
:c:member:`~PyAsyncMethods.am_aiter`,:c:member:`~PyAsyncMethods.am_aiter`,1,1,Medium,Code Elements,typeobj.po
:c:member:`~PyAsyncMethods.am_anext`,:c:member:`~PyAsyncMethods.am_anext`,1,1,Medium,Code Elements,typeobj.po
:c:member:`~PyAsyncMethods.am_send`,:c:member:`~PyAsyncMethods.am_send`,1,1,Medium,Code Elements,typeobj.po
:c:member:`~PyNumberMethods.nb_add`,:c:member:`~PyNumberMethods.nb_add`,1,1,Medium,Code Elements,typeobj.po
__radd__,__add__ __radd__,1,1,Medium,Other,typeobj.po
:c:member:`~PyNumberMethods.nb_subtract`,:c:member:`~PyNumberMethods.nb_subtract`,1,1,Medium,Code Elements,typeobj.po
__isub__,__isub__,1,1,Medium,Other,typeobj.po
:c:member:`~PyNumberMethods.nb_multiply`,:c:member:`~PyNumberMethods.nb_multiply`,1,1,Medium,Code Elements,typeobj.po
__rmul__,__mul__ __rmul__,1,1,Medium,Other,typeobj.po
__imul__,__imul__,1,1,Medium,Other,typeobj.po
__imod__,__imod__,1,1,Medium,Other,typeobj.po
:c:member:`~PyNumberMethods.nb_divmod`,:c:member:`~PyNumberMethods.nb_divmod`,1,1,Medium,Code Elements,typeobj.po
:c:member:`~PyNumberMethods.nb_power`,:c:member:`~PyNumberMethods.nb_power`,1,1,Medium,Code Elements,typeobj.po
__rpow__,__pow__ __rpow__,1,1,Medium,Other,typeobj.po
__ipow__,__ipow__,1,1,Medium,Other,typeobj.po
:c:member:`~PyNumberMethods.nb_negative`,:c:member:`~PyNumberMethods.nb_negative`,1,1,Medium,Code Elements,typeobj.po
:c:member:`~PyNumberMethods.nb_positive`,:c:member:`~PyNumberMethods.nb_positive`,1,1,Medium,Code Elements,typeobj.po
:c:member:`~PyNumberMethods.nb_absolute`,:c:member:`~PyNumberMethods.nb_absolute`,1,1,Medium,Code Elements,typeobj.po
__abs__,__abs__,1,1,Medium,Other,typeobj.po
:c:member:`~PyNumberMethods.nb_bool`,:c:member:`~PyNumberMethods.nb_bool`,1,1,Medium,Code Elements,typeobj.po
:c:member:`~PyNumberMethods.nb_invert`,:c:member:`~PyNumberMethods.nb_invert`,1,1,Medium,Code Elements,typeobj.po
:c:member:`~PyNumberMethods.nb_lshift`,:c:member:`~PyNumberMethods.nb_lshift`,1,1,Medium,Code Elements,typeobj.po
__rlshift__,__lshift__ __rlshift__,1,1,Medium,Other,typeobj.po
__ilshift__,__ilshift__,1,1,Medium,Other,typeobj.po
:c:member:`~PyNumberMethods.nb_rshift`,:c:member:`~PyNumberMethods.nb_rshift`,1,1,Medium,Code Elements,typeobj.po
__rrshift__,__rshift__ __rrshift__,1,1,Medium,Other,typeobj.po
__irshift__,__irshift__,1,1,Medium,Other,typeobj.po
:c:member:`~PyNumberMethods.nb_and`,:c:member:`~PyNumberMethods.nb_and`,1,1,Medium,Code Elements,typeobj.po
__rand__,__and__ __rand__,1,1,Medium,Other,typeobj.po
__iand__,__iand__,1,1,Medium,Other,typeobj.po
:c:member:`~PyNumberMethods.nb_xor`,:c:member:`~PyNumberMethods.nb_xor`,1,1,Medium,Code Elements,typeobj.po
__ixor__,__ixor__,1,1,Medium,Other,typeobj.po
:c:member:`~PyNumberMethods.nb_or`,:c:member:`~PyNumberMethods.nb_or`,1,1,Medium,Code Elements,typeobj.po
__ror__,__or__ __ror__,1,1,Medium,Other,typeobj.po
__ior__,__ior__,1,1,Medium,Other,typeobj.po
:c:member:`~PyNumberMethods.nb_int`,:c:member:`~PyNumberMethods.nb_int`,1,1,Medium,Code Elements,typeobj.po
:c:member:`~PyNumberMethods.nb_reserved`,:c:member:`~PyNumberMethods.nb_reserved`,1,1,Medium,Code Elements,typeobj.po
:c:member:`~PyNumberMethods.nb_float`,:c:member:`~PyNumberMethods.nb_float`,1,1,Medium,Code Elements,typeobj.po
__ifloordiv__,__ifloordiv__,1,1,Medium,Other,typeobj.po
__itruediv__,__itruediv__,1,1,Medium,Other,typeobj.po
:c:member:`~PyNumberMethods.nb_index`,:c:member:`~PyNumberMethods.nb_index`,1,1,Medium,Code Elements,typeobj.po
__rmatmul__,__matmul__ __rmatmul__,1,1,Medium,Other,typeobj.po
__imatmul__,__imatmul__,1,1,Medium,Other,typeobj.po
:c:member:`~PyMappingMethods.mp_length`,:c:member:`~PyMappingMethods.mp_length`,1,1,Medium,Code Elements,typeobj.po
:c:member:`~PySequenceMethods.sq_length`,:c:member:`~PySequenceMethods.sq_length`,1,1,Medium,Code Elements,typeobj.po
:c:member:`~PySequenceMethods.sq_concat`,:c:member:`~PySequenceMethods.sq_concat`,1,1,Medium,Code Elements,typeobj.po
:c:member:`~PySequenceMethods.sq_repeat`,:c:member:`~PySequenceMethods.sq_repeat`,1,1,Medium,Code Elements,typeobj.po
:c:member:`~PySequenceMethods.sq_item`,:c:member:`~PySequenceMethods.sq_item`,1,1,Medium,Code Elements,typeobj.po
See :c:member:`~PyAsyncMethods.am_send`.,請見 :c:member:`~PyAsyncMethods.am_send`。,1,1,Medium,Code Elements,typeobj.po
module as a specialized type variable.  The one exception to this is that a list of types can be used to substitute a class,使用者定義的參數運算式 (parameter expression) 泛型一樣有支援，透過 ``[**P]`` 格式的參數規格變數來進行表示。對於上述作為參數規格變數的型別變數，將持續被 :mod:`!typing` 模組視為一個特定的型別變數。對此，其中一個例外是一個型別列表可以替代 :class:`ParamSpec`： ::,1,1,High,Exceptions,typing.po
exception during equality comparisons if one of their parameters are not term,``Literal`` 現在可以刪除重複 (de-deplicate) 的參數。``Literal`` 物件的相等性比較不再依照相依性排序。``Literal`` 物件現在會在相等性比較期間，若任一個其中的參數無法 :term:`hashable` 時，則會引發一個 :exc:`TypeError` 例外。,1,1,High,Exceptions,typing.po
Deprecated alias to :class:`dict`.,棄用 :class:`dict` 的別名。,1,1,Medium,Code Elements,typing.po
Deprecated alias to :class:`list`.,棄用 :class:`list` 的別名。,1,1,Medium,Code Elements,typing.po
Deprecated alias for :class:`tuple`.,棄用 :class:`tuple` 的別名。,1,1,Medium,Code Elements,typing.po
Deprecated alias to :class:`type`.,棄用 :class:`type` 的別名。,1,1,Medium,Code Elements,typing.po
Deprecated alias for :class:`str`.,棄用 :class:`str` 的別名。,1,1,Medium,Code Elements,typing.po
:class:`typing.ByteString`,:class:`typing.ByteString`,1,1,Medium,Code Elements,typing.po
Module :mod:`http.cookies`,:mod:`http.cookies` 模組,1,1,Medium,Code Elements,http.cookiejar.po
itself does not).  IP addresses are an exception and must match exactly.  For example if blocked_domains contains,"封鎖或允許清單中不以點開頭的網域必須與 cookie 網域相等才能匹配。 例如，``""example.com""`` 會與封鎖清單項目 ``""example.com""`` 匹配，但 ``""www.example.com""`` 則不會。 以點開頭的網域也會與更特定的網域相匹配。例如，``""www.example.com""`` 和 ``""www.coyote.example.com""`` 都匹配 ``"".example.com""``\ （但 ``""example.com""`` 本身不匹配）。 IP 位址是例外，它們必須完全匹配。例如，如果 blocked_domains 包含 ``""192.168.1.2""`` 和 ``"".168.1.2""``，則 192.168.1.2 會被封鎖，但 193.168.1.2 則不會。",1,1,High,Exceptions,http.cookiejar.po
it doesnt guarantee that a subsequent call to put() will not block.  Similarly if empty() returns,如果佇列為空，則回傳 ``True``，否則回傳 ``False``。如果 empty() 回傳 ``True``，則不保證後續呼叫 put() 不會阻塞。同樣，如果 empty() 回傳 ``False``，則不保證後續呼叫 get() 不會阻塞。,1,1,Medium,Other,queue.po
otherwise.  If full() returns,如果佇列已滿，則回傳 ``True`` ，否則回傳 ``False``。如果 full() 回傳 ``True``，則不保證後續呼叫 get() 不會阻塞。同樣，如果 full() 回傳 ``False``，則不保證後續呼叫 put() 不會阻塞。,1,1,Medium,Other,queue.po
it doesnt guarantee that a subsequent call to get() will not block.  Similarly if full() returns,如果佇列已滿，則回傳 ``True`` ，否則回傳 ``False``。如果 full() 回傳 ``True``，則不保證後續呼叫 get() 不會阻塞。同樣，如果 full() 回傳 ``False``，則不保證後續呼叫 put() 不會阻塞。,1,1,Medium,Other,queue.po
exception if no free slot was available within that time. Otherwise (block is false) put an item on the queue if a free slot is immediately available else raise the exc,將 *item* 放入佇列中。如果可選的 args *block* 為 true、*timeout* 為 ``None``\ （預設值），則在必要時阻塞，直到自由槽 (free slot) 可用。如果 *timeout* 為正數，則最多阻塞 *timeout* 秒，如果該時間內沒有可用的自由槽，則會引發 :exc:`Full` 例外。否則（*block* 為 false），如果自由槽立即可用，則將項目放在佇列中，否則引發 :exc:`Full` 例外（在這種情況下，*timeout* 將被忽略）。,1,1,High,Exceptions,queue.po
exception if no item was available within that time. Otherwise (block is false) return an item if one is immediately available else raise the exc,從佇列中移除並回傳一個項目。如果可選的 args *block* 為 true，且 *timeout* 為 ``None``\ （預設值），則在必要時阻塞，直到有可用的項目。如果 *timeout* 是正數，則最多會阻塞 *timeout* 秒，如果該時間內沒有可用的項目，則會引發 :exc:`Empty` 例外。否則（*block* 為 false），如果立即可用，則回傳一個項目，否則引發 :exc:`Empty` 例外（在這種情況下，*timeout* 將被忽略）。,1,1,High,Exceptions,queue.po
this operation goes into an uninterruptible wait on an underlying lock.  This means that no exceptions can occur and in particular a SIGINT will not trigger a exc,在 POSIX 系統的 3.0 版之前，以及 Windows 的所有版本，如果 *block* 為 true 且 *timeout* 為 ``None``，則此操作將在底層鎖上進入不間斷等待。這意味著不會發生例外，特別是 SIGINT（中斷訊號）不會觸發 :exc:`KeyboardInterrupt`。,1,1,High,Exceptions,queue.po
Class :class:`multiprocessing.Queue`,Class :class:`multiprocessing.Queue`,1,1,Medium,Code Elements,queue.po
:mod:`!http` --- HTTP modules,:mod:`!http` --- HTTP 模組,1,1,Medium,Code Elements,http.po
Using Early Data in HTTP :rfc:`8470`,使用 HTTP 中的早期資料 :rfc:`8470`,1,1,Medium,Code Elements,http.po
Additional HTTP Status Codes :rfc:`6585`,額外的 HTTP 狀態碼 :rfc:`6585`,1,1,Medium,Code Elements,http.po
``HTTP_VERSION_NOT_SUPPORTED``,``HTTP_VERSION_NOT_SUPPORTED``,1,1,Medium,Code Elements,http.po
firstkey(),"k = db.firstkey()
while k is not None:
    print(k)
    k = db.nextkey(k)",1,1,Medium,Other,dbm.po
weekday(),"time.struct_time((d.year, d.month, d.day, 0, 0, 0, d.weekday(), yday, -1))",1,1,Medium,Other,datetime.po
date(2002 12 4).weekday()  2,"回傳一個代表星期幾的整數，星期一為 0、星期日為 6。例如 ``date(2002, 12, 4).weekday() == 2`` 為星期三。也請參考 :meth:`isoweekday`。",1,1,Medium,Other,datetime.po
isoformat(),">>> from datetime import date
>>> date(2002, 12, 4).isoformat()
'2002-12-04'",1,1,Medium,Other,datetime.po
ctime(),``d.ctime()`` 等價於： ::,1,1,Medium,Other,datetime.po
:class:`.datetime` Objects,:class:`.datetime` 物件,1,1,Medium,Code Elements,datetime.po
total_seconds(),"(dt - datetime(1970, 1, 1, tzinfo=timezone.utc)).total_seconds()",1,1,Medium,Other,datetime.po
timestamp(),timestamp = dt.replace(tzinfo=timezone.utc).timestamp(),1,1,Medium,Other,datetime.po
Examples of Usage: :class:`.datetime`,用法範例：:class:`.datetime`,1,1,Medium,Code Elements,datetime.po
:class:`.time` Objects,:class:`.time` 物件,1,1,Medium,Code Elements,datetime.po
Examples of Usage: :class:`.time`,用法範例：:class:`.time`,1,1,Medium,Code Elements,datetime.po
:class:`.datetime`,:class:`.datetime`,1,1,Medium,Code Elements,datetime.po
Cryptographically secure pseudorandom number generator (CSPRNG) httpsen.wikipedia.orgwikiCryptographically_secure_pseudorandom_number_generator,請閱讀維基百科的\ `密碼學安全偽隨機數產生器 (CSPRNG) <https://en.wikipedia.org/wiki/Cryptographically_secure_pseudorandom_number_generator>`_\ 文章來了解密碼學安全偽隨機數產生器的需求。,1,1,Medium,Other,ssl.po
SSL_ERROR_,:class:`enum.IntEnum` 為 SSL_ERROR_* 常數中的一個集合。,1,1,High,Exceptions,ssl.po
The :meth:`sendfile` method was added.,新增 :meth:`sendfile` 方法。,1,1,Medium,Code Elements,ssl.po
cert_store_stats(),">>> context.cert_store_stats()
{'crl': 0, 'x509_ca': 1, 'x509': 2}",1,1,Medium,Other,ssl.po
session_stats(),">>> stats = context.session_stats()
>>> stats['hits'], stats['misses']
(0, 0)",1,1,Medium,Other,ssl.po
getpeercert(),>>> cert = conn.getpeercert(),1,1,Medium,Other,ssl.po
Class :class:`socket.socket`,:class:`socket.socket` 類別,1,1,Medium,Code Elements,ssl.po
Subclass of :exc:`ValueError`.,:exc:`ValueError` 的子類別。,1,1,High,Exceptions,tomllib.po
ConfigParser(),"cfgparser = ConfigParser()
cfgparser.optionxform = str",1,1,Medium,Other,configparser.po
__not__,回傳 :keyword:`not` *obj* 的結果。（請注意物件實例並沒有 :meth:`!__not__` method（方法）；只有直譯器核心定義此操作。結果會受 :meth:`~object.__bool__` 和 :meth:`~object.__len__` method 影響。）,1,1,Medium,Other,operator.po
name(),在 ``f = methodcaller('name')`` 之後，呼叫 ``f(b)`` 將回傳 ``b.name()``。,1,1,Medium,Other,operator.po
The error raised for bad ZIP files.,對於損壞的 ZIP 檔案所引發的錯誤。,1,1,High,Exceptions,zipfile.po
Return :const:`_testcapi.WITH_PYMALLOC`.,回傳 :const:`_testcapi.WITH_PYMALLOC`。,1,1,Medium,Code Elements,test.po
Style(),"from tkinter import ttk

print(ttk.Style().lookup(""TButton"", ""font""))",1,1,Medium,Other,tkinter.ttk.po
(13j).conjugate()  (1-3j),為抽象的。回傳共軛複數，例如 ``(1+3j).conjugate() == (1-3j)``。,1,1,Medium,Other,numbers.po
get_lock(),"with counter.get_lock():
    counter.value += 1",1,1,Medium,Other,multiprocessing.po
.  On Unix the prompt is written to the file-like object stream using the replace error handler if needed.  stream defaults to the controlling terminal (file,提示使用者輸入一個密碼且不會有回音 (echo)。使用者會看到字串 *prompt* 作為提示，其預設值為 ``'Password: '``。在 Unix 上，如有必要的話會使用替換錯誤處理函式 (replace error handler) 寫入到類檔案物件 (file-like object) *stream*\ 中。*stream* 預設為主控終端機 (controlling terminal) (\ :file:`/dev/tty`\ )，如果不可用則為 ``sys.stderr`` (此引數在 Windows 上會被忽略)。,1,1,High,Exceptions,getpass.po
Comparison with ``json``,和 ``json`` 的比較,1,1,Medium,Code Elements,pickle.po
Unpickler(file).load(),從已開啟的 :term:`檔案物件 <file object>` *file* 中讀取已序列化的物件，並傳回其重建後的物件階層。這相當於呼叫 ``Unpickler(file).load()``。,1,1,Medium,Other,pickle.po
PicklingError,嘗試封裝無法封裝的物件會引發 :exc:`PicklingError` 例外；注意當這種情況發生時，可能已經有未知數量的位元組已被寫入到檔案。嘗試封裝深度遞迴的資料結構可能會導致其超出最大遞迴深度，在這種情況下會引發 :exc:`RecursionError` 例外。你可以（小心地）使用 :func:`sys.setrecursionlimit` 來提高此上限。,1,1,High,Exceptions,pickle.po
__setstate__(),__setstate__()（copy 協定）,1,1,Medium,Other,pickle.po
find_class(),find_class()（pickle 協定）,1,1,Medium,Other,pickle.po
HTTPDefaultErrorHandler,回傳一個 :class:`OpenerDirector` 實例，以給定的順序把 handlers 串接起來。*handler*\s 可以是 :class:`BaseHandler` 的實例，亦或是 :class:`BaseHandler` 的 subclasses（這個情況下必須有不帶參數的建構函式能夠被呼叫）。以下 classes 的實例順位會在 *handler*\s 之前，除非 *handler*\s 已經包含它們，是它們的實例，或是它們的 subclasses：:class:`ProxyHandler`\ （如果代理服務設定被偵測到）、:class:`UnknownHandler`、:class:`HTTPHandler`、:class:`HTTPDefaultErrorHandler`、:class:`HTTPRedirectHandler`、:class:`FTPHandler`、:class:`FileHandler`、:class:`HTTPErrorProcessor`。,1,1,High,Exceptions,urllib.request.po
A deprecated alias of :exc:`OSError`.,一個已棄用的 :exc:`OSError` 的別名。,1,1,High,Exceptions,socket.po
gettimeout(),這等同於檢查 ``socket.gettimeout() != 0``。,1,1,Medium,Other,socket.po
:class:`!TracebackException` Objects,:class:`!TracebackException` 物件,1,1,High,Exceptions,traceback.po
:class:`!StackSummary` Objects,:class:`!StackSummary` 物件,1,1,Medium,Code Elements,traceback.po
:class:`!FrameSummary` Objects,:class:`!FrameSummary` 物件,1,1,Medium,Code Elements,traceback.po
get_source(),如果找不到名為 *filename* 的檔案，函式會先檢查 *module_globals* 中是否有 :pep:`302` `__loader__` 載入器。如果有這樣一個載入器，而且它定義了一個 ``get_source`` 方法，這之後它就會決定原始碼行（如果 ``get_source()`` 回傳 ``None``，那麼就會回傳 ``''``）。最後，如果 *filename* 是相對的檔案名稱，則會相對於模組搜尋路徑 ``sys.path`` 中的項目進行搜尋。,1,1,Medium,Other,linecache.po
Alias for :exc:`ExpatError`.,:exc:`ExpatError` 的別名。,1,1,High,Exceptions,pyexpat.po
A().f(),儘管 ``A().f()`` 會在 runtime 引發 :exc:`TypeError`，但 ``A.f`` 仍然被視為類似方法的函式。,1,1,Medium,Other,symtable.po
x.__aiter__(),回傳 :term:`非同步疊代器 <asynchronous iterator>` 做為 :term:`非同步可疊代物件 <asynchronous iterable>`。相當於呼叫 x.__aiter__()。,1,1,Medium,Other,functions.po
sys.breakpointhook(),這個函式將呼叫 :func:`sys.breakpointhook` 函式，並將 ``args`` 和 ``kws`` 傳遞給它。這將有效地讓你在特定的呼叫點進入除錯器。預設情況下，``sys.breakpointhook()`` 呼叫 :func:`pdb.set_trace` 不須帶任何引數。這樣的設計是為了方便使用者，讓他們不需要額外地導入 :mod:`pdb` 模組或輸入太多程式就可以進入除錯器。然而，可以將 :func:`sys.breakpointhook` 設置為其他函式，並且 :func:`breakpoint` 將自動呼叫該函式，讓你進入所選擇的除錯器。如果無法存取 :func:`sys.breakpointhook` 這個函式，則此函式將引發 :exc:`RuntimeError`。,1,1,Medium,Other,functions.po
C.f(),一個 class method 可以在 class（如 ``C.f()``）或實例（如 ``C().f()``）上呼叫。實例除了它的 class 資訊，其他都會被忽略。如果一個 class method 在 subclass 上呼叫，subclass 會作為第一個引數傳入。,1,1,Medium,Other,functions.po
C().f(),一個 class method 可以在 class（如 ``C.f()``）或實例（如 ``C().f()``）上呼叫。實例除了它的 class 資訊，其他都會被忽略。如果一個 class method 在 subclass 上呼叫，subclass 會作為第一個引數傳入。,1,1,Medium,Other,functions.po
x.__complex__(),如果引數是一個數字，則建構函式會像 :class:`int` 和 :class:`float` 一樣進行數值轉換。對於一個普通的 Python 物件 ``x``，``complex(x)`` 會委派給 ``x.__complex__()``。如果 :meth:`~object.__complex__` 未定義，則會回退 (fall back) 到 :meth:`~object.__float__`。如果 :meth:`!__float__` 未定義，則會再回退到 :meth:`~object.__index__`。,1,1,Medium,Other,functions.po
is called.  Note eval() will only have access to the term,*expression* 引數會被視為一條 Python 運算式（技術上而言，是條件列表）來剖析及求值，而 *globals* 和 *locals* 對映分別用作全域和區域命名空間。如果 *globals* dictionary 存在但缺少 ``__builtins__`` 的鍵值，那 *expression* 被剖析之前，將為該鍵插入對內建 :mod:`builtins` module dictionary 的引用。這麼一來，在將 ``__builtins__`` dictionary 傳入 :func:`eval` 之前，你可以透過將它插入 *globals* 來控制你需要哪些內建函式來執行程式碼。如果 *locals* 對映被省略，那它的預設值是 *globals* dictionary。如果兩個對映都被省略，則以在 :func:`eval` 被呼叫的環境中的 *globals* 和 *locals* 執行運算式。請注意，*eval()* 在封閉 (enclosing) 環境中無法存取\ :term:`巢狀作用域 <nested scope>` (non-locals)，除非呼叫 :func:`eval` 的作用域已經有參照它們（例如透過 :keyword:`nonlocal` 陳述式）。,1,1,Medium,Other,functions.po
x.__float__(),對於一般的 Python 物件 ``x``，``float(x)`` 會委派給 ``x.__float__()``。如果未定義 :meth:`~object.__float__` 則會回退到 :meth:`~object.__index__`。,1,1,Medium,Other,functions.po
exception is raised if the method search reaches mod,"呼叫 ``format(value, format_spec)`` 會轉換成 ``type(value).__format__(value, format_spec)``，當搜尋 value 的 :meth:`~object.__format__` method 時，會忽略實例中的字典。如果搜尋到 :mod:`object` 這個 method 但 *format_spec* 不為空，或是 *format_spec* 或回傳值不是字串，則會引發 :exc:`TypeError`。",1,1,High,Exceptions,functions.po
object().__format__(format_spec),當 *format_spec* 不是空字串時，``object().__format__(format_spec)`` 會引發 :exc:`TypeError`。,1,1,Medium,Other,functions.po
x.__int__(),如果引數定義了 :meth:`~object.__int__`，則 ``int(x)`` 回傳 ``x.__int__()``。如果引數定義了 :meth:`~object.__index__` 則回傳 ``x.__index__()``。如果引數定義了 :meth:`~object.__trunc__` 則回傳 ``x.__trunc__()``。對於浮點數，則會向零的方向無條件捨去。,1,1,Medium,Other,functions.po
x.__index__(),如果引數定義了 :meth:`~object.__int__`，則 ``int(x)`` 回傳 ``x.__int__()``。如果引數定義了 :meth:`~object.__index__` 則回傳 ``x.__index__()``。如果引數定義了 :meth:`~object.__trunc__` 則回傳 ``x.__trunc__()``。對於浮點數，則會向零的方向無條件捨去。,1,1,Medium,Other,functions.po
x.__trunc__(),如果引數定義了 :meth:`~object.__int__`，則 ``int(x)`` 回傳 ``x.__int__()``。如果引數定義了 :meth:`~object.__index__` 則回傳 ``x.__index__()``。如果引數定義了 :meth:`~object.__trunc__` 則回傳 ``x.__trunc__()``。對於浮點數，則會向零的方向無條件捨去。,1,1,Medium,Other,functions.po
exception is raised. exc,如果 *object* 引數是 *classinfo* 引數的實例，或者是（直接、間接或 :term:`virtual <abstract base class>`）subclass 的實例，則回傳 ``True``。如果 *object* 不是給定型別的物件，函式始終回傳 ``False``。如果 *classinfo* 是包含物件型別的 tuple（或多個遞迴 tuple）或一個包含多種型別的 :ref:`types-union`，若 *object* 是其中的任何一個物件的實例則回傳 ``True``。如果 *classinfo* 既不是型別，也不是型別 tuple 或型別的遞迴 tuple，那麼會引發 :exc:`TypeError` 異常。若是先前檢查已經成功，:exc:`TypeError` 可能不會再因為不合格的型別而被引發。,1,1,High,Exceptions,functions.po
*classinfo* can be a :ref:`types-union`.,*classinfo* 可以是一個 :ref:`types-union`。,1,1,Medium,Code Elements,functions.po
error-handlers,*errors* 是一個選擇性的字串，用於指定要如何處理編碼和解碼的錯誤——它不能在二進制模式下使用。有許多不同的標準錯誤處理程式（error handler，在\ :ref:`error-handlers`\ 有列出清單），不過任何已註冊到 :func:`codecs.register_error` 的錯誤處理程式名稱也都是有效的。標準的名稱包括：,1,1,High,Exceptions,functions.po
codecs.register_error,*errors* 是一個選擇性的字串，用於指定要如何處理編碼和解碼的錯誤——它不能在二進制模式下使用。有許多不同的標準錯誤處理程式（error handler，在\ :ref:`error-handlers`\ 有列出清單），不過任何已註冊到 :func:`codecs.register_error` 的錯誤處理程式名稱也都是有效的。標準的名稱包括：,1,1,High,Exceptions,functions.po
exception if there is an encoding error.  The default value of,``'strict'`` 如果發生編碼錯誤，則引發 :exc:`ValueError` 例外。預設值 ``None`` 也有相同的效果。,1,1,High,Exceptions,functions.po
ord(),對於代表單個 Unicode 字元的字串，回傳代表它 Unicode 編碼位置的整數。例如 ``ord('a')`` 回傳整數 ``97``、``ord('€')``\ （歐元符號）回傳 ``8364``。這是 :func:`chr` 的逆函式。,1,1,Medium,Other,functions.po
See also :ref:`class-customization`.,另請參閱 :ref:`class-customization`。,1,1,Medium,Code Elements,functions.po
str(),str() （內建函式）,1,1,Medium,Other,functions.po
Module :mod:`http.cookiejar`,:mod:`http.cookiejar` 模組,1,1,Medium,Code Elements,http.cookies.po
an error is raised for invalid keys.,對於無效的鍵會引發錯誤。,1,1,High,Exceptions,http.cookies.po
:class:`!Mailbox` objects,:class:`!Mailbox` 物件,1,1,Medium,Code Elements,mailbox.po
:class:`!Maildir` objects,:class:`!Mailbox` 物件,1,1,Medium,Code Elements,mailbox.po
:class:`!mbox` objects,:class:`!mbox` 物件,1,1,Medium,Code Elements,mailbox.po
:class:`!MH` objects,:class:`!MH` 物件,1,1,Medium,Code Elements,mailbox.po
:class:`!Babyl` objects,:class:`!Babyl` 物件,1,1,Medium,Code Elements,mailbox.po
:class:`!MMDF` objects,:class:`!MMDF` 物件,1,1,Medium,Code Elements,mailbox.po
:class:`!Message` objects,:class:`!Message` 物件,1,1,Medium,Code Elements,mailbox.po
:class:`!MaildirMessage` objects,:class:`!MaildirMessage` 物件,1,1,Medium,Code Elements,mailbox.po
:class:`!mboxMessage` objects,:class:`!mboxMessage` 物件,1,1,Medium,Code Elements,mailbox.po
:class:`!MHMessage` objects,:class:`!MHMessage` 物件,1,1,Medium,Code Elements,mailbox.po
:class:`!BabylMessage` objects,:class:`!BabylMessage` 物件,1,1,Medium,Code Elements,mailbox.po
:class:`!MMDFMessage` objects,:class:`!MMDFMessage` 物件,1,1,Medium,Code Elements,mailbox.po
getLoggerClass,"class MyLogger(logging.getLoggerClass()):
    # ... 在這裡覆蓋其行為",1,1,Medium,Other,logging.po
``__await__``,``__await__``,1,1,Medium,Code Elements,collections.abc.po
__weakref__,當為給定的型別定義 ``__slots__`` 時，弱參照支援將被停用，除非 ``'__weakref__'`` 字串也存在於 ``__slots__`` 宣告的字串序列中。詳情請參閱 :ref:`__slots__ 文件 <slots>`。,1,1,Medium,Other,weakref.po
ref() is not None,應該使用運算式 ``ref() is not None`` 來測試弱參照物件是否仍然存活。需要使用參照物件的應用程式程式碼通常應遵循以下模式： ::,1,1,Medium,Other,weakref.po
**Source code:** :source:`Lib/sqlite3/`,**原始碼：**\ :source:`Lib/sqlite3/`,1,1,Medium,Code Elements,sqlite3.po
cursor(),cur = con.cursor(),1,1,Medium,Other,sqlite3.po
commit(),con.commit(),1,1,Medium,Other,sqlite3.po
:ref:`sqlite3-placeholders`,:ref:`sqlite3-placeholders`,1,1,Medium,Code Elements,sqlite3.po
:ref:`sqlite3-adapters`,:ref:`sqlite3-adapters`,1,1,Medium,Code Elements,sqlite3.po
:ref:`sqlite3-converters`,:ref:`sqlite3-converters`,1,1,Medium,Code Elements,sqlite3.po
:ref:`sqlite3-howto-row-factory`,:ref:`sqlite3-howto-row-factory`,1,1,Medium,Code Elements,sqlite3.po
`SQLITE_THREADSAFE`_,`SQLITE_THREADSAFE`_,1,1,Medium,Code Elements,sqlite3.po
:ref:`sqlite3-connection-shortcuts`,:ref:`sqlite3-connection-shortcuts`,1,1,Medium,Code Elements,sqlite3.po
:ref:`sqlite3-howto-encoding`,:ref:`sqlite3-howto-encoding`,1,1,Medium,Code Elements,sqlite3.po
clearscreen(),clearscreen(),1,1,Medium,Other,turtle.po
begin_fill(),begin_fill(),1,1,Medium,Other,turtle.po
end_fill(),end_fill(),1,1,Medium,Other,turtle.po
stamp(),">>> turtle.color(""blue"")
>>> stamp_id = turtle.stamp()
>>> turtle.fd(50)",1,1,Medium,Other,turtle.po
hideturtle(),>>> turtle.hideturtle(),1,1,Medium,Other,turtle.po
showturtle(),>>> turtle.showturtle(),1,1,Medium,Other,turtle.po
Turtle(),">>> mick = Turtle()
>>> joe = mick.clone()",1,1,Medium,Other,turtle.po
clone(),">>> mick = Turtle()
>>> joe = mick.clone()",1,1,Medium,Other,turtle.po
getturtle(),">>> pet = getturtle()
>>> pet.fd(50)
>>> pet
<turtle.Turtle object at 0x...>",1,1,Medium,Other,turtle.po
undobufferentries(),">>> while undobufferentries():
...     undo()",1,1,Medium,Other,turtle.po
undo(),">>> while undobufferentries():
...     undo()",1,1,Medium,Other,turtle.po
delay(),">>> screen.delay()
10
>>> screen.delay(5)
>>> screen.delay()
5",1,1,Medium,Other,turtle.po
listen(),">>> def f():
...     fd(50)
...
>>> screen.onkey(f, ""Up"")
>>> screen.listen()",1,1,Medium,Other,turtle.po
getcanvas(),">>> cv = screen.getcanvas()
>>> cv
<turtle.ScrolledCanvas object ...>",1,1,Medium,Other,turtle.po
getshapes(),">>> screen.getshapes()
['arrow', 'blank', 'circle', ..., 'turtle']",1,1,Medium,Other,turtle.po
turtles(),">>> for turtle in screen.turtles():
...     turtle.color(""red"")",1,1,Medium,Other,turtle.po
window_height(),">>> screen.window_height()
480",1,1,Medium,Other,turtle.po
window_width(),">>> screen.window_width()
640",1,1,Medium,Other,turtle.po
Textual explanation of the error.,錯誤的文字解釋。,1,1,High,Exceptions,netrc.po
Added support of :class:`str` instances.,新增 :class:`str` 實例的支援。,1,1,Medium,Code Elements,xml.sax.po
Module :mod:`xml.sax.handler`,:mod:`xml.sax.handler` 模組,1,1,Medium,Code Elements,xml.sax.po
Module :mod:`xml.sax.saxutils`,:mod:`xml.sax.saxutils` 模組,1,1,Medium,Code Elements,xml.sax.po
Module :mod:`xml.sax.xmlreader`,:mod:`xml.sax.xmlreader` 模組,1,1,Medium,Code Elements,xml.sax.po
SAXException,SAXException 物件,1,1,High,Exceptions,xml.sax.po
is converted to a carriage return and so forth.  Unknown escapes of ASCII letters are reserved for future use and treated as errors.  Other unknown escapes such as,回傳透過以替換 *repl* 取代 *string* 中最左邊不重疊出現的 *pattern* 所獲得的字串。如果未找到該模式，則不改變 *string* 並回傳。*repl* 可以是字串或函式；如果它是字串，則處理其中的任何反斜線跳脫。也就是說 ``\n`` 會被轉換為單一換行符、``\r`` 會被轉換為回車符 (carriage return) 等等。ASCII 字母的未知跳脫符會被保留以供將來使用並被視為錯誤。其他未知跳脫符例如 ``\&`` 會被單獨保留。例如 ``\6`` 的反向參照將被替換為模式中第 6 組匹配的子字串。例如： ::,1,1,High,Exceptions,re.po
scanf(),模擬 scanf(),1,1,Medium,Other,re.po
print_it(),"def print_it():
    print(""hi there"")
fred[""command""] = print_it",1,1,Medium,Other,tkinter.po
File name of the :class:`Breakpoint`.,:class:`Breakpoint` 的檔案名稱。,1,1,Medium,Code Elements,bdb.po
"The function name or ``""<lambda>""``.","函式名稱或 ``""<lambda>""``。",1,1,Medium,Code Elements,bdb.po
gc.collect(),當直譯器已經執行收集時呼叫 ``gc.collect()`` 的效果是未定義的。,1,1,Medium,Other,gc.po
gc.freeze(),如果一個行程將在沒有 ``exec()`` 的情況下進行 ``fork()``，避免子行程中不必要的寫入時複製將最大化記憶體共享並減少整體記憶體使用。這需要避免在父行程的記憶體頁面中建立已釋放的「漏洞」，並確保子行程中的 GC 收集不會觸及源自父行程的長壽命物件的 ``gc_refs`` 計數器。要實現這兩個目標，請在父行程的早期呼叫 ``gc.disable()``，在 ``fork()`` 之前呼叫 ``gc.freeze()``，並儘早在子行程中呼叫 ``gc.enable()``。,1,1,Medium,Other,gc.po
gc.enable(),如果一個行程將在沒有 ``exec()`` 的情況下進行 ``fork()``，避免子行程中不必要的寫入時複製將最大化記憶體共享並減少整體記憶體使用。這需要避免在父行程的記憶體頁面中建立已釋放的「漏洞」，並確保子行程中的 GC 收集不會觸及源自父行程的長壽命物件的 ``gc_refs`` 計數器。要實現這兩個目標，請在父行程的早期呼叫 ``gc.disable()``，在 ``fork()`` 之前呼叫 ``gc.freeze()``，並儘早在子行程中呼叫 ``gc.enable()``。,1,1,Medium,Other,gc.po
Add *encoding* and *errors* parameters.,新增 *encoding* 和 *errors* 參數。,1,1,High,Exceptions,urllib.parse.po
*exit_on_error* parameter was added.,新增 *exit_on_error* 參數。,1,1,High,Exceptions,argparse.po
add_argument(),add_argument() 方法,1,1,Medium,Other,argparse.po
"For more details, see :class:`Action`.",更多詳情請見 :class:`Action`。,1,1,Medium,Code Elements,argparse.po
normpath(join(os.getcwd() path)),"回傳經正規化的絕對路徑名 *path* 。在大多數平台上，這等效於按照以下方式呼叫 :func:`normpath` 函式：``normpath(join(os.getcwd(), path))``。",1,1,Medium,Other,os.path.po
if both pathname arguments refer to the same file or directory. This is determined by the device number and i-node number and raises an exception if an func,如果兩個路徑名引數指向同一個檔案或目錄，則回傳 ``True``。這是通過設備編號和 i-node 編號來確定的，如果對任一路徑名的 :func:`os.stat` 呼叫失敗，則會引發異常。,1,1,High,Exceptions,os.path.po
enable(),"timeit.Timer('for i in range(10): oct(i)', 'gc.enable()').timeit()",1,1,Medium,Other,timeit.po
timeit(),"timeit.Timer('for i in range(10): oct(i)', 'gc.enable()').timeit()",1,1,Medium,Other,timeit.po
An exception is handled.,一個例外被處理。,1,1,High,Exceptions,sys.monitoring.po
exception will be raised.  If this happens simply call meth,如果有給定可選的 *rest*，一個 ``REST`` 命令會被發送到伺服器，並以 *rest* 作為引數。*rest* 通常是請求檔案的一個位元組偏移量 (byte offset)，告訴伺服器以請求的偏移量重新開始發送檔案的位元組，並跳過初始位元組。但是請注意，:meth:`transfercmd` 方法將 *rest* 轉換為帶有初始化時指定的 *encoding* 參數的字串，但不會對字串的內容執行檢查。如果伺服器無法識別 ``REST`` 命令，則會引發 :exc:`error_reply` 例外。如果發生這種情況，只需在沒有 *rest* 引數的情況下呼叫 :meth:`transfercmd`。,1,1,High,Exceptions,ftplib.po
error_perm,從伺服器中刪除名為 *filename* 的檔案。如果成功，回傳回應的文字，否則引發 :exc:`error_perm` 權限錯誤或在其他錯誤發生時引發 :exc:`error_reply`。,1,1,High,Exceptions,ftplib.po
command to the server and close the connection. This is the polite way to close a connection but it may raise an exception if the server responds with an error to the,向伺服器發送 ``QUIT`` 命令並關閉連線。這是關閉連線的「禮貌」方式，但如果伺服器對 ``QUIT`` 命令作出錯誤回應，它可能會引發例外。這意味著呼叫 :meth:`close` 方法使 :class:`FTP` 實例無法用於後續呼叫（見下文）。,1,1,High,Exceptions,ftplib.po
map(f count()),"例如，SML 提供了一個造表工具：``tabulate(f)``，它產生一個序列 ``f(0), f(1), ...``。在 Python 中，可以透過結合 :func:`map` 和 :func:`count` 組成 ``map(f, count())`` 以達到同樣的效果。",1,1,Medium,Other,itertools.po
(start  step  i for i in count()),當用浮點數計數時，將上述程式碼替換為乘法有時可以獲得更好的精確度，例如：``(start + step * i for i in count())``。,1,1,Medium,Other,itertools.po
more-itertools before_and_after() httpsmore-itertools.readthedocs.ioenstableapi.htmlmore_itertools.before_and_after,注意，第一個不符合條件判斷的元素將從輸入疊代器中被消耗，且無法再存取它。如果應用程式希望在 *takewhile* 耗盡後進一步消耗輸入疊代器，這可能會是個問題。為了解決這個問題，可以考慮使用 `more-itertools 中的 before_and_after() <https://more-itertools.readthedocs.io/en/stable/api.html#more_itertools.before_and_after>`_ 作為替代。,1,1,Medium,Other,itertools.po
starmap(),itertools 應用技巧的主要目的是教學。這些應用技巧展示了對單個工具進行思考的各種方式 —— 例如，``chain.from_iterable`` 與攤平 (flattening) 的概念相關。這些應用技巧還提供了組合使用工具的想法 —— 例如，``starmap()`` 和 ``repeat()`` 如何一起工作。另外還展示了將 itertools 與 :mod:`operator` 和 :mod:`collections` 模組一同使用以及與內建 itertools（如 ``map()``、``filter()``、``reversed()`` 和 ``enumerate()``）一同使用的模式。,1,1,Medium,Other,itertools.po
repeat(),itertools 應用技巧的主要目的是教學。這些應用技巧展示了對單個工具進行思考的各種方式 —— 例如，``chain.from_iterable`` 與攤平 (flattening) 的概念相關。這些應用技巧還提供了組合使用工具的想法 —— 例如，``starmap()`` 和 ``repeat()`` 如何一起工作。另外還展示了將 itertools 與 :mod:`operator` 和 :mod:`collections` 模組一同使用以及與內建 itertools（如 ``map()``、``filter()``、``reversed()`` 和 ``enumerate()``）一同使用的模式。,1,1,Medium,Other,itertools.po
map(),itertools 應用技巧的主要目的是教學。這些應用技巧展示了對單個工具進行思考的各種方式 —— 例如，``chain.from_iterable`` 與攤平 (flattening) 的概念相關。這些應用技巧還提供了組合使用工具的想法 —— 例如，``starmap()`` 和 ``repeat()`` 如何一起工作。另外還展示了將 itertools 與 :mod:`operator` 和 :mod:`collections` 模組一同使用以及與內建 itertools（如 ``map()``、``filter()``、``reversed()`` 和 ``enumerate()``）一同使用的模式。,1,1,Medium,Other,itertools.po
filter(),itertools 應用技巧的主要目的是教學。這些應用技巧展示了對單個工具進行思考的各種方式 —— 例如，``chain.from_iterable`` 與攤平 (flattening) 的概念相關。這些應用技巧還提供了組合使用工具的想法 —— 例如，``starmap()`` 和 ``repeat()`` 如何一起工作。另外還展示了將 itertools 與 :mod:`operator` 和 :mod:`collections` 模組一同使用以及與內建 itertools（如 ``map()``、``filter()``、``reversed()`` 和 ``enumerate()``）一同使用的模式。,1,1,Medium,Other,itertools.po
reversed(),itertools 應用技巧的主要目的是教學。這些應用技巧展示了對單個工具進行思考的各種方式 —— 例如，``chain.from_iterable`` 與攤平 (flattening) 的概念相關。這些應用技巧還提供了組合使用工具的想法 —— 例如，``starmap()`` 和 ``repeat()`` 如何一起工作。另外還展示了將 itertools 與 :mod:`operator` 和 :mod:`collections` 模組一同使用以及與內建 itertools（如 ``map()``、``filter()``、``reversed()`` 和 ``enumerate()``）一同使用的模式。,1,1,Medium,Other,itertools.po
accumulate(),"應用技巧的次要目的是作為 itertools 的孵化器。``accumulate()``, ``compress()`` 和 ``pairwise()`` itertools 最初都是作為應用技巧出現的。目前，``sliding_window()``、``iter_index()`` 和 ``sieve()`` 的應用技巧正在被測試，以確定它們是否有價值被收錄到內建的 itertools 中。",1,1,Medium,Other,itertools.po
compress(),"應用技巧的次要目的是作為 itertools 的孵化器。``accumulate()``, ``compress()`` 和 ``pairwise()`` itertools 最初都是作為應用技巧出現的。目前，``sliding_window()``、``iter_index()`` 和 ``sieve()`` 的應用技巧正在被測試，以確定它們是否有價值被收錄到內建的 itertools 中。",1,1,Medium,Other,itertools.po
pairwise(),"應用技巧的次要目的是作為 itertools 的孵化器。``accumulate()``, ``compress()`` 和 ``pairwise()`` itertools 最初都是作為應用技巧出現的。目前，``sliding_window()``、``iter_index()`` 和 ``sieve()`` 的應用技巧正在被測試，以確定它們是否有價值被收錄到內建的 itertools 中。",1,1,Medium,Other,itertools.po
sliding_window(),"應用技巧的次要目的是作為 itertools 的孵化器。``accumulate()``, ``compress()`` 和 ``pairwise()`` itertools 最初都是作為應用技巧出現的。目前，``sliding_window()``、``iter_index()`` 和 ``sieve()`` 的應用技巧正在被測試，以確定它們是否有價值被收錄到內建的 itertools 中。",1,1,Medium,Other,itertools.po
iter_index(),"應用技巧的次要目的是作為 itertools 的孵化器。``accumulate()``, ``compress()`` 和 ``pairwise()`` itertools 最初都是作為應用技巧出現的。目前，``sliding_window()``、``iter_index()`` 和 ``sieve()`` 的應用技巧正在被測試，以確定它們是否有價值被收錄到內建的 itertools 中。",1,1,Medium,Other,itertools.po
sieve(),"應用技巧的次要目的是作為 itertools 的孵化器。``accumulate()``, ``compress()`` 和 ``pairwise()`` itertools 最初都是作為應用技巧出現的。目前，``sliding_window()``、``iter_index()`` 和 ``sieve()`` 的應用技巧正在被測試，以確定它們是否有價值被收錄到內建的 itertools 中。",1,1,Medium,Other,itertools.po
exists(),">>> q.exists()
True
>>> q.is_dir()
False",1,1,Medium,Other,pathlib.po
is_dir(),">>> q.exists()
True
>>> q.is_dir()
False",1,1,Medium,Other,pathlib.po
readline(),">>> with q.open() as f: f.readline()
...
'#!/bin/bash\n'",1,1,Medium,Other,pathlib.po
PurePath(),">>> PurePath()
PurePosixPath('.')",1,1,Medium,Other,pathlib.po
cwd(),">>> Path.cwd()
PosixPath('/home/antoine/pathlib')",1,1,Medium,Other,pathlib.po
get_running_loop(),:ref:`使用 asyncio.get_running_loop() <asyncio_example_future>`。,1,1,Medium,Other,asyncio-llapi-index.po
Create a :class:`Future` object.,建立一個 :class:`Future` 物件。,1,1,Medium,Code Elements,asyncio-llapi-index.po
Schedule coroutine as a :class:`Task`.,像是 :class:`Task` 一樣，為協程 (coroutine) 排程。,1,1,Medium,Code Elements,asyncio-llapi-index.po
Connect the :class:`~socket.socket`.,連接 :class:`~socket.socket`。,1,1,Medium,Code Elements,asyncio-llapi-index.po
:meth:`loop.call_exception_handler`,:meth:`loop.call_exception_handler`,1,1,High,Exceptions,asyncio-llapi-index.po
Call the exception handler.,呼叫例外處理函式。,1,1,High,Exceptions,asyncio-llapi-index.po
:meth:`loop.set_exception_handler`,:meth:`loop.set_exception_handler`,1,1,High,Exceptions,asyncio-llapi-index.po
Set a new exception handler.,設定一個新的例外處理函式。,1,1,High,Exceptions,asyncio-llapi-index.po
:meth:`loop.get_exception_handler`,:meth:`loop.get_exception_handler`,1,1,High,Exceptions,asyncio-llapi-index.po
Get the current exception handler.,取得目前例外處理函式。,1,1,High,Exceptions,asyncio-llapi-index.po
:meth:`loop.default_exception_handler`,:meth:`loop.default_exception_handler`,1,1,High,Exceptions,asyncio-llapi-index.po
Using asyncio.new_event_loop() and loop.run_forever() asyncio_example_lowlevel_helloworld,:ref:`使用 asyncio.new_event_loop() 和 loop.run_forever() <asyncio_example_lowlevel_helloworld>`。,1,1,Medium,Other,asyncio-llapi-index.po
Using add_reader() to watch an FD for read events asyncio_example_watch_fd,:ref:`使用 add_reader() 監控 FD 的讀取事件 <asyncio_example_watch_fd>`。,1,1,Medium,Other,asyncio-llapi-index.po
add_signal_handler(),:ref:`使用 loop.add_signal_handler() <asyncio_example_unix_signals>`。,1,1,Medium,Other,asyncio-llapi-index.po
subprocess_exec(),:ref:`使用 loop.add_signal_handler() <asyncio_example_subprocess_proto>`。,1,1,Medium,Other,asyncio-llapi-index.po
is_closing(),:meth:`transport.is_closing() <BaseTransport.is_closing>`,1,1,Medium,Other,asyncio-llapi-index.po
get_extra_info(),:meth:`transport.get_extra_info() <BaseTransport.get_extra_info>`,1,1,Medium,Other,asyncio-llapi-index.po
set_protocol(),:meth:`transport.set_protocol() <BaseTransport.set_protocol>`,1,1,Medium,Other,asyncio-llapi-index.po
get_protocol(),:meth:`transport.get_protocol() <BaseTransport.get_protocol>`,1,1,Medium,Other,asyncio-llapi-index.po
is_reading(),:meth:`transport.is_reading() <ReadTransport.is_reading>`,1,1,Medium,Other,asyncio-llapi-index.po
pause_reading(),:meth:`transport.pause_reading() <ReadTransport.pause_reading>`,1,1,Medium,Other,asyncio-llapi-index.po
resume_reading(),:meth:`transport.resume_reading() <ReadTransport.resume_reading>`,1,1,Medium,Other,asyncio-llapi-index.po
writelines(),:meth:`transport.writelines() <WriteTransport.writelines>`,1,1,Medium,Other,asyncio-llapi-index.po
can_write_eof(),:meth:`transport.can_write_eof() <WriteTransport.can_write_eof>`,1,1,Medium,Other,asyncio-llapi-index.po
write_eof(),:meth:`transport.write_eof() <WriteTransport.write_eof>`,1,1,Medium,Other,asyncio-llapi-index.po
get_write_buffer_size(),:meth:`transport.get_write_buffer_size() <WriteTransport.get_write_buffer_size>`,1,1,Medium,Other,asyncio-llapi-index.po
transport.get_write_buffer_limits() WriteTransport.get_write_buffer_limits,:meth:`transport.get_write_buffer_limits() <WriteTransport.get_write_buffer_limits>`,1,1,Medium,Other,asyncio-llapi-index.po
transport.set_write_buffer_limits() WriteTransport.set_write_buffer_limits,:meth:`transport.set_write_buffer_limits() <WriteTransport.set_write_buffer_limits>`,1,1,Medium,Other,asyncio-llapi-index.po
sendto(),:meth:`transport.sendto() <DatagramTransport.sendto>`,1,1,Medium,Other,asyncio-llapi-index.po
get_pid(),:meth:`transport.get_pid() <SubprocessTransport.get_pid>`,1,1,Medium,Other,asyncio-llapi-index.po
get_pipe_transport(),:meth:`transport.get_pipe_transport() <SubprocessTransport.get_pipe_transport>`,1,1,Medium,Other,asyncio-llapi-index.po
get_returncode(),:meth:`transport.get_returncode() <SubprocessTransport.get_returncode>`,1,1,Medium,Other,asyncio-llapi-index.po
kill(),:meth:`transport.kill() <SubprocessTransport.kill>`,1,1,Medium,Other,asyncio-llapi-index.po
send_signal(),:meth:`transport.send_signal() <SubprocessTransport.send_signal>`,1,1,Medium,Other,asyncio-llapi-index.po
terminate(),:meth:`transport.terminate() <SubprocessTransport.terminate>`,1,1,Medium,Other,asyncio-llapi-index.po
connection_made(),``callback`` :meth:`connection_made() <BaseProtocol.connection_made>`,1,1,Medium,Other,asyncio-llapi-index.po
connection_lost(),``callback`` :meth:`connection_lost() <BaseProtocol.connection_lost>`,1,1,Medium,Other,asyncio-llapi-index.po
pause_writing(),``callback`` :meth:`pause_writing() <BaseProtocol.pause_writing>`,1,1,Medium,Other,asyncio-llapi-index.po
resume_writing(),``callback`` :meth:`resume_writing() <BaseProtocol.resume_writing>`,1,1,Medium,Other,asyncio-llapi-index.po
data_received(),``callback`` :meth:`data_received() <Protocol.data_received>`,1,1,Medium,Other,asyncio-llapi-index.po
get_buffer(),``callback`` :meth:`get_buffer() <BufferedProtocol.get_buffer>`,1,1,Medium,Other,asyncio-llapi-index.po
buffer_updated(),``callback`` :meth:`buffer_updated() <BufferedProtocol.buffer_updated>`,1,1,Medium,Other,asyncio-llapi-index.po
datagram_received(),``callback`` :meth:`datagram_received() <DatagramProtocol.datagram_received>`,1,1,Medium,Other,asyncio-llapi-index.po
error_received(),``callback`` :meth:`error_received() <DatagramProtocol.error_received>`,1,1,High,Exceptions,asyncio-llapi-index.po
process_exited(),``callback`` :meth:`process_exited() <SubprocessProtocol.process_exited>`,1,1,Medium,Other,asyncio-llapi-index.po
get_event_loop_policy().get_event_loop(),如果沒有設定正在運行的事件迴圈，該函式將回傳 ``get_event_loop_policy().get_event_loop()`` 呼叫的結果。,1,1,Medium,Other,asyncio-eventloop.po
The :func:`asyncio.sleep` function.,函式 :func:`asyncio.sleep`。,1,1,Medium,Code Elements,asyncio-eventloop.po
getaddrinfo(),"若有給定 *local_addr* 則其為一個 ``(local_host, local_port)`` 元組，用於在本地綁定 socket。將使用 ``getaddrinfo()`` 查找 *local_host* 和 *local_port*，方式類似於 *host* 和 *port*。",1,1,Medium,Other,asyncio-eventloop.po
is raised the first exception if there is only one or all errors have same message or a single,*all_errors* 決定在無法建立連線時會引發哪些例外。預設情況下，只會引發單一 ``Exception``：如果只有一個例外或所有錯誤訊息相同，則引發第一個例外，否則引發包含所有錯誤訊息的單一 ``OSError``。當 ``all_errors`` 為 ``True`` 時，將引發包含所有例外的 ``ExceptionGroup`` （即使只有一個例外）。,1,1,High,Exceptions,asyncio-eventloop.po
with the error messages combined. When,*all_errors* 決定在無法建立連線時會引發哪些例外。預設情況下，只會引發單一 ``Exception``：如果只有一個例外或所有錯誤訊息相同，則引發第一個例外，否則引發包含所有錯誤訊息的單一 ``OSError``。當 ``all_errors`` 為 ``True`` 時，將引發包含所有例外的 ``ExceptionGroup`` （即使只有一個例外）。,1,1,High,Exceptions,asyncio-eventloop.po
all_errors,*all_errors* 決定在無法建立連線時會引發哪些例外。預設情況下，只會引發單一 ``Exception``：如果只有一個例外或所有錯誤訊息相同，則引發第一個例外，否則引發包含所有錯誤訊息的單一 ``OSError``。當 ``all_errors`` 為 ``True`` 時，將引發包含所有例外的 ``ExceptionGroup`` （即使只有一個例外）。,1,1,High,Exceptions,asyncio-eventloop.po
Returns a :class:`Server` object.,回傳一個 :class:`Server` 物件。,1,1,Medium,Code Elements,asyncio-eventloop.po
file.tell() io.IOBase.tell,*offset* 告訴從哪裡開始讀取檔案。如果指定了，*count* 是要傳輸的總位元組數，而不是發送檔案直到達到 EOF。即使此方法引發錯誤時，檔案位置也始終更新，可以使用 :meth:`file.tell() <io.IOBase.tell>` 取得實際發送的位元組數。,1,1,Medium,Other,asyncio-eventloop.po
socket.recv() socket.socket.recv,從 *sock* 接收最多 *nbytes*。:meth:`socket.recv() <socket.socket.recv>` 的非同步版本。,1,1,Medium,Other,asyncio-eventloop.po
socket.recv_into() socket.socket.recv_into,從 *sock* 接收資料到 *buf* 緩衝區。仿照阻塞 :meth:`socket.recv_into() <socket.socket.recv_into>` 方法。,1,1,Medium,Other,asyncio-eventloop.po
socket.recvfrom() socket.socket.recvfrom,從 *sock* 接收最多 *bufsize* 大小的資料單元。:meth:`socket.recvfrom() <socket.socket.recvfrom>` 的非同步版本。,1,1,Medium,Other,asyncio-eventloop.po
socket.recvfrom_into() socket.socket.recvfrom_into,從 *sock* 接收最多 *nbytes* 大小的資料單元到 *buf*。:meth:`socket.recvfrom_into() <socket.socket.recvfrom_into>` 的非同步版本。,1,1,Medium,Other,asyncio-eventloop.po
socket.sendall() socket.socket.sendall,將 *data* 發送到 *sock* socket。:meth:`socket.sendall() <socket.socket.sendall>` 的非同步版本。,1,1,Medium,Other,asyncio-eventloop.po
socket.sendto() socket.socket.sendto,從 *sock* 向 *address* 發送一個資料單元。:meth:`socket.sendto() <socket.socket.sendto>` 的非同步版本。,1,1,Medium,Other,asyncio-eventloop.po
asyncio.open_connection() open_connection,:meth:`loop.create_connection` 和 :func:`asyncio.open_connection() <open_connection>`。,1,1,Medium,Other,asyncio-eventloop.po
socket.accept() socket.socket.accept,接受一個連線。模擬阻塞的 :meth:`socket.accept() <socket.socket.accept>` 方法。,1,1,Medium,Other,asyncio-eventloop.po
sendfile(),:meth:`socket.sendfile() <socket.socket.sendfile>` 的非同步版本。,1,1,Medium,Other,asyncio-eventloop.po
the default exception handler will be set.  Otherwise handler must be a callable with the signature matching,"如果 *handler* 是 ``None``，則將設置預設例外處理程式。否則，*handler* 必須是一個可呼叫物件，簽名匹配 ``(loop, context)``，其中 ``loop`` 是參照活躍事件迴圈的，``context`` 是包含例外詳細資訊的 ``dict`` 物件（有關情境的詳細資訊，請參閱 :meth:`call_exception_handler` 文件）。",1,1,High,Exceptions,asyncio-eventloop.po
object containing the details of the exception (see meth,"如果 *handler* 是 ``None``，則將設置預設例外處理程式。否則，*handler* 必須是一個可呼叫物件，簽名匹配 ``(loop, context)``，其中 ``loop`` 是參照活躍事件迴圈的，``context`` 是包含例外詳細資訊的 ``dict`` 物件（有關情境的詳細資訊，請參閱 :meth:`call_exception_handler` 文件）。",1,1,High,Exceptions,asyncio-eventloop.po
Default exception handler.,預設例外處理程式。,1,1,High,Exceptions,asyncio-eventloop.po
'message': Error message;,'message'：錯誤訊息；,1,1,High,Exceptions,asyncio-eventloop.po
the exception.,例外。,1,1,High,Exceptions,asyncio-eventloop.po
set_exception_handler,此方法不應在子類別事件迴圈中被覆寫。為了自定義例外處理，請使用 :meth:`set_exception_handler` 方法。,1,1,High,Exceptions,asyncio-eventloop.po
:class:`str`;,:class:`str`；,1,1,Medium,Code Elements,asyncio-eventloop.po
Server.start_serving(),*start_serving* 僅限關鍵字參數只能在 :meth:`loop.create_server` 和 :meth:`asyncio.start_server` 中使用，允許建立一個最初不接受連線的 Server 物件。在這種情況下，可以使用 ``Server.start_serving()`` 或 :meth:`Server.serve_forever` 來使 Server 開始接受連線。,1,1,Medium,Other,asyncio-eventloop.po
call_soon(),使用 call_soon() 的 Hello World 範例,1,1,Medium,Other,asyncio-eventloop.po
*encoding* and *errors* were added.,新增 *encoding* 與 *errors*。,1,1,High,Exceptions,subprocess.po
Raised on thread-specific errors.,在執行緒相關的錯誤發生時引發。,1,1,High,Exceptions,_thread.po
Added the optional *errors* parameter.,新增可選參數 *errors*。,1,1,High,Exceptions,fileinput.po
*exc_type*: Exception type.,*exc_type*：例外型別。,1,1,High,Exceptions,threading.po
local(),">>> mydata = local()
>>> mydata.number = 42
>>> mydata.number
42",1,1,Medium,Other,threading.po
squared(),">>> mydata.squared()
4",1,1,Medium,Other,threading.po
predicate(),"while not predicate():
    cv.wait()",1,1,Medium,Other,threading.po
wait(),"while not predicate():
    cv.wait()",1,1,Medium,Other,threading.po
object raises an exception on pickling. If an end user wants to pickle a,"``ZoneInfo.from_file(file_obj, /, key=None)``：當從檔案建構時，``ZoneInfo`` 物件在封裝時會引發例外。如果終端使用者想要封裝一個從檔案建構的 ``ZoneInfo``，建議他們使用包裝器型別或自訂序列化函式：可以按鍵序列化，或儲存檔案物件的內容並將其序列化。",1,1,High,Exceptions,zoneinfo.po
Complementary-Multiply-with-Carry recipe httpscode.activestate.comrecipes576707-long-period-random-number-generator,`進位互補乘法 (Complementary-Multiply-with-Carry) 用法 <https://code.activestate.com/recipes/576707-long-period-random-number-generator/>`_，可作為隨機數產生器的一個可相容替代方案，具有較長的週期和相對簡單的更新操作。,1,1,Medium,Other,random.po
int(random()n),:meth:`randrange` 在產生均勻分佈的值方面更為複雜。以前，它使用像 ``int(random()*n)`` 這樣的樣式，這可能會產生稍微不均勻的分佈。,1,1,Medium,Other,random.po
a  (b-a)  random(),終點值 ``b`` 可能包含在範圍內，也可能不包含在範圍內，取決於運算式 ``a + (b-a) * random()`` 中的浮點捨入。,1,1,Medium,Other,random.po
testmod(),"if __name__ == ""__main__"":
    import doctest
    doctest.testmod()",1,1,Medium,Other,doctest.po
policy.set_child_watcher() AbstractEventLoopPolicy.set_child_watcher,也不支援 :meth:`policy.set_child_watcher() <AbstractEventLoopPolicy.set_child_watcher>` 函式，:class:`ProactorEventLoop` 在監視子行程上有不同的機制。,1,1,Medium,Other,asyncio-platforms.po
print_stats(),"p.sort_stats(SortKey.NAME)
p.print_stats()",1,1,Medium,Other,profile.po
print_callees(),"p.print_callees()
p.add('restats')",1,1,Medium,Other,profile.po
:class:`profile.Profile`,:class:`profile.Profile`,1,1,Medium,Code Elements,profile.po
:class:`cProfile.Profile`,:class:`cProfile.Profile`,1,1,Medium,Code Elements,profile.po
StringIO(),"with redirect_stdout(io.StringIO()) as f:
    help(pow)
s = f.getvalue()",1,1,Medium,Other,contextlib.po
Example of ``AsyncContextDecorator``::,``AsyncContextDecorator`` 範例： ::,1,1,Medium,Code Elements,contextlib.po
so that the file created can be read and written without being closed.  Binary mode is used so that it behaves consistently on all platforms without regard for the data that is stored.  buffering encoding errors and newline are interpreted as for func,*mode* 參數預設為 ``'w+b'``，所以建立的檔案不用關閉就可以讀取或寫入。因為用的是二進位制模式，所以無論存的是什麼資料，它在所有平臺上的行為都一致。*buffering*、*encoding*、*errors* 和 *newline* 的含義與 :func:`open` 中的相同。,1,1,High,Exceptions,tempfile.po
Added *errors* parameter.,新增 *errors* 參數。,1,1,High,Exceptions,tempfile.po
Added *ignore_cleanup_errors* parameter.,新增 *ignore_cleanup_errors* 參數。,1,1,High,Exceptions,tempfile.po
os.popen(),如果 *dir* 不為 ``None`` 則在指定的目錄建立檔案，若為 ``None`` 則使用預設目錄。預設目錄是從一個相依於平臺的列表中選擇出來的，但是使用者可以設定 *TMPDIR*、*TEMP* 或 *TMP* 環境變數來設定目錄的位置。因此，不能保證生成的臨時檔案路徑是使用者友善的，比如透過 ``os.popen()`` 將路徑傳遞給外部命令時仍需要加引號 (quoting)。,1,1,Medium,Other,tempfile.po
Raise an error.,引發錯誤。,1,1,High,Exceptions,wave.po
wave.Error,注意在呼叫 :meth:`writeframes` 或 :meth:`writeframesraw` 之後設置任何參數都是無效的，任何嘗試這樣做的操作都會引發 :exc:`wave.Error`。,1,1,High,Exceptions,wave.po
ProductionClass().method,這個範例測試呼叫 ``ProductionClass().method`` 是否導致對 ``something`` 方法的呼叫：,1,1,Medium,Other,unittest.mock-examples.po
ProductionClass,下面是一個單純的 ``ProductionClass``，含有一個 ``closer`` 方法。如果它被傳入一個物件，它就會呼叫此物件中的 ``close``。,1,1,Medium,Other,unittest.mock-examples.po
mock.connection.cursor().execute(SELECT 1),"有時你想要 mock 更複雜的情況，例如 ``mock.connection.cursor().execute(""SELECT 1"")``。如果我們希望此呼叫回傳一個串列，那麼我們就必須配置巢狀呼叫的結果。",1,1,Medium,Other,unittest.mock-examples.po
.call_list(),正是對 ``.call_list()`` 的呼叫將我們的呼叫物件轉換為代表鍊接呼叫的呼叫串列。,1,1,Medium,Other,unittest.mock-examples.po
Mocking asynchronous iterators,Mock 非同步可疊代物件,1,1,Medium,Other,unittest.mock-examples.po
package.module.Class.attribute,mock 為此提供了三個方便的裝飾器：:func:`patch`、:func:`patch.object` 和 :func:`patch.dict`。``patch`` 接受單一字串，格式為 ``package.module.Class.attribute``，用來指定要 patch 的屬性。同時它也可以接受你想要替換的屬性（或類別或其他）的值。``patch.object`` 接受一個物件和你想要 patch 的屬性的名稱，同時也可以接受要 patch 的值。,1,1,Medium,Other,unittest.mock-examples.po
test_module.ClassName2,當你巢狀使用 patch 裝飾器時，mock 傳遞到被裝飾函式的順序會跟其被應用的順序相同（一般 *Python* 應用裝飾器的順序）。這意味著由下而上，因此在上面的範例中，``module.ClassName2`` 的 mock 會先被傳入。,1,1,Medium,Other,unittest.mock-examples.po
date.today(),當 ``date.today()`` 被呼叫時，一個已知日期會被回傳，但對 ``date(...)`` 建構函式的呼叫仍然會回傳正常日期。如果不這樣使用，你可能會發現自己必須使用與被測程式碼完全相同的演算法來計算預期結果，這是一個典型的測試的反面模式 (anti-pattern)。,1,1,Medium,Other,unittest.mock-examples.po
foo.iter(),要配置從疊代回傳的值（隱含在對 :class:`list` 的呼叫中），我們需要配置呼叫 ``foo.iter()`` 所回傳的物件。,1,1,Medium,Other,unittest.mock-examples.po
Generator Tricks for Systems Programmers httpwww.dabeaz.comgenerators,還有關於產生器運算式及產生器的更多 `進階用法 <http://www.dabeaz.com/coroutines/index.html>`_ ，但我們在這裡不考慮它們。一個關於產生器及其強大功能的優良說明是：`Generator Tricks for Systems Programmers <http://www.dabeaz.com/generators/>`_。,1,1,Medium,Other,unittest.mock-examples.po
. This can be fiddlier than you might think because if an exception is raised in the setUp then tearDown is not called. meth,"如果你使用這個技巧，你必須確保透過呼叫 ``stop`` 來 ""取消"" patch。這可能會比你想像的還要複雜一點，因為如果有例外在 ``setUp`` 中被引發，則 ``tearDown`` 就不會被呼叫。:meth:`unittest.TestCase.addCleanup` 會讓這稍微簡單一點： ::",1,1,High,Exceptions,unittest.mock-examples.po
patcher.stop(),這代表你可以使用 :func:`patch.dict` 來\ *暫時*\ 在 :data:`sys.modules` 中原地放置 mock。在這個 patch 作用時的任何 import 都會取得這個 mock。當 patch 完成時（被裝飾的函式結束、with 陳述式主體完成或 ``patcher.stop()`` 被呼叫），那麼之前在 ``sys.modules`` 中的任何內容都會被安全地復原。,1,1,Medium,Other,unittest.mock-examples.po
m.one().two().three(),儘管鍊接呼叫 ``m.one().two().three()`` 並不是對 mock 進行的唯一呼叫，斷言仍會成功。,1,1,Medium,Other,unittest.mock-examples.po
:mod:`!codeop` --- Compile Python code,:mod:`!codeop` --- 編譯 Python 程式碼,1,1,Medium,Code Elements,codeop.po
raise an exception than return a complex number. Also note that the functions defined in mod,請注意，函式的選擇與模組 :mod:`math` 的類似，但並不完全相同。擁有兩個模組的原因是有些用戶對複數不感興趣，甚至根本就不知道它們是什麼。他們寧願讓 ``math.sqrt(-1)`` 引發異常，也不願它回傳複數。另請注意， :mod:`cmath` 中所定義的函式始終都會回傳複數，即使答案可以表示為實數（在這種情況下，複數的虛部為零）。,1,1,High,Exceptions,cmath.po
The :func:`~os.unshare` function.,:func:`~os.unshare` 函式。,1,1,Medium,Code Elements,os.po
The :func:`~os.setns` function.,:func:`~os.setns` 函式。,1,1,Medium,Code Elements,os.po
Added support for :class:`bytes` paths.,新增對 :class:`bytes` 路徑的支援。,1,1,Medium,Code Elements,os.po
"Otherwise, raise a :exc:`ValueError`.",否則，引發 :exc:`ValueError`。,1,1,High,Exceptions,os.po
gethostname(),gethostname()（於 socket 模組）,1,1,Medium,Other,os.po
gethostbyaddr(),gethostbyaddr()（於 socket 模組）,1,1,Medium,Other,os.po
makedirs(),以及 os.makedirs(),1,1,Medium,Other,os.po
XMLGenerator,這個類別透過將 SAX 事件寫回 XML 文件來實作 :class:`~xml.sax.handler.ContentHandler` 介面。換句話說，使用 :class:`XMLGenerator` 作為內容處理器將會重現被剖析的原始文件。*out* 應該是類檔案物件，預設為 *sys.stdout*。*encoding* 是輸出串流的編碼，預設為 ``'iso-8859-1'``。*short_empty_elements* 控制不包含內容的元素的格式：如果設定為 ``False``\ （預設值），它們會以一對開始/結束（start/end）標籤的形式輸出；如果設定為 ``True``，它們會以單一自封（self-closed）標籤的形式輸出。,1,1,Medium,Other,xml.sax.utils.po
__class__ __doc__ __members__ __module__,"回傳 ``['__class__', '__doc__', '__members__', '__module__']`` 及 *cls* 的成員名稱： ::",1,1,Medium,Other,enum.po
__init__(),"``Weekday.__init__()`` 將被稱為 ``Weekday.__init__(self, 1, 'Mon')``",1,1,Medium,Other,enum.po
super().__new__,當寫自訂的 ``__new__`` 時，不要使用 ``super().__new__``，而是要呼叫適當的 ``__new__``。,1,1,Medium,Other,enum.po
repr() Enum.__repr__,:class:`!ReprEnum` 使用 :class:`Enum` 的 :meth:`repr() <Enum.__repr__>`，但使用混合資料型別的 :class:`str() <str>`：,1,1,Medium,Other,enum.po
str() Enum.__str__,繼承 :class:`!ReprEnum` 來保留混合資料型別的 :class:`str() <str>` / :func:`format`，而不是使用 :class:`Enum` 預設的 :meth:`str() <Enum.__str__>`。,1,1,Medium,Other,enum.po
SECOND  auto() -2,"``SECOND = auto(), -2`` 可以運作（auto 會被取代成 ``2``, 因此 ``2, -2`` 會被用來建立列舉成員 ``SECOND``；",1,1,Medium,Other,enum.po
THREE  auto() -3,"``THREE = [auto(), -3]`` *無法*\ 運作（\ ``<auto 實例>, -3`` 會被用來建立列舉成員 ``THREE``）",1,1,Medium,Other,enum.po
note below handlers-and-exceptions,如果處理程式引發例外，就會在主執行緒中「憑空」產生例外。請參閱\ :ref:`下面的說明 <handlers-and-exceptions>`。,1,1,High,Exceptions,signal.po
Bus error (bad memory access).,匯流排錯誤（記憶體存取不良）。,1,1,High,Exceptions,signal.po
BrokenPipeError Errno 32 Broken pipe,將程式的輸出管道化到 :manpage:`head(1)` 之類的工具，會在你的行程的標準輸出接收器提早關閉時，導致 :const:`SIGPIPE` 訊號傳送給你的行程。這會導致類似 :code:`BrokenPipeError: [Errno 32] Broken pipe` 的例外。要處理這種情況，請將你的進入點包裝成如下的樣子來捕捉這個例外： ::,1,1,High,Exceptions,signal.po
await coro(),當協程函式被呼叫而不是被等待時（即執行 ``coro()`` 而不是 ``await coro()``）或者協程沒有透過 :meth:`asyncio.create_task` 被排程，asyncio 將會發出 :exc:`RuntimeWarning`： ::,1,1,Medium,Other,asyncio-dev.po
token_urlsafe(),"import secrets
url = 'https://example.com/reset=' + secrets.token_urlsafe()",1,1,Medium,Other,secrets.po
module.ClassName1,當你巢狀使用 patch 裝飾器時，mock 傳遞到被裝飾函式的順序會跟其被應用的順序相同（一般 *Python* 應用裝飾器的順序）。這意味著由下而上，因此在上面的範例中，``module.ClassName1`` 的 mock 會先被傳入。,1,1,Medium,Other,unittest.mock.po
mock(),``mock()`` 的結果是一個非同步函式，在它被等待後將具有 ``side_effect`` 或 ``return_value`` 的結果：,1,1,Medium,Other,unittest.mock.po
MagicMock(),">>> mock = MagicMock()
>>> mock.name = ""foo""",1,1,Medium,Other,unittest.mock.po
package.module.ClassName,*target* 應該是以 ``'package.module.ClassName'`` 形式出現的字串。*target* 會被引入並用 *new* 物件替換指定的物件，因此 *target* 必須可從你呼叫 :func:`patch` 的環境中引入。target 在執行被裝飾的函式時被引入，而不是在裝飾器作用時 (decoration time)。,1,1,Medium,Other,unittest.mock.po
. This can be fiddlier than you might think because if an exception is raised in the,"如果你使用這個技巧，你必須確保透過呼叫 ``stop`` 來 ""取消"" patch。這可能會比你想像的還要複雜一點，因為如果有例外在 ``setUp`` 中被引發，則 ``tearDown`` 就不會被呼叫。:meth:`unittest.TestCase.addCleanup` 會讓這稍微簡單一點： ::",1,1,High,Exceptions,unittest.mock.po
@patch('b.SomeClass'),@patch('b.SomeClass'),1,1,Medium,Other,unittest.mock.po
from a import SomeClass,然而，考慮另一種情況，其中模組 b 並不是使用 ``from a import SomeClass``，而是 ``import a``，然後 ``some_function`` 使用 ``a.SomeClass``。這兩種 import 形式都很常見。在這種情況下，我們想要 patch 的類別正在其模組中被查找，因此我們必須 patch ``a.SomeClass``： ::,1,1,Medium,Other,unittest.mock.po
@patch('a.SomeClass'),@patch('a.SomeClass'),1,1,Medium,Other,unittest.mock.po
``__int__``: ``1``,``__int__``：``1``,1,1,Medium,Code Elements,unittest.mock.po
any currently playing waveform sound is stopped. If the system indicates an error exc,呼叫平台 API 中底層的 :c:func:`!PlaySound` 函式。*sound* 參數可以是檔案名稱、系統音效別名、作為 :term:`bytes-like object` 的音訊資料，或 ``None``。其直譯方式取決於 *flags* 的值，該值可以是以下所述常數的位元 OR 組合。若 *sound* 為 ``None``，則會停止任何正在播放的波形音效。若系統回報錯誤，則會引發 :exc:`RuntimeError`。,1,1,High,Exceptions,winsound.po
produces a simple beep this is the final fallback if a sound cannot be played otherwise.  If the system indicates an error exc,呼叫平台 API 中底層的 :c:func:`!MessageBeep` 函式。此函式會播放登錄檔中指定的音效。*type* 引數指定要播放的音效類型，可接受的值包括 ``-1``、``MB_ICONASTERISK``、``MB_ICONEXCLAMATION``、``MB_ICONHAND``、``MB_ICONQUESTION`` 與 ``MB_OK``，這些皆會在下文中說明。數值 ``-1`` 會產生「簡單嗶聲」，當無法播放其他音效時即作為最終退路。若系統回報錯誤，則會引發 :exc:`RuntimeError`。,1,1,High,Exceptions,winsound.po
:mod:`!dataclasses` --- Data Classes,:mod:`!dataclasses` --- Data Classes,1,1,Medium,Code Elements,dataclasses.po
dictConfigClass,"def dictConfig(config):
    dictConfigClass(config).configure()",1,1,Medium,Other,logging.config.po
is the exception object to be raised normally a class,一個 ``raise`` 陳述式。``exc`` 是要引發的例外物件，通常是 :class:`Call` 或 :class:`Name`，若是獨立的 ``raise`` 則為 ``None``。``cause`` 是 ``raise x from y`` 中的可選部分 ``y``。,1,1,High,Exceptions,ast.po
is the exception type it will match typically a class,單個 ``except`` 子句。``type`` 是會被匹配的例外型別，通常是一個 :class:`Name` 節點（或者 ``None`` 表示會捕捉到所有例外的 ``except:`` 子句）。``name`` 是用於保存例外的名稱之原始字串，如果子句沒有 ``as foo`` ，則為 ``None``。``body`` 是節點串列。,1,1,High,Exceptions,ast.po
is a raw string for the name to hold the exception or,單個 ``except`` 子句。``type`` 是會被匹配的例外型別，通常是一個 :class:`Name` 節點（或者 ``None`` 表示會捕捉到所有例外的 ``except:`` 子句）。``name`` 是用於保存例外的名稱之原始字串，如果子句沒有 ``as foo`` ，則為 ``None``。``body`` 是節點串列。,1,1,High,Exceptions,ast.po
``args`` is an :class:`arguments` node.,``args`` 是一個 :class:`arguments` 節點。,1,1,Medium,Code Elements,ast.po
nodes principally for metaclass. Other keywords will be passed to the metaclass as per pep,``keywords`` 是一個 :class:`.keyword` 節點的串列，主要用於 'metaclass'（元類別）。如 :pep:`3115` 所述，其他關鍵字將被傳遞到 metaclass。,1,1,Medium,Other,ast.po
.  This will report syntax errors for misplaced type comments.  Without this flag type comments will be ignored and the,如果給定 ``type_comments=True``，剖析器將被修改為檢查並回傳 :pep:`484` 和 :pep:`526` 指定的型別註釋。這相當於將 :data:`ast.PyCF_TYPE_COMMENTS` 新增到傳遞給 :func:`compile` 的旗標中。這將報告錯誤型別註釋的語法錯誤。如果沒有此旗標，型別註釋將被忽略，並且所選 AST 節點上的 ``type_comment`` 欄位將始終為 ``None``。此外，``# type: ignore`` 註釋的位置將作為 :class:`Module` 的 ``type_ignores`` 屬性回傳（否則它始終是一個空串列）。,1,1,High,Exceptions,ast.po
ClassDef,回傳給定 *node* 的文件字串 (docstring)（必須是 :class:`FunctionDef`、:class:`AsyncFunctionDef`、:class:`ClassDef` 或 :class:`Module` 節點）或如果它沒有文件字串則為 ``None``。如果 *clean* 為 true，則使用 :func:`inspect.cleandoc` 清理文件字串的縮排。,1,1,Medium,Other,ast.po
YourTransformer(),node = YourTransformer().visit(node),1,1,Medium,Other,ast.po
attribute on each instance be a mutable mapping. This means it will not work with some types such as metaclasses (since the,此外，此裝飾器要求每個實例上的 ``__dict__`` 屬性是可變對映 (mutable mapping)。這意味著它不適用於某些型別，例如元類別 (metaclass)（因為型別實例上的 ``__dict__`` 屬性是類別命名空間的唯讀代理），以及那些指定 ``__slots__`` 而不包含 ``__dict__`` 的型別作為有定義的插槽之一（因為此種類別根本不提供 ``__dict__`` 屬性）。,1,1,Medium,Other,functools.po
dispatch(),若要檢查泛型函式將為給定型別選擇哪種實作，請使用 ``dispatch()`` 屬性： ::,1,1,Medium,Other,functools.po
staticmethodstaticmethod,相同的模式可用於其他類似的裝飾器：:func:`@staticmethod<staticmethod>`、:func:`@abstractmethod<abc.abstractmethod>` 等。,1,1,Medium,Other,functools.po
extractall(),"my_tarfile.extraction_filter = tarfile.data_filter
my_tarfile.extractall()",1,1,Medium,Other,tarfile.po
rand(),">>> print(libc.rand())
1804289383",1,1,Medium,Other,ctypes.po
:c:expr:`__int64` or :c:expr:`long long`,:c:expr:`__int64` 或 :c:expr:`long long`,1,1,Medium,Code Elements,ctypes.po
ctypes.get_last_error,引發一個不附帶引數的\ :ref:`稽核事件 <auditing>` ``ctypes.get_last_error``。,1,1,High,Exceptions,ctypes.po
ctypes.set_last_error,引發一個附帶引數 ``error`` 的\ :ref:`稽核事件 <auditing>` ``ctypes.set_last_error``。,1,1,High,Exceptions,ctypes.po
``await`` :func:`sleep`,``await`` :func:`sleep`,1,1,Medium,Code Elements,asyncio-api-index.po
``await`` :func:`gather`,``await`` :func:`gather`,1,1,Medium,Code Elements,asyncio-api-index.po
``await`` :func:`wait_for`,``await`` :func:`wait_for`,1,1,Medium,Code Elements,asyncio-api-index.po
``await`` :func:`shield`,``await`` :func:`shield`,1,1,Medium,Code Elements,asyncio-api-index.po
``await`` :func:`wait`,``await`` :func:`wait`,1,1,Medium,Code Elements,asyncio-api-index.po
Using asyncio.gather() to run things in parallel asyncio_example_gather,:ref:`使用 asyncio.gather() 平行 (parallel) 執行 <asyncio_example_gather>`。,1,1,Medium,Other,asyncio-api-index.po
wait_for(),:ref:`使用 asyncio.wait_for() 強制設置超時 <asyncio_example_waitfor>`。,1,1,Medium,Other,asyncio-api-index.po
sleep(),:ref:`使用 asyncio.sleep() <asyncio_example_sleep>`。,1,1,Medium,Other,asyncio-api-index.po
``await`` :func:`create_subprocess_exec`,``await`` :func:`create_subprocess_exec`,1,1,Medium,Code Elements,asyncio-api-index.po
``await`` :func:`open_connection`,``await`` :func:`open_connection`,1,1,Medium,Code Elements,asyncio-api-index.po
``await`` :func:`open_unix_connection`,``await`` :func:`open_unix_connection`,1,1,Medium,Code Elements,asyncio-api-index.po
``await`` :func:`start_server`,``await`` :func:`start_server`,1,1,Medium,Code Elements,asyncio-api-index.po
``await`` :func:`start_unix_server`,``await`` :func:`start_unix_server`,1,1,Medium,Code Elements,asyncio-api-index.po
:exc:`asyncio.CancelledError`,:exc:`asyncio.CancelledError`,1,1,High,Exceptions,asyncio-api-index.po
:exc:`asyncio.BrokenBarrierError`,:exc:`asyncio.BrokenBarrierError`,1,1,High,Exceptions,asyncio-api-index.po
BrokenBarrierError,:exc:`asyncio.BrokenBarrierError`,1,1,High,Exceptions,asyncio-api-index.po
Handling CancelledError to run code on cancellation request asyncio_example_task_cancel,:ref:`在取消請求發生的程式中處理 CancelledError 例外 <asyncio_example_task_cancel>`。,1,1,High,Exceptions,asyncio-api-index.po
asyncio-specific exceptions asyncio-exceptions,請參閱 :ref:`asyncio 專用例外 <asyncio-exceptions>`\ 完整列表。,1,1,High,Exceptions,asyncio-api-index.po
__aenter__(),"STACK.extend((__aexit__, __aenter__())",1,1,Medium,Other,dis.po
``INTRINSIC_ASYNC_GEN_WRAP``,``INTRINSIC_ASYNC_GEN_WRAP``,1,1,Medium,Code Elements,dis.po
list.insert(),在 *a* 當中找到一個位置，讓 *x* 插入後 *a* 仍然是排序好的。參數 *lo* 和 *hi* 用來指定 list 中應該被考慮的子區間，預設是考慮整個 list 。如果 *a* 裡面已經有 *x* 出現，插入的位置會在所有 *x* 的前面（左邊）。回傳值可以被當作 ``list.insert()`` 的第一個參數，但列表 *a* 必須先排序過。,1,1,Medium,Other,bisect.po
OptionParser(),"from optparse import OptionParser
...
parser = OptionParser()",1,1,Medium,Other,optparse.po
OptionValueError,"from copy import copy
from optparse import Option, OptionValueError",1,1,High,Exceptions,optparse.po
localtime(),msg['Date'] = utils.localtime(),1,1,Medium,Other,email.headerregistry.po
QueryPerformanceCounter(),在 Windows 上，呼叫 ``QueryPerformanceCounter()`` 和 ``QueryPerformanceFrequency()``。,1,1,Medium,Other,time.po
QueryPerformanceFrequency(),在 Windows 上，呼叫 ``QueryPerformanceCounter()`` 和 ``QueryPerformanceFrequency()``。,1,1,Medium,Other,time.po
strftime(),僅支援文件中指定的指令。由於 ``strftime()`` 是根據每個平台實作的，有時它可以提供比列出的還要更多的指令。但是 ``strptime()`` 與任何平台無關，因此不一定支援所有未記載為支援的指令。,1,1,Medium,Other,time.po
strptime(),僅支援文件中指定的指令。由於 ``strftime()`` 是根據每個平台實作的，有時它可以提供比列出的還要更多的指令。但是 ``strptime()`` 與任何平台無關，因此不一定支援所有未記載為支援的指令。,1,1,Medium,Other,time.po
GetSystemTimeAsFileTime(),在 Windows 上，呼叫 ``GetSystemTimePreciseAsFileTime()`` 而不是 ``GetSystemTimeAsFileTime()``。,1,1,Medium,Other,time.po
settimeofday(),這允許應用程式取得一個能夠感知暫停的單調時鐘，而無需處理 :data:`CLOCK_REALTIME` 的複雜情況，後者在使用 ``settimeofday()`` 或類似函式更改時間時可能會出現不連續的情況。,1,1,Medium,Other,time.po
tut-userexceptions,可以從內建的例外類別定義新的例外子類別；程式設計師被鼓勵從 :exc:`Exception` 類別或其子類別衍生新的例外，而不是從 :exc:`BaseException` 來衍生。更多關於定義例外的資訊可以在 Python 教學中的\ :ref:`tut-userexceptions`\ 裡取得。,1,1,High,Exceptions,exceptions.po
on the raised exception. Setting attr,在 :keyword:`from<raise>` 後面的運算式必須是一個例外或 ``None``。它將會被設定成所引發例外的 :attr:`!__cause__`。設定 :attr:`!__cause__` 也隱含地設定 :attr:`!__suppress_context__` 屬性為 ``True``，因此使用 ``raise new_exc from None`` 實際上會以新的例外取代舊的例外以利於顯示（例如轉換 :exc:`KeyError` 為 :exc:`AttributeError`），同時保持舊的例外可以透過 :attr:`!__context__` 取得以方便 debug 的時候檢查。,1,1,High,Exceptions,exceptions.po
effectively replaces the old exception with the new one for display purposes (e.g. converting exc,在 :keyword:`from<raise>` 後面的運算式必須是一個例外或 ``None``。它將會被設定成所引發例外的 :attr:`!__cause__`。設定 :attr:`!__cause__` 也隱含地設定 :attr:`!__suppress_context__` 屬性為 ``True``，因此使用 ``raise new_exc from None`` 實際上會以新的例外取代舊的例外以利於顯示（例如轉換 :exc:`KeyError` 為 :exc:`AttributeError`），同時保持舊的例外可以透過 :attr:`!__context__` 取得以方便 debug 的時候檢查。,1,1,High,Exceptions,exceptions.po
) while leaving the old exception available in attr,在 :keyword:`from<raise>` 後面的運算式必須是一個例外或 ``None``。它將會被設定成所引發例外的 :attr:`!__cause__`。設定 :attr:`!__cause__` 也隱含地設定 :attr:`!__suppress_context__` 屬性為 ``True``，因此使用 ``raise new_exc from None`` 實際上會以新的例外取代舊的例外以利於顯示（例如轉換 :exc:`KeyError` 為 :exc:`AttributeError`），同時保持舊的例外可以透過 :attr:`!__context__` 取得以方便 debug 的時候檢查。,1,1,High,Exceptions,exceptions.po
Objectsexceptions.c,為了效率，大部分的內建例外使用 C 來實作，參考 :source:`Objects/exceptions.c`。一些例外有客製化的記憶體佈局，使其不可能建立一個繼承多種例外型別的子類別。型別的記憶體佈局是實作細節且可能會在不同 Python 版本間改變，造成未來新的衝突。因此，總之建議避免繼承多種例外型別。,1,1,High,Exceptions,exceptions.po
to the exceptions notes which appear in the standard traceback after the exception string. A exc,新增字串 ``note`` 到例外的備註，在標準的回溯裡，備註出現在例外字串的後面。如果 ``note`` 不是字串則引發 :exc:`TypeError`。,1,1,High,Exceptions,exceptions.po
handlers-and-exceptions,捕捉 :exc:`KeyboardInterrupt` 需要特殊的考量。因為它可以在無法預期的時間點被引發，可能在某些情況下讓正在跑的程式處在一個不一致的狀態。一般來說最好讓 :exc:`KeyboardInterrupt` 越快結束程式越好，或者完全避免引發它。（參考 :ref:`handlers-and-exceptions`。）,1,1,High,Exceptions,exceptions.po
winerror,在 Windows 下，如果建構函式引數 *winerror* 是整數，則 :attr:`.errno` 屬性會根據該 Windows 錯誤代碼來決定，且 *errno* 引數會被忽略。在其他平台上，*winerror* 引數會被忽略，而 :attr:`winerror` 屬性會不存在。,1,1,High,Exceptions,exceptions.po
perror,作業系統提供的對應錯誤訊息。在 POSIX 下會使用 C 函式 :c:func:`perror` 做格式化，而在 Windows 下會使用 :c:func:`FormatMessage`。,1,1,High,Exceptions,exceptions.po
EnvironmentError,:exc:`EnvironmentError`、:exc:`IOError`、:exc:`WindowsError`、:exc:`socket.error`、:exc:`select.error` 及 :exc:`mmap.error` 已合併進 :exc:`OSError`，而建構函式可能會回傳子類別。,1,1,High,Exceptions,exceptions.po
WindowsError,:exc:`EnvironmentError`、:exc:`IOError`、:exc:`WindowsError`、:exc:`socket.error`、:exc:`select.error` 及 :exc:`mmap.error` 已合併進 :exc:`OSError`，而建構函式可能會回傳子類別。,1,1,High,Exceptions,exceptions.po
select.error,:exc:`EnvironmentError`、:exc:`IOError`、:exc:`WindowsError`、:exc:`socket.error`、:exc:`select.error` 及 :exc:`mmap.error` 已合併進 :exc:`OSError`，而建構函式可能會回傳子類別。,1,1,High,Exceptions,exceptions.po
mmap.error,:exc:`EnvironmentError`、:exc:`IOError`、:exc:`WindowsError`、:exc:`socket.error`、:exc:`select.error` 及 :exc:`mmap.error` 已合併進 :exc:`OSError`，而建構函式可能會回傳子類別。,1,1,High,Exceptions,exceptions.po
from __future__ import generator_stop,透過 ``from __future__ import generator_stop`` 引入 RuntimeError 的轉換，參考 :pep:`479`。,1,1,Medium,Other,exceptions.po
and it can wrap any exception while exc,這兩個例外型別都將例外包裝在序列 ``excs`` 中。``msg`` 參數必須是字串。這兩個類別的差異是 :exc:`BaseExceptionGroup` 擴充了 :exc:`BaseException` 且可以包裝任何例外，而 :exc:`ExceptionGroup` 擴充了 :exc:`Exception` 且只能包裝 :exc:`Exception` 的子類別。這個設計使得 ``except Exception`` 可以捕捉 :exc:`ExceptionGroup` 但不能捕捉 :exc:`BaseExceptionGroup`。,1,1,High,Exceptions,exceptions.po
except Exception,這兩個例外型別都將例外包裝在序列 ``excs`` 中。``msg`` 參數必須是字串。這兩個類別的差異是 :exc:`BaseExceptionGroup` 擴充了 :exc:`BaseException` 且可以包裝任何例外，而 :exc:`ExceptionGroup` 擴充了 :exc:`Exception` 且只能包裝 :exc:`Exception` 的子類別。這個設計使得 ``except Exception`` 可以捕捉 :exc:`ExceptionGroup` 但不能捕捉 :exc:`BaseExceptionGroup`。,1,1,High,Exceptions,exceptions.po
iter_modules(),僅適用於有定義 ``iter_modules()`` 方法的 :term:`finder`。此介面並非是標準的，因此該模組還提供了 :class:`importlib.machinery.FileFinder` 和 :class:`zipimport.zipimporter` 的實作。,1,1,Medium,Other,pkgutil.po
A subclass of :exc:`RuntimeError`.,一個 :exc:`RuntimeError` 的子類別。,1,1,High,Exceptions,asyncio-exceptions.po
socket(),socket() (於 socket 模組),1,1,Medium,Other,select.po
.write(),參考這個 :ref:`Python-to-JSON 轉換表 <py-to-json-table>`\ 將 *obj* 序列化為符合 JSON 格式的串流，並寫入到 *fp* （一個支援 ``.write()`` 方法的 :term:`file-like object`）,1,1,Medium,Other,json.po
:func:`importlib.util.module_from_spec`,:func:`importlib.util.module_from_spec`,1,1,Medium,Code Elements,types.po
bytes(),對 :class:`Header` 物件呼叫 ``bytes()`` 會回傳適合作為 HTTP 傳輸回應標頭的格式化的位元組字串。每個標頭都與其值一起置於一行上，由冒號與空格分隔。每行以回車（carriage return）和換行（line feed）結束，而該位元組字串則以空行結束。,1,1,Medium,Other,wsgiref.po
tuple and RequestHandlerClass should be the subclass of class,"建立一個 :class:`WSGIServer` 實例。*server_address* 應該是一個 ``(host, port)`` 元組，而 *RequestHandlerClass* 應該是 :class:`http.server.BaseHTTPRequestHandler` 的子類別，將用於處理請求。",1,1,Medium,Other,wsgiref.po
CGIHandler().run(app),這是基於 CGI 的呼叫方式並透過 ``sys.stdin``、``sys.stdout``、``sys.stderr`` 和 ``os.environ``。當你擁有一個 WSGI 應用程式並希望將其作為 CGI 腳本運行時是很有用的。只需叫用 ``CGIHandler().run(app)``，其中 ``app`` 是你希望叫用的 WSGI 應用程式物件。,1,1,Medium,Other,wsgiref.po
IISCGIHandler().run(app),CGI 程式碼無法知道是否已設置該選項，因此提供了一個獨立的處理程式（handler）類別。它的使用方式與 :class:`CGIHandler` 相同，即透過呼叫 ``IISCGIHandler().run(app)`` 來使用，其中 ``app`` 是你希望叫用的 WSGI 應用程式物件。,1,1,Medium,Other,wsgiref.po
wsgiref.types.ErrorStream,回傳一個與 :class:`~wsgiref.types.ErrorStream` 相容的物件並適用於用作目前正在處理請求的 ``wsgi.errors``。,1,1,High,Exceptions,wsgiref.po
log_exception,預設的 :meth:`log_exception` 方法追蹤輸出中包含的最大幀數 。如果為 ``None``，則包含所有幀。,1,1,High,Exceptions,wsgiref.po
sys.exception(),"此方法使用 ``sys.exception()`` 存取目前的錯誤，當呼叫它（如 :pep:`3333` 的 ""Error Handling"" 部分所描述）時應該傳遞資訊給 *start_response*。特別是 *start_response* 可呼叫物件應該遵循 :class:`.StartResponse` 協定。",1,1,High,Exceptions,wsgiref.po
and should pass that information to start_response when calling it (as described in the Error Handling section of pep,"此方法使用 ``sys.exception()`` 存取目前的錯誤，當呼叫它（如 :pep:`3333` 的 ""Error Handling"" 部分所描述）時應該傳遞資訊給 *start_response*。特別是 *start_response* 可呼叫物件應該遵循 :class:`.StartResponse` 協定。",1,1,High,Exceptions,wsgiref.po
error_status,預設的實作只是使用 :attr:`error_status`、:attr:`error_headers` 和 :attr:`error_body` 屬性產生輸出頁面。子類別可以覆蓋此方法以生成更動態的錯誤輸出。,1,1,High,Exceptions,wsgiref.po
error_headers,預設的實作只是使用 :attr:`error_status`、:attr:`error_headers` 和 :attr:`error_body` 屬性產生輸出頁面。子類別可以覆蓋此方法以生成更動態的錯誤輸出。,1,1,High,Exceptions,wsgiref.po
error_body,預設的實作只是使用 :attr:`error_status`、:attr:`error_headers` 和 :attr:`error_body` 屬性產生輸出頁面。子類別可以覆蓋此方法以生成更動態的錯誤輸出。,1,1,High,Exceptions,wsgiref.po
start_response() 3333the-start-response-callable,一個描述 :pep:`start_response() <3333#the-start-response-callable>` 可呼叫物件的 :class:`typing.Protocol` (:pep:`3333`)。,1,1,Medium,Other,wsgiref.po
WSGI Input Stream 3333input-and-error-streams,一個描述 :pep:`WSGI 輸入串流 <3333#input-and-error-streams>`\ 的 :class:`typing.Protocol`。,1,1,High,Exceptions,wsgiref.po
WSGI Error Stream 3333input-and-error-streams,一個描述 :pep:`WSGI 錯誤串流 <3333#input-and-error-streams>`\ 的 :class:`typing.Protocol`。,1,1,High,Exceptions,wsgiref.po
import pdb; pdb.set_trace(),import pdb; pdb.set_trace(),1,1,Medium,Other,pdb.po
import pdb pdb.set_trace(),當使用預設值呼叫時，可以使用內建的 :func:`breakpoint` 來取代 ``import pdb; pdb.set_trace()``。,1,1,Medium,Other,pdb.po
double(),"> ...(2)double()
-> breakpoint()
(Pdb) p x
3
(Pdb) continue
3 * 2 is 6",1,1,Medium,Other,pdb.po
Support for exception objects was added.,新增對例外物件的支援。,1,1,High,Exceptions,pdb.po
:class:`Pdb` is the debugger class.,:class:`Pdb` 是偵錯器類別。,1,1,Medium,Code Elements,pdb.po
encoding and executed as if it had been typed at the debugger prompt with the exception that empty lines and lines starting with,如果 :file:`.pdbrc` 檔案存在於使用者的家目錄或目前目錄中，則會使用 ``'utf-8'`` 編碼讀取並執行該檔案，就像在偵錯器提示字元下鍵入該檔案一樣，除了空列和以 ``#`` 開頭的列會被忽略之外。這對於別名設定特別有用。如果兩個檔案都存在，則先讀取家目錄中的檔案，且定義於其中的別名可以被本地檔案覆蓋。,1,1,High,Exceptions,pdb.po
.  If an exception is being debugged the line where the exception was originally raised or propagated is indicated by,目前 frame 中的目前列會用 ``->`` 標記出來。如果正在偵錯一個例外，且引發或傳遞該例外的那一列不是目前列，則會用 ``>>`` 來標記該列。,1,1,High,Exceptions,pdb.po
List or jump between chained exceptions.,列出鏈接例外 (chained exceptions)，或在其間跳轉。,1,1,High,Exceptions,pdb.po
with a chained exception instead of a traceback it allows the user to move between the chained exceptions using,當使用 ``pdb.pm()`` 或 ``Pdb.post_mortem(...)`` 於鏈接例外而不是回溯時，它允許使用者在鏈接例外之間移動，使用 ``exceptions`` 命令以列出例外，並使用 ``exceptions <number>`` 切換到該例外。,1,1,High,Exceptions,pdb.po
command to list exceptions and,當使用 ``pdb.pm()`` 或 ``Pdb.post_mortem(...)`` 於鏈接例外而不是回溯時，它允許使用者在鏈接例外之間移動，使用 ``exceptions`` 命令以列出例外，並使用 ``exceptions <number>`` 切換到該例外。,1,1,High,Exceptions,pdb.po
exceptions number,當使用 ``pdb.pm()`` 或 ``Pdb.post_mortem(...)`` 於鏈接例外而不是回溯時，它允許使用者在鏈接例外之間移動，使用 ``exceptions`` 命令以列出例外，並使用 ``exceptions <number>`` 切換到該例外。,1,1,High,Exceptions,pdb.po
pm(),呼叫 ``pdb.pm()`` 將允許在例外之間移動： ::,1,1,Medium,Other,pdb.po
array.buffer_info()1  array.itemsize,"回傳一個 tuple ``(address, length)`` 表示目前的記憶體位置和陣列儲存元素的緩衝區記憶體長度。緩衝區的長度單位是位元組，並可以用 ``array.buffer_info()[1] * array.itemsize`` 計算得到。這偶爾會在底層操作需要記憶體位置的輸出輸入時很有用，例如 :c:func:`!ioctl` 指令。只要陣列存在且沒有使用任何更改長度的操作時，回傳的數值就有效。",1,1,Medium,Other,array.po
Raised for module specific errors.,引發針對特定模組的錯誤。,1,1,High,Exceptions,copy.po
__copy__(),__copy__() （複製協定）,1,1,Medium,Other,copy.po
__copy__,__copy__() （複製協定）,1,1,Medium,Other,copy.po
__deepcopy__(),__deepcopy__() （複製協定）,1,1,Medium,Other,copy.po
__replace__(),__replace__() （取代協定）,1,1,Medium,Other,copy.po
__replace__,__replace__() （取代協定）,1,1,Medium,Other,copy.po
read_bytes(),files(anchor).joinpath(*path_names).read_bytes(),1,1,Medium,Other,importlib.resources.po
is_file(),files(anchor).joinpath(*path_names).is_file(),1,1,Medium,Other,importlib.resources.po
-W error -W,使用 :option:`-W error <-W>` 命令列選項或將 :envvar:`PYTHONWARNINGS` 環境變數設為 ``error`` 會將警告視為錯誤。,1,1,High,Exceptions,devmode.po
error. A file descriptor must be closed only once. In the worst case scenario closing it twice can lead to a crash (see issue,``os.close(fp.fileno())`` 會關閉檔案描述器。當檔案物件最終化函式 (finalizer) 嘗試再次關閉檔案描述器時，它會失敗並出現 ``Bad file descriptor`` 錯誤。檔案描述器只能關閉一次。在最壞的情況下，將它關閉兩次可能會導致崩潰 (crash)（相關範例請參閱 :issue:`18748`）。,1,1,High,Exceptions,devmode.po
exception if value has (or contains an object that has) an unsupported type. ref,"回傳將透過 ``dump(value, file)`` 來被寫入一個檔案的位元組串物件，其值必須是有支援的型別，如果值（或其包含的任一物件）為不支援的型別則會引發 :exc:`ValueError`。:ref:`程式碼物件 <code-objects>`\ 只有在 *allow_code* 為 true 時才會支援。",1,1,High,Exceptions,marshal.po
The :func:`.__import__` function,:func:`.__import__` 函式,1,1,Medium,Code Elements,importlib.po
:attr:`module.__name__`,:attr:`module.__name__`,1,1,Medium,Code Elements,importlib.po
:attr:`module.__file__`,:attr:`module.__file__`,1,1,Medium,Code Elements,importlib.po
:attr:`module.__cached__` *(deprecated)*,:attr:`module.__cached__` *（已棄用）*,1,1,Medium,Code Elements,importlib.po
:attr:`module.__path__`,:attr:`module.__path__`,1,1,Medium,Code Elements,importlib.po
:attr:`module.__loader__` *(deprecated)*,:attr:`module.__loader__` *（已棄用）*,1,1,Medium,Code Elements,importlib.po
. This means exceptions in the main thread must be caught and handled in order to signal threads to exit gracefully. For this reason it is recommended that,所有排隊到 ``ThreadPoolExecutor`` 的執行緒都將在直譯器退出之前加入。請注意，執行此操作的退出處理程式會在任何使用 ``atexit`` 新增的退出處理程式\ *之前*\ 執行。這意味著必須捕獲並處理主執行緒中的例外，以便向執行緒發出訊號來正常退出 (gracefully exit)。因此，建議不要將 ``ThreadPoolExecutor`` 用於長時間運行的任務。,1,1,High,Exceptions,concurrent.futures.po
min(32 os.cpu_count()  4),"*max_workers* 的預設值改為 ``min(32, os.cpu_count() + 4)``。此預設值為 I/O 密集任務至少保留了 5 個 worker。它最多使用 32 個 CPU 核心來執行CPU 密集任務，以釋放 GIL。並且它避免了在多核機器上隱晦地使用非常大量的資源。",1,1,Medium,Other,concurrent.futures.po
.CancelledError,如果 future 在完成之前被取消，那麼 :exc:`.CancelledError` 將被引發。,1,1,High,Exceptions,concurrent.futures.po
concurrent.futures.InvalidStateError,如果 :class:`Future` 已經完成，此方法會引發 :exc:`concurrent.futures.InvalidStateError`。,1,1,High,Exceptions,concurrent.futures.po
TextWrapper(),"wrapper = TextWrapper()
wrapper.initial_indent = ""* """,1,1,Medium,Other,textwrap.po
:class:`.HTMLParser` Methods,:class:`.HTMLParser` 方法,1,1,Medium,Code Elements,html.parser.po
median(),有些資料集使用 ``NaN`` （非數）來表示缺漏的資料。由於 NaN 具有特殊的比較語義，在排序資料或是統計出現次數的統計函數中，會引發意料之外或是未定義的行為。受影響的函數包含 ``median()``、``median_low()``、 ``median_high()``、 ``median_grouped()``、 ``mode()``、 ``multimode()`` 以及 ``quantiles()``。在呼叫這些函數之前，應該先移除 NaN 值：,1,1,Medium,Other,statistics.po
median_low(),有些資料集使用 ``NaN`` （非數）來表示缺漏的資料。由於 NaN 具有特殊的比較語義，在排序資料或是統計出現次數的統計函數中，會引發意料之外或是未定義的行為。受影響的函數包含 ``median()``、``median_low()``、 ``median_high()``、 ``median_grouped()``、 ``mode()``、 ``multimode()`` 以及 ``quantiles()``。在呼叫這些函數之前，應該先移除 NaN 值：,1,1,Medium,Other,statistics.po
median_high(),有些資料集使用 ``NaN`` （非數）來表示缺漏的資料。由於 NaN 具有特殊的比較語義，在排序資料或是統計出現次數的統計函數中，會引發意料之外或是未定義的行為。受影響的函數包含 ``median()``、``median_low()``、 ``median_high()``、 ``median_grouped()``、 ``mode()``、 ``multimode()`` 以及 ``quantiles()``。在呼叫這些函數之前，應該先移除 NaN 值：,1,1,Medium,Other,statistics.po
median_grouped(),有些資料集使用 ``NaN`` （非數）來表示缺漏的資料。由於 NaN 具有特殊的比較語義，在排序資料或是統計出現次數的統計函數中，會引發意料之外或是未定義的行為。受影響的函數包含 ``median()``、``median_low()``、 ``median_high()``、 ``median_grouped()``、 ``mode()``、 ``multimode()`` 以及 ``quantiles()``。在呼叫這些函數之前，應該先移除 NaN 值：,1,1,Medium,Other,statistics.po
mode(),有些資料集使用 ``NaN`` （非數）來表示缺漏的資料。由於 NaN 具有特殊的比較語義，在排序資料或是統計出現次數的統計函數中，會引發意料之外或是未定義的行為。受影響的函數包含 ``median()``、``median_low()``、 ``median_high()``、 ``median_grouped()``、 ``mode()``、 ``multimode()`` 以及 ``quantiles()``。在呼叫這些函數之前，應該先移除 NaN 值：,1,1,Medium,Other,statistics.po
multimode(),有些資料集使用 ``NaN`` （非數）來表示缺漏的資料。由於 NaN 具有特殊的比較語義，在排序資料或是統計出現次數的統計函數中，會引發意料之外或是未定義的行為。受影響的函數包含 ``median()``、``median_low()``、 ``median_high()``、 ``median_grouped()``、 ``mode()``、 ``multimode()`` 以及 ``quantiles()``。在呼叫這些函數之前，應該先移除 NaN 值：,1,1,Medium,Other,statistics.po
quantiles(),有些資料集使用 ``NaN`` （非數）來表示缺漏的資料。由於 NaN 具有特殊的比較語義，在排序資料或是統計出現次數的統計函數中，會引發意料之外或是未定義的行為。受影響的函數包含 ``median()``、``median_low()``、 ``median_high()``、 ``median_grouped()``、 ``mode()``、 ``multimode()`` 以及 ``quantiles()``。在呼叫這些函數之前，應該先移除 NaN 值：,1,1,Medium,Other,statistics.po
nice example of a Naive Bayesian Classifier httpsen.wikipedia.orgwikiNaive_Bayes_classifierPerson_classification,維基百科有個 `Naive Bayesian Classifier 的優良範例 <https://en.wikipedia.org/wiki/Naive_Bayes_classifier#Person_classification>`_。課題為從身高、體重與鞋子尺寸等符合常態分布的特徵量測值中判斷一個人的性別。,1,1,Medium,Other,statistics.po
The *errors* parameter was added.,新增 *errors* 參數。,1,1,High,Exceptions,logging.handlers.po
ErrorHandler,ErrorHandler 物件,1,1,High,Exceptions,xml.sax.handler.po
:mod:`!math` --- Mathematical functions,:mod:`!math` --- 數學函式,1,1,Medium,Code Elements,math.po
gcd(),回傳指定整數引數的最大公因數。若存在任一非零引數，回傳值為所有引數共有因數中最大的正整數。若所有引數皆為零，則回傳值為 ``0``。``gcd()`` 若未傳入任何引數也將回傳 ``0``。,1,1,Medium,Other,math.po
lcm(),回傳指定整數引數的最小公倍數。若所有引數值皆非零，回傳值為所有引數共有倍數中最小的正整數。若存在任一引數值為零，則回傳值為 ``0``。``lcm()`` 若未傳入任何引數將回傳 ``1``。,1,1,Medium,Other,math.po
Connection.recv() uses pickle multiprocessing-recv-pickle-security,:mod:`multiprocessing`：:ref:`Connection.recv() 使用 pickle <multiprocessing-recv-pickle-security>`,1,1,Medium,Other,security_warnings.po
entry_points(),>>> eps = entry_points(),1,1,Medium,Other,importlib.metadata.po
>>> eps = entry_points(),>>> eps = entry_points(),1,1,Medium,Other,importlib.metadata.po
await put(),如果 *maxsize* 小於或等於零，則佇列大小是無限制的。如果是大於 ``0`` 的整數，則當佇列達到 *maxsize* 時，``await put()`` 將會阻塞 (block)，直到某個元素被 :meth:`get` 取出。,1,1,Medium,Other,asyncio-queue.po
say_hello(),"def say_hello():
    print(""Hello, World!"")

say_hello()",1,1,Medium,Other,tokenize.po
d.new_child(),"回傳包含一個新對映的 :class:`ChainMap`， 新對映後面接著目前實例的所有現存對映。如果有給定 ``m``，``m`` 會成為那個最前面的新對映；若沒有指定，則會加上一個空 dict，如此一來呼叫 ``d.new_child()`` 就等同於 ``ChainMap({}, *d.maps)``。這個方法用於建立子上下文，而保持父對映的不變。",1,1,Medium,Other,collections.po
d.appendleft(d.pop()),當 deque 不是空的，向右輪轉一步和 ``d.appendleft(d.pop())`` 有相同意義，而向左輪轉亦等價於 ``d.append(d.popleft())``。,1,1,Medium,Other,collections.po
d.append(d.popleft()),當 deque 不是空的，向右輪轉一步和 ``d.appendleft(d.pop())`` 有相同意義，而向左輪轉亦等價於 ``d.append(d.popleft())``。,1,1,Medium,Other,collections.po
__add__(),自從 3.5 版本起，deque 開始支援 ``__add__()``、``__mul__()`` 和 ``__imul__()``。,1,1,Medium,Other,collections.po
__mul__(),自從 3.5 版本起，deque 開始支援 ``__add__()``、``__mul__()`` 和 ``__imul__()``。,1,1,Medium,Other,collections.po
__imul__(),自從 3.5 版本起，deque 開始支援 ``__add__()``、``__mul__()`` 和 ``__imul__()``。,1,1,Medium,Other,collections.po
rotate(),:meth:`~deque.rotate` 提供了可以用來實作 :class:`deque` 切片和刪除的方法。舉例來說，用純 Python 實作 ``del d[n]`` 需要用 ``rotate()`` 來定位要被移除的元素： ::,1,1,Medium,Other,collections.po
popleft(),"def delete_nth(d, n):
    d.rotate(-n)
    d.popleft()
    d.rotate(n)",1,1,Medium,Other,collections.po
_asdict(),">>> p = Point(x=11, y=22)
>>> p._asdict()
{'x': 11, 'y': 22}",1,1,Medium,Other,collections.po
OrderedDict(nt._asdict()),回傳一個常規 :class:`dict` 而非 :class:`OrderedDict`，自從 Python 3.7 開始，dict 已經保證有順序性，如果需要 :class:`OrderedDict` 所專屬的特性，推薦的解法是將結果專換成所需的類型：``OrderedDict(nt._asdict())``。,1,1,Medium,Other,collections.po
d.popitem(),一個一般的 :class:`dict` 可以用 ``d.popitem()`` 來效仿 OrderedDict 的 ``od.popitem(last=True)``，這保證會移除最右邊（最後一個）的元素。,1,1,Medium,Other,collections.po
list(od1.items())list(od2.items()),:class:`OrderedDict` 物件之間的相等性運算是會檢查順序是否相同的，大致等價於 ``list(od1.items())==list(od2.items())``。,1,1,Medium,Other,collections.po
:file:`{userbase}/lib/python{X.Y}`,:file:`{userbase}/lib/python{X.Y}`,1,1,Medium,Code Elements,sysconfig.po
:file:`{userbase}/include/python{X.Y}`,:file:`{userbase}/include/python{X.Y}`,1,1,Medium,Code Elements,sysconfig.po
:file:`{prefix}/lib/python{X.Y}`,:file:`{prefix}/lib/python{X.Y}`,1,1,Medium,Code Elements,sysconfig.po
:file:`{prefix}/include/python{X.Y}`,:file:`{prefix}/include/python{X.Y}`,1,1,Medium,Code Elements,sysconfig.po
raise a :exc:`LookupError`.,引發一個 :exc:`LookupError`。,1,1,High,Exceptions,contextvars.po
copy_context(),"ctx: Context = copy_context()
print(list(ctx.items()))",1,1,Medium,Other,contextvars.po
ProtocolError,ProtocolError 物件,1,1,High,Exceptions,xmlrpc.client.po
HMAC(key msg digest).digest(),"基於給定密鑰 *key* 和 *digest* 回傳 *msg* 的摘要。此函式等價於 ``HMAC(key, msg, digest).digest()``，但使用了優化的 C 或 行內實作（inline implementation），對放入記憶體的訊息能處理得更快。參數 *key*、*msg* 和 *digest* 在 :func:`~hmac.new` 中具有相同含義。",1,1,Medium,Other,hmac.po
heap.sort(),這兩個特性使得把 heap 當作一個標準的 Python list 檢視時不會出現意外：``heap[0]`` 是最小的物件，``heap.sort()`` 能保持 heap 的性質不變！,1,1,Medium,Other,heapq.po
described for compress() compress-wbits,*wbits* 參數控制歷史紀錄緩衝區的大小（或「視窗大小」），以及將使用的標頭和尾末格式。它與\ `前面敘述的 compress() <#compress-wbits>`__ 具有相同的含義。,1,1,Medium,Other,zlib.po
described for decompress() decompress-wbits,*wbits* 引數控制歷史紀錄緩衝區的大小（或「視窗大小」），以及期望的標頭和尾末格式。它與\ `前面敘述的 decompress() <#decompress-wbits>`__ 具有相同的含義。,1,1,Medium,Other,zlib.po
decompress(),如果 *zdict* 是一個可變物件 (mutable object)（例如一個 :class:`bytearray`），你不能在呼叫 :func:`decompressobj` 和第一次呼叫解壓縮器的 ``decompress()`` 方法之間修改它的內容。,1,1,Medium,Other,zlib.po
:class:`socketserver.TCPServer` Example,:class:`socketserver.TCPServer` 範例,1,1,Medium,Code Elements,socketserver.po
:class:`socketserver.UDPServer` Example,:class:`socketserver.UDPServer` 範例,1,1,Medium,Code Elements,socketserver.po
:class:`asyncio.TaskGroup`.,:class:`asyncio.TaskGroup`。,1,1,Medium,Code Elements,asyncio-task.po
res = await something(),res = await something(),1,1,Medium,Other,asyncio-task.po
Added the :attr:`exception` attribute.,新增 :attr:`exception` 屬性。,1,1,High,Exceptions,unittest.po
It should return a :class:`TestSuite`.,它應該回傳一個 :class:`TestSuite`。,1,1,Medium,Code Elements,unittest.po
raise exception exc,若為 ``True``，若有錯誤的 CSV 輸入則會引發 :exc:`Error`。預設為 ``False``。,1,1,High,Exceptions,csv.po
input.readline(),解碼二進位檔案 *input* 的內容，並將結果的二進位資料寫入 *output* 檔案。 *input* 和 *output* 必須是\ :term:`檔案物件 <file object>`。*input* 將被讀取，直到 ``input.readline()`` 回傳一個空的 bytes 物件為止。,1,1,Medium,Other,base64.po
input.read(),編碼二進位檔案 *input* 的內容，並將結果的 base64 編碼資料寫入 *output* 檔案。*input* 和 *output* 必須是\ :term:`檔案物件 <file object>`。*input* 將被讀取，直到 ``input.read()`` 回傳一個空的 bytes 物件為止。:func:`encode` 會在輸出的每 76 個位元組之後插入一個換行字元 (``b'\n'``)，並確保輸出始終以換行字元結尾，符合 :rfc:`2045` (MIME) 的規定。,1,1,Medium,Other,base64.po
variable would be global to the entire module.  This is error-prone as other functions within the module could be unintentionally using the global variable instead of a local name.  A,請注意，如果模組沒有將程式碼封裝在 ``main`` 函式中，而是直接將其放在 ``if __name__ == '__main__'`` 區塊中，則 ``phrase`` 變數對於整個模組來說將是全域的。這很容易出錯，因為模組中的其他函式可能會無意中使用此全域變數而不是區域變數。``main`` 函式解決了這個問題。,1,1,High,Exceptions,__main__.po
sys.exit(main()),特別是，要謹慎處理從 ``main`` 函式回傳字串。:func:`sys.exit` 會將字串引數直譯為失敗訊息，因此你的程式將有一個表示失敗的結束代碼 ``1``，並且該字串將被寫入 :data:`sys.stderr`。前面的 ``echo.py`` 範例使用慣例的 ``sys.exit(main())`` 進行示範。,1,1,Medium,Other,__main__.po
``__main__.py`` in Python Packages,Python 套件中的 ``__main__.py``,1,1,Medium,Code Elements,__main__.po
**Source code:** :source:`Lib/xml/`,**原始碼：**\ :source:`Lib/xml/`,1,1,Medium,Code Elements,xml.po
:mod:`xml.dom`: the DOM API definition,:mod:`xml.dom`：DOM API 定義,1,1,Medium,Code Elements,xml.po
``'xmlcharrefreplace'``,``'xmlcharrefreplace'``,1,1,Medium,Code Elements,codecs.po
:ref:`asyncio <asyncio-cli>`,:ref:`asyncio <asyncio-cli>`,1,1,Medium,Code Elements,cmdline.po
:ref:`sqlite3 <sqlite3-cli>`,:ref:`sqlite3 <sqlite3-cli>`,1,1,Medium,Code Elements,cmdline.po
digest()hash.digest,每種種類的 :dfn:`hash` 都有一個以其命名的建構函式方法。全部都會回傳具有相同簡單介面的雜湊物件。例如：可使用 :func:`sha256` 來建立 SHA-256 雜湊物件。現在你可以使用 :meth:`update <hash.update>` 方法向此物件提供\ :term:`類位元組物件 (bytes-like objects) <bytes-like object>`\ （通常是 :class:`bytes`）。在任何時候，你都可以使用 :meth:`digest() <hash.digest>` 或 :meth:`hexdigest() <hash.hexdigest>` 方法來要求它提供迄今為止傳遞給它的資料串聯的\ :dfn:`摘要 (digest)`。,1,1,Medium,Other,hashlib.po
hexdigest()hash.hexdigest,每種種類的 :dfn:`hash` 都有一個以其命名的建構函式方法。全部都會回傳具有相同簡單介面的雜湊物件。例如：可使用 :func:`sha256` 來建立 SHA-256 雜湊物件。現在你可以使用 :meth:`update <hash.update>` 方法向此物件提供\ :term:`類位元組物件 (bytes-like objects) <bytes-like object>`\ （通常是 :class:`bytes`）。在任何時候，你都可以使用 :meth:`digest() <hash.digest>` 或 :meth:`hexdigest() <hash.hexdigest>` 方法來要求它提供迄今為止傳遞給它的資料串聯的\ :dfn:`摘要 (digest)`。,1,1,Medium,Other,hashlib.po
Added the :meth:`!close` method.,新增 :meth:`!close` 方法。,1,1,Medium,Code Elements,xml.etree.elementtree.po
:mod:`!abc` --- Abstract Base Classes,:mod:`!abc` --- 抽象基底類別,1,1,Medium,Code Elements,abc.po
__subclasshook__,這裡定義的 :meth:`__subclasshook__` 類別方法說明任何在其 :attr:`~object.__dict__` (或在其透過 :attr:`~type.__mro__` 列表存取的基底類別) 中具有 :meth:`~object.__iter__` 方法的類別也都會被視為 ``MyIterable``。,1,1,Medium,Other,abc.po
A decorator indicating abstract methods.,用於表示抽象方法的裝飾器。,1,1,Medium,Other,abc.po
__isabstractmethod__,為了能正確地與 ABC 機制實作相互操作，描述器必須使用 :attr:`!__isabstractmethod__` 將自身標識為抽象的。一般來說，如果被用於組成描述器的任一方法是抽象的，則此屬性應當為 ``True``。 例如，Python 的內建 :class:`property` 所做的就等價於： ::,1,1,Medium,Other,abc.po
for true unless otherwise stated. (Important exception the Boolean operations,除非另有特別說明，產生 boolean 結果的操作或內建函式都會回傳 ``0`` 或 ``False`` 作為假值、``1`` 或 ``True`` 作為真值。（重要例外： boolean 運算 ``or`` 和 ``and`` 回傳的是其中一個運算元。）,1,1,High,Exceptions,stdtypes.po
1  max(x.bit_length() y.bit_length()),"在有限的二的補數表示法中執行這些計算（一個有效位元寬度為 ``1 + max(x.bit_length(), y.bit_length())`` 或以上）並至少有一個額外的符號擴展位元，便足以得到與無窮多個符號位元相同的結果。",1,1,Medium,Other,stdtypes.po
bit_length(),">>> n = -37
>>> bin(n)
'-0b100101'
>>> n.bit_length()
6",1,1,Medium,Other,stdtypes.po
bit_count(),">>> n = 19
>>> bin(n)
'0b10011'
>>> n.bit_count()
3
>>> (-n).bit_count()
3",1,1,Medium,Other,stdtypes.po
is_integer(),">>> (-2.0).is_integer()
True
>>> (3.2).is_integer()
False",1,1,Medium,Other,stdtypes.po
:meth:`clear` and :meth:`!copy` methods.,:meth:`clear` 和 :meth:`!copy` 方法。,1,1,Medium,Code Elements,stdtypes.po
splitlines(),">>> """".splitlines()
[]
>>> ""One line\n"".splitlines()
['One line']",1,1,Medium,Other,stdtypes.po
isalnum(),">>> b'ABCabc1'.isalnum()
True
>>> b'ABC abc1'.isalnum()
False",1,1,Medium,Other,stdtypes.po
isalpha(),">>> b'ABCabc'.isalpha()
True
>>> b'ABCabc1'.isalpha()
False",1,1,Medium,Other,stdtypes.po
isdigit(),">>> b'1234'.isdigit()
True
>>> b'1.23'.isdigit()
False",1,1,Medium,Other,stdtypes.po
islower(),">>> b'hello world'.islower()
True
>>> b'Hello world'.islower()
False",1,1,Medium,Other,stdtypes.po
istitle(),">>> b'Hello World'.istitle()
True
>>> b'Hello world'.istitle()
False",1,1,Medium,Other,stdtypes.po
isupper(),">>> b'HELLO WORLD'.isupper()
True
>>> b'Hello world'.isupper()
False",1,1,Medium,Other,stdtypes.po
lower(),">>> b'Hello World'.lower()
b'hello world'",1,1,Medium,Other,stdtypes.po
swapcase(),">>> b'Hello World'.swapcase()
b'hELLO wORLD'",1,1,Medium,Other,stdtypes.po
tobytes(),">>> m = memoryview(b""abc"")
>>> m.tobytes()
b'abc'
>>> bytes(m)
b'abc'",1,1,Medium,Other,stdtypes.po
:class:`asyncio.Future`,:class:`asyncio.Future`,1,1,Medium,Code Elements,stdtypes.po
:class:`asyncio.Task`,:class:`asyncio.Task`,1,1,Medium,Code Elements,stdtypes.po
:class:`collections.defaultdict`,:class:`collections.defaultdict`,1,1,Medium,Code Elements,stdtypes.po
:class:`collections.OrderedDict`,:class:`collections.OrderedDict`,1,1,Medium,Code Elements,stdtypes.po
:class:`collections.Counter`,:class:`collections.Counter`,1,1,Medium,Code Elements,stdtypes.po
:class:`collections.ChainMap`,:class:`collections.ChainMap`,1,1,Medium,Code Elements,stdtypes.po
:class:`collections.abc.Awaitable`,:class:`collections.abc.Awaitable`,1,1,Medium,Code Elements,stdtypes.po
:class:`collections.abc.Coroutine`,:class:`collections.abc.Coroutine`,1,1,Medium,Code Elements,stdtypes.po
:class:`collections.abc.AsyncIterable`,:class:`collections.abc.AsyncIterable`,1,1,Medium,Code Elements,stdtypes.po
:class:`collections.abc.AsyncIterator`,:class:`collections.abc.AsyncIterator`,1,1,Medium,Code Elements,stdtypes.po
:class:`collections.abc.AsyncGenerator`,:class:`collections.abc.AsyncGenerator`,1,1,Medium,Code Elements,stdtypes.po
:class:`collections.abc.Iterable`,:class:`collections.abc.Iterable`,1,1,Medium,Code Elements,stdtypes.po
:class:`collections.abc.Iterator`,:class:`collections.abc.Iterator`,1,1,Medium,Code Elements,stdtypes.po
:class:`collections.abc.Generator`,:class:`collections.abc.Generator`,1,1,Medium,Code Elements,stdtypes.po
:class:`collections.abc.Reversible`,:class:`collections.abc.Reversible`,1,1,Medium,Code Elements,stdtypes.po
:class:`collections.abc.Container`,:class:`collections.abc.Container`,1,1,Medium,Code Elements,stdtypes.po
:class:`collections.abc.Collection`,:class:`collections.abc.Collection`,1,1,Medium,Code Elements,stdtypes.po
:class:`collections.abc.Callable`,:class:`collections.abc.Callable`,1,1,Medium,Code Elements,stdtypes.po
:class:`collections.abc.Set`,:class:`collections.abc.Set`,1,1,Medium,Code Elements,stdtypes.po
:class:`collections.abc.MutableSet`,:class:`collections.abc.MutableSet`,1,1,Medium,Code Elements,stdtypes.po
:class:`collections.abc.Mapping`,:class:`collections.abc.Mapping`,1,1,Medium,Code Elements,stdtypes.po
:class:`collections.abc.MutableMapping`,:class:`collections.abc.MutableMapping`,1,1,Medium,Code Elements,stdtypes.po
:class:`collections.abc.Sequence`,:class:`collections.abc.Sequence`,1,1,Medium,Code Elements,stdtypes.po
:class:`collections.abc.MutableSequence`,:class:`collections.abc.MutableSequence`,1,1,Medium,Code Elements,stdtypes.po
:class:`collections.abc.ByteString`,:class:`collections.abc.ByteString`,1,1,Medium,Code Elements,stdtypes.po
:class:`collections.abc.MappingView`,:class:`collections.abc.MappingView`,1,1,Medium,Code Elements,stdtypes.po
:class:`collections.abc.KeysView`,:class:`collections.abc.KeysView`,1,1,Medium,Code Elements,stdtypes.po
:class:`collections.abc.ItemsView`,:class:`collections.abc.ItemsView`,1,1,Medium,Code Elements,stdtypes.po
:class:`collections.abc.ValuesView`,:class:`collections.abc.ValuesView`,1,1,Medium,Code Elements,stdtypes.po
:class:`dataclasses.Field`,:class:`dataclasses.Field`,1,1,Medium,Code Elements,stdtypes.po
:class:`functools.cached_property`,:class:`functools.cached_property`,1,1,Medium,Code Elements,stdtypes.po
:class:`functools.partialmethod`,:class:`functools.partialmethod`,1,1,Medium,Code Elements,stdtypes.po
:class:`os.PathLike`,:class:`os.PathLike`,1,1,Medium,Code Elements,stdtypes.po
:class:`queue.LifoQueue`,:class:`queue.LifoQueue`,1,1,Medium,Code Elements,stdtypes.po
:class:`queue.Queue`,:class:`queue.Queue`,1,1,Medium,Code Elements,stdtypes.po
:class:`queue.PriorityQueue`,:class:`queue.PriorityQueue`,1,1,Medium,Code Elements,stdtypes.po
:class:`queue.SimpleQueue`,:class:`queue.SimpleQueue`,1,1,Medium,Code Elements,stdtypes.po
:class:`shelve.BsdDbShelf`,:class:`shelve.BsdDbShelf`,1,1,Medium,Code Elements,stdtypes.po
:class:`shelve.DbfilenameShelf`,:class:`shelve.DbfilenameShelf`,1,1,Medium,Code Elements,stdtypes.po
:class:`shelve.Shelf`,:class:`shelve.Shelf`,1,1,Medium,Code Elements,stdtypes.po
:class:`types.MappingProxyType`,:class:`types.MappingProxyType`,1,1,Medium,Code Elements,stdtypes.po
:class:`weakref.WeakKeyDictionary`,:class:`weakref.WeakKeyDictionary`,1,1,Medium,Code Elements,stdtypes.po
:class:`weakref.WeakMethod`,:class:`weakref.WeakMethod`,1,1,Medium,Code Elements,stdtypes.po
:class:`weakref.WeakSet`,:class:`weakref.WeakSet`,1,1,Medium,Code Elements,stdtypes.po
:class:`weakref.WeakValueDictionary`,:class:`weakref.WeakValueDictionary`,1,1,Medium,Code Elements,stdtypes.po
.  If a metaclass implements meth,新增了型別物件的 :meth:`!__or__` 方法來支援 ``X | Y`` 語法。如果元類別有實作 :meth:`!__or__`，則 Union 可以覆寫 (override) 它： ::,1,1,Medium,Other,stdtypes.po
__eq__(),__eq__()（實例方法）,1,1,Medium,Other,stdtypes.po
__ne__(),__ne__()（實例方法）,1,1,Medium,Other,stdtypes.po
__lt__(),__lt__()（實例方法）,1,1,Medium,Other,stdtypes.po
__le__(),__le__()（實例方法）,1,1,Medium,Other,stdtypes.po
__gt__(),__gt__()（實例方法）,1,1,Medium,Other,stdtypes.po
__ge__(),__ge__()（實例方法）,1,1,Medium,Other,stdtypes.po
floor(),floor()（於 math 模組）,1,1,Medium,Other,stdtypes.po
ceil(),ceil()（於 math 模組）,1,1,Medium,Other,stdtypes.po
trunc(),trunc()（於 math 模組）,1,1,Medium,Other,stdtypes.po
count(),count()（序列方法）,1,1,Medium,Other,stdtypes.po
index(),index()（序列方法）,1,1,Medium,Other,stdtypes.po
append(),append()（序列方法）,1,1,Medium,Other,stdtypes.po
extend(),extend()（序列方法）,1,1,Medium,Other,stdtypes.po
insert(),insert()（序列方法）,1,1,Medium,Other,stdtypes.po
remove(),remove()（序列方法）,1,1,Medium,Other,stdtypes.po
__missing__(),__missing__(),1,1,Medium,Other,stdtypes.po
LimitOverrunError,如果讀取的資料量超過了設定的串流限制，將會引發 :exc:`LimitOverrunError` 例外，資料將被留在內部緩衝區中，並可以再次被讀取。,1,1,High,Exceptions,asyncio-stream.po
sys.stdout.write() sys.stdout,一個旗標，預設為 true。若為 true，:meth:`cmdloop` 會使用 :func:`input` 來顯示提示字元並讀取下一個命令；若為 false，則會改用 :data:`sys.stdout.write() <sys.stdout>` 和 :data:`sys.stdin.readline() <sys.stdin>`。（這表示在支援的系統中，透過 import  :mod:`readline` module，直譯器將自動支援類似 :program:`Emacs` 的列編輯與命令歷史快捷鍵。）,1,1,Medium,Other,cmd.po
sys.stdin.readline() sys.stdin,一個旗標，預設為 true。若為 true，:meth:`cmdloop` 會使用 :func:`input` 來顯示提示字元並讀取下一個命令；若為 false，則會改用 :data:`sys.stdout.write() <sys.stdout>` 和 :data:`sys.stdin.readline() <sys.stdin>`。（這表示在支援的系統中，透過 import  :mod:`readline` module，直譯器將自動支援類似 :program:`Emacs` 的列編輯與命令歷史快捷鍵。）,1,1,Medium,Other,cmd.po
with no arguments. If any existing hooks raise an exception derived from class,呼叫 :func:`sys.addaudithook` 本身會引發一個不帶任何引數、名為 ``sys.addaudithook`` 的稽核事件。如果任何現有的 hook 引發從 :class:`RuntimeError` 衍生的例外，則不會添加新的 hook 並抑制異常。因此，除非呼叫者控制所有已存在的 hook，他們不能假設他們的 hook 已被添加。,1,1,High,Exceptions,sys.po
sys._current_exceptions,引發一個不附帶引數的\ :ref:`稽核事件 <auditing>` ``sys._current_exceptions``。,1,1,High,Exceptions,sys.po
__breakpointhook__,__breakpointhook__,1,1,Medium,Other,sys.po
__unraisablehook__,__unraisablehook__,1,1,Medium,Other,sys.po
:class:`importlib.abc.MetaPathFinder`,:class:`importlib.abc.MetaPathFinder`,1,1,Medium,Code Elements,sys.po
:class:`importlib.machinery.ModuleSpec`,:class:`importlib.machinery.ModuleSpec`,1,1,Medium,Code Elements,sys.po
Handle an unraisable exception.,處理一個不可被引發的例外。,1,1,High,Exceptions,sys.po
:attr:`!exc_type`: Exception type.,:attr:`!exc_type`: 例外型別。,1,1,High,Exceptions,sys.po
is_active(),"if ts.is_active():
    ...",1,1,Medium,Other,graphlib.po
()-._,"在 ``C`` 語言中被視為標點符號的 ASCII 字元的字串：``!""#$%&'()*+,-./:;<=>?@[\]^_`{|}~``。",1,1,Medium,Other,string.po
"an instance of :class:`asyncio.Future`,",一個 :class:`asyncio.Future` 的實例、,1,1,Medium,Code Elements,asyncio-future.po
"an instance of :class:`asyncio.Task`,",一個 :class:`asyncio.Task` 的實例、,1,1,Medium,Code Elements,asyncio-future.po
ensure_future(),包裝 (wrap) 了 *obj* 的 :class:`Task` 物件，如果 *obj* 是一個協程 (coroutine) (可以用 :func:`iscoroutine` 來進行檢查)；在此情況下該協程將透過 ``ensure_future()`` 來排程。,1,1,Medium,Other,asyncio-future.po
cancelled(),"if not fut.cancelled():
    fut.set_result(42)",1,1,Medium,Other,asyncio-future.po
:keyword:`import` statements.,:keyword:`import` 陳述式。,1,1,Medium,Code Elements,executionmodel.po
do_stuff(),"async def func(param1, param2):
    do_stuff()
    await some_coroutine()",1,1,Medium,Other,compound_stmts.po
some_coroutine(),"async def func(param1, param2):
    do_stuff()
    await some_coroutine()",1,1,Medium,Other,compound_stmts.po
:class:`array.array`,:class:`array.array`,1,1,Medium,Code Elements,compound_stmts.po
:class:`numbers.Number`,:class:`numbers.Number`,1,1,Medium,Code Elements,datamodel.po
:class:`numbers.Integral`,:class:`numbers.Integral`,1,1,Medium,Code Elements,datamodel.po
:class:`numbers.Real` (:class:`float`),:class:`numbers.Real` (:class:`float`),1,1,Medium,Code Elements,datamodel.po
__subclasses__(),">>> class A: pass
>>> class B(A): pass
>>> A.__subclasses__()
[<class 'B'>]",1,1,Medium,Other,datamodel.po
See also :envvar:`PYTHONHASHSEED`.,另請參閱 :envvar:`PYTHONHASHSEED`。,1,1,Medium,Code Elements,datamodel.po
__set_name__,"class A:
    x = C()  # 自動呼叫：x.__set_name__(A, 'x')",1,1,Medium,Other,datamodel.po
:class:`collections.abc.Buffer`,:class:`collections.abc.Buffer`,1,1,Medium,Code Elements,datamodel.po
__closure__,__closure__ （函式屬性）,1,1,Medium,Other,datamodel.po
__static_attributes__,__static_attributes__ （類別屬性）,1,1,Medium,Other,datamodel.po
__firstlineno__,__firstlineno__ （類別屬性）,1,1,Medium,Other,datamodel.po
makefile(),makefile() （socket 方法）,1,1,Medium,Other,datamodel.po
__getitem__(),__getitem__() （對映物件方法）,1,1,Medium,Other,datamodel.po
__str__(),__str__() （物件方法）,1,1,Medium,Other,datamodel.po
__format__(),__format__() （物件方法）,1,1,Medium,Other,datamodel.po
__len__(),__len__() （對映物件方法）,1,1,Medium,Other,datamodel.po
__classcell__,__classcell__ （類別命名空間項目）,1,1,Medium,Other,datamodel.po
__bool__(),__bool__() （物件方法）,1,1,Medium,Other,datamodel.po
__import__(),當使用任何機制（例如 ``importlib`` APIs、``import`` 或 ``import-from`` 陳述式，或內建的 ``__import__()``\ ）載入子模組時，會將子模組物件繫結到父模組的命名空間中。例如，如果套件 ``spam`` 有一個子模組 ``foo``，則在引入 ``spam.foo`` 之後，``spam`` 將擁有一個名為 ``foo`` 的屬性，該屬性繫結到子模組。我們假設你有以下的目錄結構： ::,1,1,Medium,Other,import.po
See :class:`types.ModuleType`.,參閱 :class:`types.ModuleType`。,1,1,Medium,Code Elements,import.po
The :keyword:`!import` statement,:keyword:`!import` 陳述式,1,1,Medium,Code Elements,simple_stmts.po
__traceback__,__traceback__（例外屬性）,1,1,Medium,Other,simple_stmts.po
:keyword:`await x <await>`,:keyword:`await x <await>`,1,1,Medium,Code Elements,expressions.po
asynchronous-generator,asynchronous-generator（非同步產生器）,1,1,Medium,Other,expressions.po
__call__(),__call__() （物件方法）,1,1,Medium,Other,expressions.po
:class:`subprocess.Popen`,:class:`subprocess.Popen`,1,1,Medium,Code Elements,3.13.po
:class:`dataclasses.dataclass`,:class:`dataclasses.dataclass`,1,1,Medium,Code Elements,3.13.po
:class:`types.SimpleNamespace`,:class:`types.SimpleNamespace`,1,1,Medium,Code Elements,3.13.po
:func:`~importlib.resources.is_resource`,:func:`~importlib.resources.is_resource`,1,1,Medium,Code Elements,3.13.po
:func:`~importlib.resources.open_binary`,:func:`~importlib.resources.open_binary`,1,1,Medium,Code Elements,3.13.po
:func:`~importlib.resources.open_text`,:func:`~importlib.resources.open_text`,1,1,Medium,Code Elements,3.13.po
:func:`~importlib.resources.path`,:func:`~importlib.resources.path`,1,1,Medium,Code Elements,3.13.po
:func:`~importlib.resources.read_binary`,:func:`~importlib.resources.read_binary`,1,1,Medium,Code Elements,3.13.po
:func:`~importlib.resources.read_text`,:func:`~importlib.resources.read_text`,1,1,Medium,Code Elements,3.13.po
PyObject_HasAttrStringWithError,:c:func:`PyObject_HasAttrStringWithError` 取代 :c:func:`PyObject_HasAttrString`。,1,1,High,Exceptions,3.13.po
PyMapping_HasKeyStringWithError,:c:func:`PyMapping_HasKeyStringWithError` 取代 :c:func:`PyMapping_HasKeyString`。,1,1,High,Exceptions,3.13.po
_PyDict_GetItemWithError,``_PyDict_GetItemWithError()``：:c:func:`PyDict_GetItemRef`；,1,1,High,Exceptions,3.13.po
_PyEval_SetTrace(),``_PyEval_SetTrace()``：:c:func:`PyEval_SetTrace` 或 :c:func:`PyEval_SetTraceAllThreads`；,1,1,Medium,Other,3.13.po
PyThreadState_GetUnchecked(),``_PyThreadState_UncheckedGet()``：:c:func:`PyThreadState_GetUnchecked()`；,1,1,Medium,Other,3.13.po
_PyTime_GetMonotonicClock(),``_PyTime_GetMonotonicClock()``：:c:func:`PyTime_Monotonic` 或 :c:func:`PyTime_MonotonicRaw`；,1,1,Medium,Other,3.13.po
_PyTime_GetPerfCounter(),``_PyTime_GetPerfCounter()``：:c:func:`PyTime_PerfCounter` 或 :c:func:`PyTime_PerfCounterRaw`；,1,1,Medium,Other,3.13.po
(error code _),"到目前為止，範例在最後一個 case 陳述式中單獨使用了 ``_``。萬用字元可以用在更複雜的模式中，像是 ``('error', code, _)``。例如： ::",1,1,High,Exceptions,3.10.po
staticmethod staticmethod,"靜態方法 (:func:`@staticmethod <staticmethod>`) 和類別方法 (:func:`@classmethod <classmethod>`) 現在繼承方法屬性 (``__module__``, ``__name__``, ``__qualname__``, ``__doc__``, ``__annotations__``) 並有一個新的 ``__wrapped__`` 屬性。此外，靜態方法現在可以像是常規函式般呼叫。（由 Victor Stinner 在 :issue:`43682` 中貢獻。）",1,1,Medium,Other,3.10.po
super(),未繫結變數 (unbound variable)、``super()`` 和其他可能會改變處理註釋之符號表 (symbol table) 的運算式，現在在 ``from __future__ import comments`` 下變得無效。（由 Batuhan Taskaya 在 :issue:`42725` 中貢獻。）,1,1,Medium,Other,3.10.po
contextlib.AsyncContextDecorator,新增 :class:`~contextlib.AsyncContextDecorator`，用於支援將非同步情境管理器作為裝飾器使用。,1,1,Medium,Other,3.10.po
importlib.metadata.packages_distributions() package-distributions,新增了 :ref:`importlib.metadata.packages_distributions() <package-distributions>` 用於將頂階 Python 模組和套件解析出 :ref:`importlib.metadata.Distribution <distributions>`。,1,1,Medium,Other,3.10.po
exception during equality comparisons if any of their parameters are not term,如果 ``Literal`` 物件的任一參數不是\ :term:`可雜湊的 <hashable>`，那麼它們現在將在相等性比較期間引發 :exc:`TypeError` 例外。請注意，使用不可雜湊的參數宣告 ``Literal`` 不會引發錯誤： ::,1,1,High,Exceptions,3.10.po
.readall(),對 :mod:`bz2` / :mod:`lzma` / :mod:`zlib` 模組使用新的輸出緩衝區管理程式碼，並將 ``.readall()`` 函式新增到 ``_compression.DecompressReader`` 類別。 bz2 解壓縮速度提高了 1.09x ~ 1.17x，lzma 解壓縮速度提高了 1.20x ~ 1.32x，``GzipFile.read(-1)`` 速度提高了 1.11x ~ 1.18x。（由 Ma Lin 於 :issue:`41486` 貢獻、由 Gregory P. Smith 審閱）,1,1,Medium,Other,3.10.po
_PyType_Lookup(),向 ``_PyType_Lookup()`` 新增微最佳化以提高快取命中的常見情況下的型別屬性快取查找性能。這使得直譯器平均速度提高了 1.04 倍。（由 Dino Viehland 在 :issue:`43452` 中貢獻。）,1,1,Medium,Other,3.10.po
. In future releases it will be changed to syntax warning and finally to syntax error. (Contributed by Serhiy Storchaka in issue,目前 Python 接受緊跟關鍵字的數字字面值 (numeric literals)，例如 ``0in x``、``1or x``、``0if 1else 2``。它允許了令人困惑和不明確的運算式，例如 ``[0x1for x in y]`` （可以直譯為 ``[0x1 for x in y]`` 或 ``[0x1f or x in y]`` ）。從此版本開始，如果數字字面值後緊跟關鍵字 :keyword:`and`、:keyword:`else`、:keyword:`for`、:keyword:`if`、:keyword:`in`、:keyword:`is` 與 :keyword:`or` 其中之一，則會引發棄用警告。在未來的版本中，它將被變更為語法警告，最後成為為語法錯誤。（由 Serhiy Storchaka 在 :issue:`43833` 中貢獻。）,1,1,High,Exceptions,3.10.po
module_repr(),引入系統現在在模組上使用 ``__spec__`` 屬性，然後才會回退使用 :meth:`!module_repr` 作為模組的 ``__repr__()`` 方法。計劃在 Python 3.12 中刪除 ``module_repr()`` 的使用。（由 Brett Cannon 在 :issue:`42137` 中貢獻。）,1,1,Medium,Other,3.10.po
cgi.log(),``cgi.log()`` 已棄用並計劃在 Python 3.12 中刪除。（由 Inada Naoki 在 :issue:`41139` 中貢獻。）,1,1,Medium,Other,3.10.po
__rfloordiv__,刪除了 :class:`complex` 類別的特殊方法 ``__int__``、``__float__``、``__floordiv__``、``__mod__``、``__divmod__``、``__rfloordiv__``、``__rmod__`` 和 ``__rdivmod__`` 。它們都會引發 :exc:`TypeError`。（由 Serhiy Storchaka 在 :issue:`41974` 中貢獻。）,1,1,Medium,Other,3.10.po
ParserBase.error(),``_markupbase`` 模組中私有、未於文件記錄的 ``ParserBase.error()`` 方法已被刪除。:class:`html.parser.HTMLParser` 是 ``ParserBase`` 的唯一子類別，它的 ``error()`` 實作已在 Python 3.5 中刪除。（由 Berker Peksag 在 :issue:`31844` 中貢獻。）,1,1,High,Exceptions,3.10.po
error(),``_markupbase`` 模組中私有、未於文件記錄的 ``ParserBase.error()`` 方法已被刪除。:class:`html.parser.HTMLParser` 是 ``ParserBase`` 的唯一子類別，它的 ``error()`` 實作已在 Python 3.5 中刪除。（由 Berker Peksag 在 :issue:`31844` 中貢獻。）,1,1,High,Exceptions,3.10.po
). In future releases it will be changed to syntax warning and finally to a syntax error.  To get rid of the warning and make the code compatible with future releases just add a space between the numeric literal and the following keyword. (Contributed by Serhiy Storchaka in issue,如果數字字面值後面緊跟關鍵字（如 ``0in x``），在以前是有效的語法，但現在在編譯時會發出棄用警告。在未來的版本中，它將更改為語法警告，最後更改為語法錯誤。要消除警告並使程式碼與未來版本相容，只需在數字字面值和以下關鍵字之間新增一個空格即可。（由 Serhiy Storchaka 在 :issue:`43833` 中貢獻。）,1,1,High,Exceptions,3.10.po
exception. (Contributed by Vladimir Matveev in issue,新增了 :c:func:`PyIter_Send` 函式，以允許將值發送到疊代器中，而不會引發 ``StopIteration`` 例外。（由 Vladimir Matveev 在 :issue:`41756` 中貢獻。）,1,1,High,Exceptions,3.10.po
PyGC_Enable(),新增函式以從 C 程式碼控制垃圾收集器：:c:func:`PyGC_Enable()`、:c:func:`PyGC_Disable()`、:c:func:`PyGC_IsEnabled()`。這些函式使得能夠從 C 程式碼啟用、停用和查詢垃圾收集器的狀態，而無需引入 :mod:`gc` 模組。,1,1,Medium,Other,3.10.po
PyGC_Disable(),新增函式以從 C 程式碼控制垃圾收集器：:c:func:`PyGC_Enable()`、:c:func:`PyGC_Disable()`、:c:func:`PyGC_IsEnabled()`。這些函式使得能夠從 C 程式碼啟用、停用和查詢垃圾收集器的狀態，而無需引入 :mod:`gc` 模組。,1,1,Medium,Other,3.10.po
PyGC_IsEnabled(),新增函式以從 C 程式碼控制垃圾收集器：:c:func:`PyGC_Enable()`、:c:func:`PyGC_Disable()`、:c:func:`PyGC_IsEnabled()`。這些函式使得能夠從 C 程式碼啟用、停用和查詢垃圾收集器的狀態，而無需引入 :mod:`gc` 模組。,1,1,Medium,Other,3.10.po
now fail with a compiler error. It prevents bugs like,":c:func:`PyList_SET_ITEM`、:c:func:`PyTuple_SET_ITEM` 和 :c:func:`PyCell_SET` 巨集不能再用作左值 (l-value) 或右值 (r-value)。例如，``x = PyList_SET_ITEM(a, b, c)`` 和 ``PyList_SET_ITEM(a, b, c) = x`` 現在會失敗並出現編譯器錯誤。它可以防止如 ``if (PyList_SET_ITEM (a, b, c) < 0) ...`` 測試之類的錯誤。（由 Zackery Spytz 和 Victor Stinner 在 :issue:`30459` 中貢獻。）",1,1,High,Exceptions,3.10.po
PyUnicode_GetMax(),刪除了 ``PyUnicode_GetMax()``。請改用新的 (:pep:`393`) API。（由 Inada Naoki 在 :issue:`41103` 中貢獻。）,1,1,Medium,Other,3.10.po
PyLong_FromUnicode(),刪除了 ``PyLong_FromUnicode()``。請改用 :c:func:`PyLong_FromUnicodeObject`。（由 Inada Naoki 在 :issue:`41103` 中貢獻。）,1,1,Medium,Other,3.10.po
PyUnicode_AsUnicodeCopy(),刪除了 ``PyUnicode_AsUnicodeCopy()``。請改用 :c:func:`PyUnicode_AsUCS4Copy` 或 :c:func:`PyUnicode_AsWideCharString` （由 Inada Naoki 在 :issue:`41103` 中貢獻。）,1,1,Medium,Other,3.10.po
PyOS_InitInterrupts(),刪除了未被說明文件記錄的 ``PyOS_InitInterrupts()`` 函式。初始化 Python 已經隱式安裝信號處理程式：請參閱 :c:member:`PyConfig.install_signal_handlers`。（由 Victor Stinner 在 :issue:`41713` 中貢獻。）,1,1,Medium,Other,3.10.po
PyAST_Validate(),刪除 ``PyAST_Validate()`` 函式。不再可能使用公開 C API 來建置 AST 物件（``mod_ty`` 類型）。該函式已被排除在受限 C API 之外 (:pep:`384`)。（由 Victor Stinner 在 :issue:`43244` 中貢獻。）,1,1,Medium,Other,3.10.po
``Py_SymtableString()``,``Py_SymtableString()``,1,1,Medium,Code Elements,3.10.po
``PyParser_ASTFromFile()``,``PyParser_ASTFromFile()``,1,1,Medium,Code Elements,3.10.po
``PyParser_ASTFromFilename()``,``PyParser_ASTFromFilename()``,1,1,Medium,Code Elements,3.10.po
``PyParser_ASTFromString()``,``PyParser_ASTFromString()``,1,1,Medium,Code Elements,3.10.po
:pep:`494` - Python 3.6 Release Schedule,:pep:`494` - Python 3.6 發佈時程,1,1,Medium,Code Elements,3.6.po
aiter(),result = [i async for i in aiter() if i % 2],1,1,Medium,Other,3.6.po
fun(),result = [await fun() for fun in funcs if await condition()],1,1,Medium,Other,3.6.po
condition(),result = [await fun() for fun in funcs if await condition()],1,1,Medium,Other,3.6.po
configparser.ParsingError,:class:`configparser.ParsingError` 不再具有 ``filename`` 屬性或引數。請改用 ``source`` 屬性和引數。,1,1,High,Exceptions,3.12.po
``imp.NullImporter``,``imp.NullImporter``,1,1,Medium,Code Elements,3.12.po
cache_from_source(),``imp.cache_from_source()``,1,1,Medium,Other,3.12.po
:func:`importlib.util.cache_from_source`,:func:`importlib.util.cache_from_source`,1,1,Medium,Code Elements,3.12.po
``imp.find_module()``,``imp.find_module()``,1,1,Medium,Code Elements,3.12.po
:func:`importlib.util.find_spec`,:func:`importlib.util.find_spec`,1,1,Medium,Code Elements,3.12.po
get_magic(),``imp.get_magic()``,1,1,Medium,Other,3.12.po
:const:`importlib.util.MAGIC_NUMBER`,:const:`importlib.util.MAGIC_NUMBER`,1,1,Medium,Code Elements,3.12.po
get_suffixes(),``imp.get_suffixes()``,1,1,Medium,Other,3.12.po
get_tag(),``imp.get_tag()``,1,1,Medium,Other,3.12.po
``imp.load_module()``,``imp.load_module()``,1,1,Medium,Code Elements,3.12.po
:func:`importlib.import_module`,:func:`importlib.import_module`,1,1,Medium,Code Elements,3.12.po
reload(),``imp.reload()``,1,1,Medium,Other,3.12.po
:func:`importlib.reload`,:func:`importlib.reload`,1,1,Medium,Code Elements,3.12.po
source_from_cache(),``imp.source_from_cache()``,1,1,Medium,Other,3.12.po
:func:`importlib.util.source_from_cache`,:func:`importlib.util.source_from_cache`,1,1,Medium,Code Elements,3.12.po
init_builtin(),``imp.init_builtin()``,1,1,Medium,Other,3.12.po
load_compiled(),``imp.load_compiled()``,1,1,Medium,Other,3.12.po
load_dynamic(),``imp.load_dynamic()``,1,1,Medium,Other,3.12.po
``imp.load_package()``,``imp.load_package()``,1,1,Medium,Code Elements,3.12.po
load_package(),``imp.load_package()``,1,1,Medium,Other,3.12.po
SEARCH_ERROR,``imp.find_module()`` 常數：``SEARCH_ERROR``、``PY_SOURCE``、``PY_COMPILED``、``C_EXTENSION``、``PY_RESOURCE``、``PKG_DIRECTORY``、``C_BUILTIN``、``PY_FROZEN``、``PY_CODERESOURCE``、``IMP_HOOK``。,1,1,High,Exceptions,3.12.po
enable_shared_cache(),``sqlite3.enable_shared_cache()``,1,1,Medium,Other,3.12.po
PyUnstable_Code_NewWithPosOnlyArgs(),``PyUnstable_Code_NewWithPosOnlyArgs()``\ （自 ``PyCode_NewWithPosOnlyArgs`` 重新命名）,1,1,Medium,Other,3.12.po
PyUnstable_Eval_RequestCodeExtraIndex(),``PyUnstable_Eval_RequestCodeExtraIndex()``\ （自 ``_PyEval_RequestCodeExtraIndex`` 重新命名）,1,1,Medium,Other,3.12.po
get_all_links(),"for link in get_all_links():
    if link.followed:
        continue
    ...",1,1,Medium,Other,2.4.po
"@A
@B
@C
def f ():
    ...","@A
@B
@C
def f ():
    ...",1,1,Medium,Other,2.4.po
"def f(): ...
f = A(B(C(f)))","def f(): ...
f = A(B(C(f)))",1,1,Medium,Other,2.4.po
PythonDecoratorLibrary,https://wiki.python.org/moin/PythonDecoratorLibrary,1,1,Medium,Other,2.4.po
sqrt(),">>> d.sqrt()
Decimal(""351364.1828820134592177245001"")",1,1,Medium,Other,2.4.po
:pep:`398` - Python 3.3 Release Schedule,:pep:`398` - Python 3.3 發佈時程,1,1,Medium,Code Elements,3.3.po
abc.abstractclassmethod,:class:`abc.abstractclassmethod` 已被棄用，請改用 :class:`classmethod` 和 :func:`abc.abstractmethod`。,1,1,Medium,Other,3.3.po
abc.abstractstaticmethod,:class:`abc.abstractstaticmethod` 已被棄用，請改用 :class:`staticmethod` 和 :func:`abc.abstractmethod`。,1,1,Medium,Other,3.3.po
Py_UNICODE_strlen(),:c:macro:`!Py_UNICODE_strlen()`：使用 :c:func:`PyUnicode_GetLength` 或 :c:macro:`PyUnicode_GET_LENGTH`,1,1,Medium,Other,3.3.po
Py_UNICODE_strcat(),:c:macro:`!Py_UNICODE_strcat()`：使用 :c:func:`PyUnicode_CopyCharacters` 或 :c:func:`PyUnicode_FromFormat`,1,1,Medium,Other,3.3.po
Py_UNICODE_strcpy(),:c:macro:`!Py_UNICODE_strcpy()`、:c:macro:`!Py_UNICODE_strncpy()`、:c:macro:`!Py_UNICODE_COPY()`：使用 :c:func:`PyUnicode_CopyCharacters` 或 :c:func:`PyUnicode_Substring`,1,1,Medium,Other,3.3.po
Py_UNICODE_strncpy(),:c:macro:`!Py_UNICODE_strcpy()`、:c:macro:`!Py_UNICODE_strncpy()`、:c:macro:`!Py_UNICODE_COPY()`：使用 :c:func:`PyUnicode_CopyCharacters` 或 :c:func:`PyUnicode_Substring`,1,1,Medium,Other,3.3.po
Py_UNICODE_strchr(),":c:macro:`!Py_UNICODE_strchr()`, :c:macro:`!Py_UNICODE_strrchr()`: 使用 :c:func:`PyUnicode_FindChar`",1,1,Medium,Other,3.3.po
Py_UNICODE_strrchr(),":c:macro:`!Py_UNICODE_strchr()`, :c:macro:`!Py_UNICODE_strrchr()`: 使用 :c:func:`PyUnicode_FindChar`",1,1,Medium,Other,3.3.po
. These enhanced errors can also be helpful when dealing with deeply nested class,前一版本的直譯器只會標明是哪一行，無法辨認哪一個物件是 ``None``。當處理多層的巢狀 :class:`dict` 物件和多個函式呼叫時，這種強化錯誤提示也可能非常有用：,1,1,High,Exceptions,3.11.po
BaseException.add_note,新增 :meth:`~BaseException.add_note` 方法到 :exc:`BaseException`。當上下文資訊在例外被引發時無法被取得，這個方法就可以用來為例外添加更多資訊。被添加的註解會在預設回溯中出現。,1,1,High,Exceptions,3.11.po
dataclass_transform(),:data:`~typing.dataclass_transform` 可以用來裝飾一個類別、元類別 (metaclass)、或是一個本身就是裝飾器的函式。``@dataclass_transform()`` 的存在會讓一個靜態型別檢查器知道被裝飾物件會在運行程式做出轉換類別的「魔法」，賦予其類似 :func:`dataclass <dataclasses.dataclass>` 的行為。,1,1,Medium,Other,3.11.po
sys.exc_info()1.__traceback__,當一個仍有效的例外被 :keyword:`raise` 陳述式在沒有參數的情況下重新引發，被附於該例外的追蹤資訊現在都會是 ``sys.exc_info()[1].__traceback__``。這代表對於目前 :keyword:`except` 子句的追蹤上做的改動會反映在被重複引發的例外上。（由 Irit Katriel 於 :issue:`45711` 中貢獻。）,1,1,Medium,Other,3.11.po
clause are reflected in the re-raised exception. (Contributed by Irit Katriel in issue,當一個仍有效的例外被 :keyword:`raise` 陳述式在沒有參數的情況下重新引發，被附於該例外的追蹤資訊現在都會是 ``sys.exc_info()[1].__traceback__``。這代表對於目前 :keyword:`except` 子句的追蹤上做的改動會反映在被重複引發的例外上。（由 Irit Katriel 於 :issue:`45711` 中貢獻。）,1,1,High,Exceptions,3.11.po
Enum.__format__() enum.Enum.__format__,改變了 :meth:`Enum.__format__() <enum.Enum.__format__>` （被 :func:`format`、:meth:`str.format` 和 :term:`f-string` 預設使用），以使其與 :meth:`enum.Enum.__str__ <enum.Enum.__str__>` 產生相同結果：對於繼承自 :class:`~enum.ReprEnum` 的列舉，這會是成員之值；而其他的列舉會是列舉與成員名稱（例如 ``Color.RED``）。,1,1,Medium,Other,3.11.po
Enum.__str__() enum.Enum.__str__,改變了 :meth:`Enum.__format__() <enum.Enum.__format__>` （被 :func:`format`、:meth:`str.format` 和 :term:`f-string` 預設使用），以使其與 :meth:`enum.Enum.__str__ <enum.Enum.__str__>` 產生相同結果：對於繼承自 :class:`~enum.ReprEnum` 的列舉，這會是成員之值；而其他的列舉會是列舉與成員名稱（例如 ``Color.RED``）。,1,1,Medium,Other,3.11.po
types.DynamicClassAttribute,新增 :func:`~enum.property` 裝飾器，它的作用類似 :func:`property` 但是是用於列舉，用以替代 :func:`types.DynamicClassAttribute`。,1,1,Medium,Other,3.11.po
SocketHandler.createSocket() logging.handlers.SocketHandler.createSocket,添加了一個 :meth:`~logging.handlers.SysLogHandler.createSocket` 方法到 :class:`~logging.handlers.SysLogHandler`，以匹配 :meth:`SocketHandler.createSocket() <logging.handlers.SocketHandler.createSocket>` 。如果沒有已啟用的 socket，它會在處理程式初始化期間和發出一個事件時自動呼叫。（由 Kirill Pinchuk 在 :gh:`88457` 中貢獻。）,1,1,Medium,Other,3.11.po
BCryptGenRandom(),在 Windows 上，:func:`os.urandom` 現在使用 ``BCryptGenRandom()`` 以取代被棄用的 ``CryptGenRandom()``。（由 Donghee Na 於 :issue:`44611` 中所貢獻。）,1,1,Medium,Other,3.11.po
CryptGenRandom(),在 Windows 上，:func:`os.urandom` 現在使用 ``BCryptGenRandom()`` 以取代被棄用的 ``CryptGenRandom()``。（由 Donghee Na 於 :issue:`44611` 中所貢獻。）,1,1,Medium,Other,3.11.po
sqlite3.ProgrammingError,定序 (collation) 名稱 :meth:`~sqlite3.Connection.create_collation` 現在可以包含任何 Unicode 字元。帶有無效字元的定序名稱現在會引發 :exc:`UnicodeEncodeError` 而不是 :exc:`sqlite3.ProgrammingError`。（由 Erlend E. Aasland 在 :issue:`44688` 中貢獻。）,1,1,High,Exceptions,3.11.po
sqlite3.Error.sqlite_errorcode,:mod:`sqlite3` 例外現在包含 SQLite 擴充錯誤碼和 SQLite 錯誤名稱（分別為 :attr:`~sqlite3.Error.sqlite_errorcode` 和 :attr:`~sqlite3.Error.sqlite_errorname`）。（由 Aviv Palivoda、Daniel Shahaf 和 Erlend E. Aasland 在 :issue:`16379` 和 :issue:`24139` 中貢獻。）,1,1,High,Exceptions,3.11.po
sqlite3.Error.sqlite_errorname,:mod:`sqlite3` 例外現在包含 SQLite 擴充錯誤碼和 SQLite 錯誤名稱（分別為 :attr:`~sqlite3.Error.sqlite_errorcode` 和 :attr:`~sqlite3.Error.sqlite_errorname`）。（由 Aviv Palivoda、Daniel Shahaf 和 Erlend E. Aasland 在 :issue:`16379` 和 :issue:`24139` 中貢獻。）,1,1,High,Exceptions,3.11.po
sqlite3.InterfaceError,跨越不同回滾 (rollback) 的拿取動作不再引發 :exc:`~sqlite3.InterfaceError`，我們將其留給 SQLite 函式庫來處理這些情況。（由 Erlend E. Aasland 在 :issue:`44092` 中貢獻。）,1,1,High,Exceptions,3.11.po
(the exception instance) so when an exception is modified while it is being handled the changes are reflected in the results of subsequent calls to func,:func:`sys.exc_info` 現在從 ``value``\ （例外實例）衍生出 ``type`` 和 ``traceback`` 欄位，因此當例外在處理過程中被修改時，變更會反映在 :func:`!exc_info` 後續呼叫的結果中。（由 Irit Katriel 在 :issue:`45711` 中貢獻。）,1,1,High,Exceptions,3.11.po
sys.exc_info()1,新增會回傳活躍例外實例 (active exception instance) 的 :func:`sys.exception`\ （等價於 ``sys.exc_info()[1]``\ ）。（由 Irit Katriel 於 :issue:`46328` 中所貢獻。）,1,1,Medium,Other,3.11.po
sem_clockwait(),在 Unix 上，如果 ``sem_clockwait()`` 函式在 C 函式庫（glibc 2.30 與其更新的版本）中可被使用，則 :meth:`threading.Lock.acquire` 方法現在會使用單調時鐘 (:const:`time. CLOCK_MONOTONIC`) 用於超時 (timeout)，而不是使用系統時鐘 (:const:`time.CLOCK_REALTIME`)，以免受系統時鐘變化的影響。 由 Victor Stinner 在 :issue:`41710` 中貢獻。）,1,1,Medium,Other,3.11.po
info_patchlevel(),新增了 ``info_patchlevel()`` 方法，它會回傳 Tcl 函式庫的確切版本以作為類似於 :data:`sys.version_info` 的附名元組。（由 Serhiy Storchaka 在 :gh:`91827` 中貢獻。）,1,1,Medium,Other,3.11.po
traceback.TracebackException.print,新增 :func:`traceback.TracebackException.print`，它會印出格式化的 :exc:`~traceback.TracebackException` 實例至一個檔案。（由 Irit Katriel 在 :issue:`33809` 中貢獻。）,1,1,High,Exceptions,3.11.po
traceback.TracebackException,新增 :func:`traceback.TracebackException.print`，它會印出格式化的 :exc:`~traceback.TracebackException` 實例至一個檔案。（由 Irit Katriel 在 :issue:`33809` 中貢獻。）,1,1,High,Exceptions,3.11.po
__final__,:func:`typing.final` 裝飾器現在會在被裝飾的物件上設定 ``__final__`` 屬性。（由 Serhiy Storchaka 於 :gh:`90500` 中所貢獻。）,1,1,Medium,Other,3.11.po
get_args(Tuple()),"空元組型別 (``Tuple[()]``) 的表示法得到簡化，這會影響自我檢查 (introspection)，例如 ``get_args(Tuple[()])`` 的求值現在會是 ``()`` 而不是 ``((),)``。（由 Serhiy Storchaka 在 :gh:`91137` 中貢獻。）",1,1,Medium,Other,3.11.po
(()),"空元組型別 (``Tuple[()]``) 的表示法得到簡化，這會影響自我檢查 (introspection)，例如 ``get_args(Tuple[()])`` 的求值現在會是 ``()`` 而不是 ``((),)``。（由 Serhiy Storchaka 在 :gh:`91137` 中貢獻。）",1,1,Medium,Other,3.11.po
typing.ClassVar,:func:`typing.get_type_hints` 現在支援為無修飾 (bare) 字串化 (stringified) 的 :data:`~typing.ClassVar` 標註來求值。（由 Gregory Beauregard 在 :gh:`90711` 中貢獻。）,1,1,Medium,Other,3.11.po
unittest.TestCase.enterClassContext,新增 :class:`~unittest.TestCase` 類別的 :meth:`~unittest.TestCase.enterContext` 與 :meth:`~unittest.TestCase.enterClassContext` 方法、 :class:`~unittest.IsolatedAsyncioTestCase` 類別 的 :meth:`~unittest.IsolatedAsyncioTestCase.enterAsyncContext` 方法、:func:`unittest.enterModuleContext` 函式。（由 Serhiy Storchaka 於 :issue:`45046` 貢獻。）,1,1,Medium,Other,3.11.po
ZipFile.mkdir() zipfile.ZipFile.mkdir,新增 :meth:`ZipFile.mkdir() <zipfile.ZipFile.mkdir>` 以在 ZIP 歸檔中建立新的目錄。（由 Sam Ezeh 於 :gh:`49083` 貢獻。）,1,1,Medium,Other,3.11.po
meth(),``o.meth()``,1,1,Medium,Other,3.11.po
new exception groups and except whatsnew311-pep654,:opcode:`CHECK_EG_MATCH` 和 :opcode:`!PREP_RERAISE_STAR`，處理 :pep:`654` 所加入的\ :ref:`新增例外群組和 except* <whatsnew311-pep654>`。,1,1,High,Exceptions,3.11.po
:opcode:`!CALL_FUNCTION`,:opcode:`!CALL_FUNCTION`,1,1,Medium,Code Elements,3.11.po
:opcode:`!CALL_FUNCTION_KW`,:opcode:`!CALL_FUNCTION_KW`,1,1,Medium,Code Elements,3.11.po
:opcode:`!CALL_METHOD`,:opcode:`!CALL_METHOD`,1,1,Medium,Code Elements,3.11.po
ParsingError,:attr:`!configparser.ParsingError.filename` 屬性,1,1,High,Exceptions,3.11.po
:func:`!importlib.resources.contents`,:func:`!importlib.resources.contents`,1,1,Medium,Code Elements,3.11.po
:func:`!importlib.resources.is_resource`,:func:`!importlib.resources.is_resource`,1,1,Medium,Code Elements,3.11.po
:func:`!importlib.resources.open_binary`,:func:`!importlib.resources.open_binary`,1,1,Medium,Code Elements,3.11.po
:func:`!importlib.resources.open_text`,:func:`!importlib.resources.open_text`,1,1,Medium,Code Elements,3.11.po
:func:`!importlib.resources.read_binary`,:func:`!importlib.resources.read_binary`,1,1,Medium,Code Elements,3.11.po
:func:`!importlib.resources.read_text`,:func:`!importlib.resources.read_text`,1,1,Medium,Code Elements,3.11.po
:func:`!importlib.resources.path`,:func:`!importlib.resources.path`,1,1,Medium,Code Elements,3.11.po
The :mod:`!asynchat` module,:mod:`!asynchat` 模組,1,1,Medium,Code Elements,3.11.po
The :mod:`!asyncore` module,:mod:`!asyncore` 模組,1,1,Medium,Code Elements,3.11.po
:func:`!importlib.find_loader`,:func:`!importlib.find_loader`,1,1,Medium,Code Elements,3.11.po
:class:`!pkgutil.ImpImporter`,:class:`!pkgutil.ImpImporter`,1,1,Medium,Code Elements,3.11.po
:class:`!pkgutil.ImpLoader`,:class:`!pkgutil.ImpLoader`,1,1,Medium,Code Elements,3.11.po
Signature.from_callable() inspect.Signature.from_callable,Python 3.5 中停用且沒有被紀錄於文件上的 :meth:`!Signature.from_builtin` 和 :meth:`!Signature.from_function` 方法；改用 :meth:`Signature.from_callable() <inspect.Signature.from_callable>` 方法。,1,1,Medium,Other,3.11.po
PyErr_GetHandledException,添加了兩個新函式來獲得和設置仍在作用的例外實例：:c:func:`PyErr_GetHandledException` 和 :c:func:`PyErr_SetHandledException`。這些是 :c:func:`PyErr_SetExcInfo()` 和 :c:func:`PyErr_GetExcInfo()` 的替代品，它們與例外的遺留三元組表示法一起作用。（由 Irit Katriel 在 :issue:`46343` 中貢獻。）,1,1,High,Exceptions,3.11.po
PyErr_SetHandledException,添加了兩個新函式來獲得和設置仍在作用的例外實例：:c:func:`PyErr_GetHandledException` 和 :c:func:`PyErr_SetHandledException`。這些是 :c:func:`PyErr_SetExcInfo()` 和 :c:func:`PyErr_GetExcInfo()` 的替代品，它們與例外的遺留三元組表示法一起作用。（由 Irit Katriel 在 :issue:`46343` 中貢獻。）,1,1,High,Exceptions,3.11.po
arguments the interpreter now derives those values from the exception instance (the,:c:func:`PyErr_SetExcInfo()` 不再使用 ``type`` 和 ``traceback`` 引數，直譯器現在從例外實例（``value`` 引數）中獲得這些值。該函式仍會偷用這三個引數的參照。（由 Irit Katriel 在 :issue:`45711` 中貢獻。）,1,1,High,Exceptions,3.11.po
fields of the result from the exception instance (the,:c:func:`PyErr_GetExcInfo()` 現在從例外實例的結果（``value`` 欄位）中導出 ``type`` 和 ``traceback`` 欄位。（由 Irit Katriel 在 :issue:`45711` 中貢獻。）,1,1,High,Exceptions,3.11.po
exception_table,:c:func:`!PyCode_New` 和 :c:func:`!PyCode_NewWithPosOnlyArgs` 現在採用額外的 ``exception_table`` 引數。如果可能的話應該避免使用這些函式。要取得自定義程式碼物件，使用編譯器建立一個程式碼物件，然後使用 ``replace`` 方法來得到修改後的版本。,1,1,High,Exceptions,3.11.po
Py_TYPE(),"由於 :c:func:`Py_TYPE()` 更改為行內靜態函式 (inline static function)，因此 ``Py_TYPE(obj) = new_type`` 必須替換為 ``Py_SET_TYPE(obj, new_type)``：參見 :c:func:`Py_SET_TYPE()` 函式（自 Python 3.9 起可用）。為了向後相容，可以使用這個巨集：",1,1,Medium,Other,3.11.po
Py_SIZE(),"由於 :c:func:`Py_SIZE()` 更改為行內靜態函式，因此 ``Py_SIZE(obj) = new_size`` 必須替換為 ``Py_SET_SIZE(obj, new_size)``：參見 :c:func:`Py_SET_SIZE()` 函式（自 Python 3.9 起可用）。為了向後相容，可以使用這個巨集：",1,1,Medium,Other,3.11.po
PyCode_Addr2Line(),``f_lasti``：使用 :c:func:`PyFrame_GetLasti`。程式碼中 ``f_lasti`` 有與 ``PyCode_Addr2Line()`` 同時使用的部分應該改用 :c:func:`PyFrame_GetLineNumber`；它可能會更快。,1,1,Medium,Other,3.11.po
``f_trace``: no public API.,``f_trace``：無公開 API。,1,1,Medium,Code Elements,3.11.po
PyFrame_FastToLocalsWithError,直接存取 :attr:`~frame.f_locals` 的除錯器\ *必須*\ 改為呼叫 :c:func:`PyFrame_GetLocals`。他們不再需要呼叫 :c:func:`!PyFrame_FastToLocalsWithError` 或 :c:func:`!PyFrame_LocalsToFast`，事實上他們不應該呼叫這些函式。框架的必要更新現在由虛擬機管理。,1,1,High,Exceptions,3.11.po
PyThreadState_EnterTracing(),``PyThreadState_EnterTracing()`` 與 ``PyThreadState_LeaveTracing()`` 在 Python 3.10 以前的程式定義： ::,1,1,Medium,Other,3.11.po
PyThreadState_LeaveTracing(),``PyThreadState_EnterTracing()`` 與 ``PyThreadState_LeaveTracing()`` 在 Python 3.10 以前的程式定義： ::,1,1,Medium,Other,3.11.po
:c:func:`!Py_SetPythonHome`,:c:func:`!Py_SetPythonHome`,1,1,Medium,Code Elements,3.11.po
Py_SET_ERRNO_ON_MATH_ERROR,``Py_SET_ERRNO_ON_MATH_ERROR()``,1,1,High,Exceptions,3.11.po
PyUnicode_CopyCharacters(),移除在 Python 3.3 中棄用的 ``Py_UNICODE_COPY()`` 和 ``Py_UNICODE_FILL()``。請改用 ``PyUnicode_CopyCharacters()`` 或 ``memcpy()``\ （``wchar_t*`` 字串）和 ``PyUnicode_Fill()`` 函式。（由 Victor Stinner 於 :issue:`41123` 中所貢獻。）,1,1,Medium,Other,3.11.po
memcpy(),移除在 Python 3.3 中棄用的 ``Py_UNICODE_COPY()`` 和 ``Py_UNICODE_FILL()``。請改用 ``PyUnicode_CopyCharacters()`` 或 ``memcpy()``\ （``wchar_t*`` 字串）和 ``PyUnicode_Fill()`` 函式。（由 Victor Stinner 於 :issue:`41123` 中所貢獻。）,1,1,Medium,Other,3.11.po
PyUnicode_Fill(),移除在 Python 3.3 中棄用的 ``Py_UNICODE_COPY()`` 和 ``Py_UNICODE_FILL()``。請改用 ``PyUnicode_CopyCharacters()`` 或 ``memcpy()``\ （``wchar_t*`` 字串）和 ``PyUnicode_Fill()`` 函式。（由 Victor Stinner 於 :issue:`41123` 中所貢獻。）,1,1,Medium,Other,3.11.po
Py_FORCE_DOUBLE(),移除 ``Py_FORCE_DOUBLE()`` 巨集。它先前被用於 ``Py_IS_INFINITY()`` 巨集。（由 Victor Stinner 於 :issue:`45440` 中所貢獻。）,1,1,Medium,Other,3.11.po
Py_IS_INFINITY(),移除 ``Py_FORCE_DOUBLE()`` 巨集。它先前被用於 ``Py_IS_INFINITY()`` 巨集。（由 Victor Stinner 於 :issue:`45440` 中所貢獻。）,1,1,Medium,Other,3.11.po
PyHeapType_GET_MEMBERS(),移除 ``PyHeapType_GET_MEMBERS()`` 巨集，它是不小心才被放到公開的 C API 中，應該只能被 Python 內部所使用。請改用 ``PyTypeObject.tp_members``。（由 Victor Stinner 於 :issue:`40170` 中所貢獻。）,1,1,Medium,Other,3.11.po
The :class:`memoryview` object.,:class:`memoryview` 物件。,1,1,Medium,Code Elements,2.7.po
:meth:`~object.__lt__`,:meth:`~object.__lt__`,1,1,Medium,Code Elements,2.1.po
:meth:`~object.__le__`,:meth:`~object.__le__`,1,1,Medium,Code Elements,2.1.po
:meth:`~object.__gt__`,:meth:`~object.__gt__`,1,1,Medium,Code Elements,2.1.po
:meth:`~object.__ge__`,:meth:`~object.__ge__`,1,1,Medium,Code Elements,2.1.po
:meth:`~object.__eq__`,:meth:`~object.__eq__`,1,1,Medium,Code Elements,2.1.po
:meth:`~object.__ne__`,:meth:`~object.__ne__`,1,1,Medium,Code Elements,2.1.po
:pep:`392` - Python 3.2 Release Schedule,:pep:`392` - Python 3.2 發佈時程,1,1,Medium,Code Elements,3.2.po
inner(),"def outer(x):
    def inner():
        return x
    inner()
    del x",1,1,Medium,Other,3.2.po
"class C:
    __metaclass__ = M
    ...","class C:
    __metaclass__ = M
    ...",1,1,Medium,Other,3.0.po
__metaclass__,"class C:
    __metaclass__ = M
    ...",1,1,Medium,Other,3.0.po
"class C(metaclass=M):
    ...","class C(metaclass=M):
    ...",1,1,Medium,Other,3.0.po
:exc:`!StandardError` was removed.,:exc:`!StandardError` 已被移除。,1,1,High,Exceptions,3.0.po
exec(open(fn).read()),移除 :func:`!execfile`。請使用 ``exec(open(fn).read())`` 來替換 ``execfile(fn)``。,1,1,Medium,Other,3.0.po
:pep:`3118`: New Buffer API.,:pep:`3118`：新的緩衝 API。,1,1,Medium,Code Elements,3.0.po
:pep:`596` - Python 3.9 Release Schedule,:pep:`596` - Python 3.9 發佈時程,1,1,Medium,Code Elements,3.9.po
``_PyDebug_PrintTotalRefs()``,``_PyDebug_PrintTotalRefs()``,1,1,Medium,Code Elements,3.9.po
``_Py_PrintReferences()``,``_Py_PrintReferences()``,1,1,Medium,Code Elements,3.9.po
``_Py_PrintReferenceAddresses()``,``_Py_PrintReferenceAddresses()``,1,1,Medium,Code Elements,3.9.po
``PyAsyncGen_ClearFreeLists()``,``PyAsyncGen_ClearFreeLists()``,1,1,Medium,Code Elements,3.9.po
``PyContext_ClearFreeList()``,``PyContext_ClearFreeList()``,1,1,Medium,Code Elements,3.9.po
``PyDict_ClearFreeList()``,``PyDict_ClearFreeList()``,1,1,Medium,Code Elements,3.9.po
``PyFloat_ClearFreeList()``,``PyFloat_ClearFreeList()``,1,1,Medium,Code Elements,3.9.po
``PyFrame_ClearFreeList()``,``PyFrame_ClearFreeList()``,1,1,Medium,Code Elements,3.9.po
``PyList_ClearFreeList()``,``PyList_ClearFreeList()``,1,1,Medium,Code Elements,3.9.po
``PyTuple_ClearFreeList()``,``PyTuple_ClearFreeList()``,1,1,Medium,Code Elements,3.9.po
NullHandler(),">>> h = logging.NullHandler()
>>> logging.getLogger(""foo"").addHandler(h)",1,1,Medium,Other,3.1.po
:pep:`478` - Python 3.5 Release Schedule,:pep:`478` - Python 3.5 發佈時程,1,1,Medium,Code Elements,3.5.po
|python_x_dot_y_literal| ``myscript.py``,|python_x_dot_y_literal| ``myscript.py``,1,1,Medium,Code Elements,mac.po
Drag it to :program:`Python Launcher`.,把它拖曳到 :program:`Python Launcher`,1,1,Medium,Code Elements,mac.po
``libpython*.*.so``,``libpython*.*.so``,1,1,Medium,Code Elements,android.po
Werror,autoreconf -ivf -Werror,1,1,High,Exceptions,configure.po
Add :func:`sys.getobjects` function.,新增 :func:`sys.getobjects` 函式。,1,1,Medium,Code Elements,configure.po
Use ``Py_IMPORTED_SYMBOL`` otherwise.,否則使用 ``Py_IMPORTED_SYMBOL``。,1,1,Medium,Code Elements,configure.po
See also :envvar:`PYTHONNOUSERSITE`.,另請參閱 :envvar:`PYTHONNOUSERSITE`。,1,1,Medium,Code Elements,cmdline.po
See also :envvar:`PYTHONUNBUFFERED`.,另請參閱 :envvar:`PYTHONUNBUFFERED`。,1,1,Medium,Code Elements,cmdline.po
See also :envvar:`PYTHONVERBOSE`.,另請參閱 :envvar:`PYTHONVERBOSE`。,1,1,Medium,Code Elements,cmdline.po
